year,month,state,disease_name,total_cases
2018,1,Andhra Pradesh,Anxiety Disorder,2
2018,1,Andhra Pradesh,Asthma,1
2018,1,Andhra Pradesh,COVID-19,1
2018,1,Andhra Pradesh,Depression,1
2018,1,Andhra Pradesh,Diabetes (Type 2),1
2018,1,Andhra Pradesh,HIV/AIDS,1
2018,1,Andhra Pradesh,Hypertension,2
2018,1,Andhra Pradesh,Oral Cancer,1
2018,1,Andhra Pradesh,Stroke,1
2018,1,Arunachal Pradesh,Asthma,1
2018,1,Assam,COPD,1
2018,1,Assam,Diarrhea,1
2018,1,Assam,HIV/AIDS,1
2018,1,Assam,Pneumonia,2
2018,1,Bihar,Asthma,2
2018,1,Bihar,COPD,4
2018,1,Bihar,COVID-19,1
2018,1,Bihar,Diabetes (Type 2),1
2018,1,Bihar,Diarrhea,3
2018,1,Bihar,Filariasis,1
2018,1,Bihar,Gastroenteritis,1
2018,1,Bihar,Heart Disease,1
2018,1,Bihar,Japanese Encephalitis,1
2018,1,Bihar,Jaundice (Hepatitis A),2
2018,1,Bihar,Kala-Azar,1
2018,1,Bihar,Leptospirosis,2
2018,1,Bihar,Malaria,1
2018,1,Bihar,Sickle Cell Anemia,3
2018,1,Bihar,Swine Flu (H1N1),1
2018,1,Bihar,Typhoid,2
2018,1,Chandigarh,Japanese Encephalitis,1
2018,1,Chhattisgarh,Asthma,1
2018,1,Chhattisgarh,Chikungunya,1
2018,1,Chhattisgarh,Diabetes (Type 2),1
2018,1,Chhattisgarh,Kala-Azar,1
2018,1,Chhattisgarh,Swine Flu (H1N1),1
2018,1,Goa,Hepatitis B,1
2018,1,Goa,Malaria,1
2018,1,Gujarat,Asthma,1
2018,1,Gujarat,COPD,1
2018,1,Gujarat,Chikungunya,1
2018,1,Gujarat,Jaundice (Hepatitis A),1
2018,1,Gujarat,Lung Cancer,1
2018,1,Gujarat,Oral Cancer,1
2018,1,Gujarat,Pneumonia,2
2018,1,Gujarat,Swine Flu (H1N1),1
2018,1,Haryana,COVID-19,1
2018,1,Haryana,Hypertension,1
2018,1,Haryana,Oral Cancer,1
2018,1,Haryana,Pneumonia,1
2018,1,Haryana,Sickle Cell Anemia,1
2018,1,Haryana,Stroke,2
2018,1,Jammu and Kashmir,Lung Cancer,1
2018,1,Jharkhand,Asthma,2
2018,1,Jharkhand,COPD,1
2018,1,Jharkhand,Diabetes (Type 2),1
2018,1,Jharkhand,Hypertension,1
2018,1,Jharkhand,Kala-Azar,1
2018,1,Jharkhand,Stroke,1
2018,1,Karnataka,Anxiety Disorder,1
2018,1,Karnataka,COPD,1
2018,1,Karnataka,Chikungunya,1
2018,1,Karnataka,Chronic Kidney Disease,1
2018,1,Karnataka,Filariasis,1
2018,1,Karnataka,HIV/AIDS,1
2018,1,Karnataka,Heart Disease,1
2018,1,Karnataka,Hepatitis B,1
2018,1,Karnataka,Kala-Azar,1
2018,1,Karnataka,Stroke,1
2018,1,Karnataka,Swine Flu (H1N1),1
2018,1,Karnataka,Tuberculosis,2
2018,1,Kerala,COVID-19,1
2018,1,Kerala,Chronic Kidney Disease,1
2018,1,Kerala,Gastroenteritis,1
2018,1,Kerala,Oral Cancer,1
2018,1,Kerala,Stroke,1
2018,1,Madhya Pradesh,Asthma,2
2018,1,Madhya Pradesh,Breast Cancer,2
2018,1,Madhya Pradesh,COPD,1
2018,1,Madhya Pradesh,COVID-19,2
2018,1,Madhya Pradesh,HIV/AIDS,1
2018,1,Madhya Pradesh,Jaundice (Hepatitis A),1
2018,1,Madhya Pradesh,Lung Cancer,1
2018,1,Madhya Pradesh,Pneumonia,1
2018,1,Madhya Pradesh,Thalassemia,1
2018,1,Madhya Pradesh,Tuberculosis,1
2018,1,Maharashtra,Asthma,4
2018,1,Maharashtra,COPD,1
2018,1,Maharashtra,COVID-19,3
2018,1,Maharashtra,Chronic Kidney Disease,2
2018,1,Maharashtra,Diarrhea,1
2018,1,Maharashtra,Gastroenteritis,1
2018,1,Maharashtra,Heart Disease,1
2018,1,Maharashtra,Hepatitis B,1
2018,1,Maharashtra,Japanese Encephalitis,1
2018,1,Maharashtra,Oral Cancer,1
2018,1,Maharashtra,Pneumonia,2
2018,1,Maharashtra,Stroke,1
2018,1,Maharashtra,Swine Flu (H1N1),1
2018,1,Maharashtra,Thalassemia,1
2018,1,Manipur,COPD,1
2018,1,Meghalaya,Diabetes (Type 2),1
2018,1,Meghalaya,Tuberculosis,1
2018,1,Mizoram,Filariasis,1
2018,1,Mizoram,Tuberculosis,1
2018,1,NCT of Delhi,Asthma,1
2018,1,NCT of Delhi,COVID-19,1
2018,1,NCT of Delhi,Swine Flu (H1N1),1
2018,1,Nagaland,COVID-19,1
2018,1,Nagaland,Filariasis,1
2018,1,Odisha,Anxiety Disorder,1
2018,1,Odisha,COPD,1
2018,1,Odisha,COVID-19,2
2018,1,Odisha,Cholera,1
2018,1,Odisha,Depression,1
2018,1,Puducherry,Lung Cancer,1
2018,1,Punjab,Kala-Azar,1
2018,1,Punjab,Swine Flu (H1N1),1
2018,1,Punjab,Typhoid,1
2018,1,Rajasthan,Asthma,1
2018,1,Rajasthan,Breast Cancer,1
2018,1,Rajasthan,COPD,1
2018,1,Rajasthan,COVID-19,2
2018,1,Rajasthan,Chronic Kidney Disease,1
2018,1,Rajasthan,Gastroenteritis,1
2018,1,Rajasthan,Heart Disease,1
2018,1,Rajasthan,Japanese Encephalitis,1
2018,1,Rajasthan,Leptospirosis,1
2018,1,Rajasthan,Pneumonia,3
2018,1,Tamil Nadu,Asthma,1
2018,1,Tamil Nadu,COPD,3
2018,1,Tamil Nadu,Diabetes (Type 2),2
2018,1,Tamil Nadu,Gastroenteritis,1
2018,1,Tamil Nadu,Heart Disease,2
2018,1,Tamil Nadu,Hepatitis B,1
2018,1,Tamil Nadu,Hypertension,2
2018,1,Tamil Nadu,Kala-Azar,3
2018,1,Tamil Nadu,Malaria,1
2018,1,Tamil Nadu,Oral Cancer,1
2018,1,Tamil Nadu,Swine Flu (H1N1),2
2018,1,Telangana,Heart Disease,1
2018,1,Telangana,Japanese Encephalitis,1
2018,1,Telangana,Kala-Azar,1
2018,1,Tripura,Thalassemia,1
2018,1,Uttar Pradesh,Anxiety Disorder,1
2018,1,Uttar Pradesh,Asthma,1
2018,1,Uttar Pradesh,Breast Cancer,1
2018,1,Uttar Pradesh,COPD,2
2018,1,Uttar Pradesh,COVID-19,3
2018,1,Uttar Pradesh,Depression,1
2018,1,Uttar Pradesh,Diabetes (Type 2),2
2018,1,Uttar Pradesh,Diarrhea,1
2018,1,Uttar Pradesh,Gastroenteritis,1
2018,1,Uttar Pradesh,HIV/AIDS,2
2018,1,Uttar Pradesh,Heart Disease,3
2018,1,Uttar Pradesh,Hepatitis B,2
2018,1,Uttar Pradesh,Japanese Encephalitis,1
2018,1,Uttar Pradesh,Kala-Azar,1
2018,1,Uttar Pradesh,Lung Cancer,1
2018,1,Uttar Pradesh,Oral Cancer,1
2018,1,Uttar Pradesh,Pneumonia,3
2018,1,Uttar Pradesh,Sickle Cell Anemia,2
2018,1,Uttar Pradesh,Stroke,3
2018,1,Uttar Pradesh,Swine Flu (H1N1),3
2018,1,Uttar Pradesh,Typhoid,1
2018,1,Uttarakhand,Filariasis,1
2018,1,Uttarakhand,Pneumonia,1
2018,1,West Bengal,Breast Cancer,1
2018,1,West Bengal,COPD,3
2018,1,West Bengal,COVID-19,2
2018,1,West Bengal,Chronic Kidney Disease,2
2018,1,West Bengal,Depression,1
2018,1,West Bengal,Diabetes (Type 2),1
2018,1,West Bengal,Diarrhea,1
2018,1,West Bengal,Hypertension,2
2018,1,West Bengal,Oral Cancer,2
2018,1,West Bengal,Pneumonia,1
2018,1,West Bengal,Thalassemia,2
2018,1,West Bengal,Typhoid,1
2018,2,Andhra Pradesh,COVID-19,1
2018,2,Andhra Pradesh,Diabetes (Type 2),1
2018,2,Andhra Pradesh,Diarrhea,1
2018,2,Andhra Pradesh,Filariasis,1
2018,2,Andhra Pradesh,Heart Disease,1
2018,2,Andhra Pradesh,Hypertension,1
2018,2,Andhra Pradesh,Kala-Azar,1
2018,2,Andhra Pradesh,Pneumonia,1
2018,2,Andhra Pradesh,Sickle Cell Anemia,1
2018,2,Andhra Pradesh,Stroke,1
2018,2,Assam,COPD,2
2018,2,Assam,Hypertension,2
2018,2,Assam,Lung Cancer,1
2018,2,Assam,Sickle Cell Anemia,2
2018,2,Bihar,Anxiety Disorder,2
2018,2,Bihar,Asthma,3
2018,2,Bihar,COPD,2
2018,2,Bihar,COVID-19,1
2018,2,Bihar,Chronic Kidney Disease,1
2018,2,Bihar,Diabetes (Type 2),1
2018,2,Bihar,Jaundice (Hepatitis A),1
2018,2,Bihar,Kala-Azar,1
2018,2,Bihar,Leptospirosis,1
2018,2,Bihar,Lung Cancer,1
2018,2,Bihar,Pneumonia,1
2018,2,Bihar,Sickle Cell Anemia,1
2018,2,Chhattisgarh,Asthma,1
2018,2,Chhattisgarh,Breast Cancer,1
2018,2,Chhattisgarh,Cholera,1
2018,2,Chhattisgarh,Filariasis,1
2018,2,Chhattisgarh,Hypertension,1
2018,2,Chhattisgarh,Pneumonia,1
2018,2,Chhattisgarh,Tuberculosis,1
2018,2,Gujarat,Breast Cancer,1
2018,2,Gujarat,Chronic Kidney Disease,1
2018,2,Gujarat,Japanese Encephalitis,2
2018,2,Gujarat,Kala-Azar,1
2018,2,Gujarat,Swine Flu (H1N1),2
2018,2,Haryana,Diarrhea,1
2018,2,Haryana,Hepatitis B,1
2018,2,Haryana,Stroke,1
2018,2,Haryana,Swine Flu (H1N1),1
2018,2,Haryana,Tuberculosis,1
2018,2,Himachal Pradesh,Stroke,1
2018,2,Jharkhand,Anxiety Disorder,1
2018,2,Jharkhand,COPD,1
2018,2,Jharkhand,COVID-19,1
2018,2,Jharkhand,Diabetes (Type 2),1
2018,2,Jharkhand,Pneumonia,2
2018,2,Jharkhand,Stroke,1
2018,2,Jharkhand,Thalassemia,1
2018,2,Karnataka,Asthma,1
2018,2,Karnataka,Breast Cancer,1
2018,2,Karnataka,COPD,1
2018,2,Karnataka,COVID-19,1
2018,2,Karnataka,Diabetes (Type 2),1
2018,2,Karnataka,Oral Cancer,1
2018,2,Karnataka,Pneumonia,1
2018,2,Karnataka,Swine Flu (H1N1),2
2018,2,Karnataka,Thalassemia,1
2018,2,Kerala,COVID-19,1
2018,2,Kerala,Lung Cancer,1
2018,2,Kerala,Stroke,1
2018,2,Madhya Pradesh,COPD,2
2018,2,Madhya Pradesh,Depression,3
2018,2,Madhya Pradesh,Filariasis,1
2018,2,Madhya Pradesh,Gastroenteritis,1
2018,2,Madhya Pradesh,Hepatitis B,1
2018,2,Madhya Pradesh,Hypertension,1
2018,2,Madhya Pradesh,Oral Cancer,1
2018,2,Madhya Pradesh,Tuberculosis,2
2018,2,Maharashtra,Asthma,2
2018,2,Maharashtra,COPD,1
2018,2,Maharashtra,Chikungunya,1
2018,2,Maharashtra,Depression,3
2018,2,Maharashtra,Diabetes (Type 2),2
2018,2,Maharashtra,Gastroenteritis,1
2018,2,Maharashtra,HIV/AIDS,2
2018,2,Maharashtra,Japanese Encephalitis,1
2018,2,Maharashtra,Leptospirosis,1
2018,2,Maharashtra,Lung Cancer,2
2018,2,Maharashtra,Malaria,1
2018,2,Maharashtra,Oral Cancer,1
2018,2,Maharashtra,Pneumonia,5
2018,2,Maharashtra,Stroke,1
2018,2,Maharashtra,Thalassemia,2
2018,2,Manipur,Hypertension,1
2018,2,Manipur,Thalassemia,1
2018,2,Meghalaya,Hepatitis B,2
2018,2,NCT of Delhi,Breast Cancer,1
2018,2,NCT of Delhi,Lung Cancer,1
2018,2,NCT of Delhi,Pneumonia,1
2018,2,NCT of Delhi,Typhoid,1
2018,2,Nagaland,Kala-Azar,1
2018,2,Odisha,Asthma,3
2018,2,Odisha,COPD,1
2018,2,Odisha,Chronic Kidney Disease,1
2018,2,Odisha,Diabetes (Type 2),1
2018,2,Odisha,Hepatitis B,1
2018,2,Odisha,Hypertension,1
2018,2,Odisha,Kala-Azar,1
2018,2,Odisha,Swine Flu (H1N1),1
2018,2,Odisha,Thalassemia,1
2018,2,Odisha,Typhoid,1
2018,2,Punjab,COPD,1
2018,2,Punjab,Dengue,1
2018,2,Punjab,Swine Flu (H1N1),1
2018,2,Rajasthan,Anxiety Disorder,1
2018,2,Rajasthan,Asthma,3
2018,2,Rajasthan,Breast Cancer,1
2018,2,Rajasthan,COVID-19,1
2018,2,Rajasthan,Chronic Kidney Disease,1
2018,2,Rajasthan,Depression,1
2018,2,Rajasthan,Oral Cancer,1
2018,2,Rajasthan,Pneumonia,2
2018,2,Rajasthan,Thalassemia,1
2018,2,Rajasthan,Typhoid,1
2018,2,Tamil Nadu,Anxiety Disorder,1
2018,2,Tamil Nadu,Asthma,1
2018,2,Tamil Nadu,Breast Cancer,1
2018,2,Tamil Nadu,COPD,1
2018,2,Tamil Nadu,COVID-19,1
2018,2,Tamil Nadu,Depression,1
2018,2,Tamil Nadu,Gastroenteritis,1
2018,2,Tamil Nadu,Hepatitis B,1
2018,2,Tamil Nadu,Lung Cancer,1
2018,2,Tamil Nadu,Malaria,1
2018,2,Tamil Nadu,Oral Cancer,1
2018,2,Tamil Nadu,Swine Flu (H1N1),1
2018,2,Tamil Nadu,Tuberculosis,1
2018,2,Telangana,Asthma,1
2018,2,Telangana,Breast Cancer,1
2018,2,Telangana,COPD,2
2018,2,Telangana,Depression,1
2018,2,Telangana,Sickle Cell Anemia,1
2018,2,Telangana,Swine Flu (H1N1),1
2018,2,Telangana,Typhoid,1
2018,2,Uttar Pradesh,Anxiety Disorder,2
2018,2,Uttar Pradesh,Asthma,2
2018,2,Uttar Pradesh,COPD,1
2018,2,Uttar Pradesh,COVID-19,1
2018,2,Uttar Pradesh,Depression,1
2018,2,Uttar Pradesh,Diabetes (Type 2),1
2018,2,Uttar Pradesh,Filariasis,2
2018,2,Uttar Pradesh,HIV/AIDS,1
2018,2,Uttar Pradesh,Heart Disease,1
2018,2,Uttar Pradesh,Hepatitis B,2
2018,2,Uttar Pradesh,Japanese Encephalitis,2
2018,2,Uttar Pradesh,Kala-Azar,2
2018,2,Uttar Pradesh,Lung Cancer,2
2018,2,Uttar Pradesh,Oral Cancer,1
2018,2,Uttar Pradesh,Pneumonia,1
2018,2,Uttar Pradesh,Sickle Cell Anemia,2
2018,2,Uttar Pradesh,Stroke,2
2018,2,Uttar Pradesh,Swine Flu (H1N1),2
2018,2,West Bengal,Asthma,3
2018,2,West Bengal,Breast Cancer,1
2018,2,West Bengal,COPD,1
2018,2,West Bengal,COVID-19,3
2018,2,West Bengal,Cholera,1
2018,2,West Bengal,Chronic Kidney Disease,1
2018,2,West Bengal,Diabetes (Type 2),1
2018,2,West Bengal,Filariasis,1
2018,2,West Bengal,Heart Disease,2
2018,2,West Bengal,Malaria,1
2018,2,West Bengal,Oral Cancer,2
2018,2,West Bengal,Sickle Cell Anemia,1
2018,2,West Bengal,Swine Flu (H1N1),1
2018,2,West Bengal,Tuberculosis,1
2018,3,Andhra Pradesh,Dengue,1
2018,3,Andhra Pradesh,HIV/AIDS,1
2018,3,Andhra Pradesh,Hepatitis B,1
2018,3,Andhra Pradesh,Kala-Azar,1
2018,3,Andhra Pradesh,Oral Cancer,1
2018,3,Andhra Pradesh,Stroke,1
2018,3,Andhra Pradesh,Thalassemia,1
2018,3,Assam,Breast Cancer,1
2018,3,Assam,Cholera,1
2018,3,Assam,Pneumonia,1
2018,3,Assam,Typhoid,1
2018,3,Bihar,COPD,1
2018,3,Bihar,Chronic Kidney Disease,1
2018,3,Bihar,Depression,1
2018,3,Bihar,HIV/AIDS,1
2018,3,Bihar,Hypertension,1
2018,3,Bihar,Kala-Azar,1
2018,3,Bihar,Oral Cancer,1
2018,3,Bihar,Pneumonia,1
2018,3,Bihar,Sickle Cell Anemia,1
2018,3,Bihar,Stroke,1
2018,3,Bihar,Thalassemia,3
2018,3,Chandigarh,Japanese Encephalitis,1
2018,3,Chhattisgarh,Hypertension,1
2018,3,Chhattisgarh,Oral Cancer,1
2018,3,Goa,Chronic Kidney Disease,1
2018,3,Goa,Japanese Encephalitis,1
2018,3,Gujarat,COPD,1
2018,3,Gujarat,Filariasis,2
2018,3,Gujarat,HIV/AIDS,1
2018,3,Gujarat,Heart Disease,1
2018,3,Gujarat,Hepatitis B,1
2018,3,Gujarat,Hypertension,1
2018,3,Gujarat,Jaundice (Hepatitis A),1
2018,3,Gujarat,Lung Cancer,1
2018,3,Haryana,Gastroenteritis,1
2018,3,Haryana,Heart Disease,1
2018,3,Himachal Pradesh,Filariasis,1
2018,3,Himachal Pradesh,Hypertension,1
2018,3,Jammu and Kashmir,Oral Cancer,1
2018,3,Jammu and Kashmir,Swine Flu (H1N1),1
2018,3,Jharkhand,Anxiety Disorder,1
2018,3,Jharkhand,COVID-19,1
2018,3,Jharkhand,Diabetes (Type 2),1
2018,3,Jharkhand,Filariasis,1
2018,3,Karnataka,Anxiety Disorder,1
2018,3,Karnataka,Breast Cancer,1
2018,3,Karnataka,COPD,1
2018,3,Karnataka,Chronic Kidney Disease,1
2018,3,Karnataka,Hepatitis B,1
2018,3,Karnataka,Japanese Encephalitis,1
2018,3,Karnataka,Kala-Azar,1
2018,3,Karnataka,Lung Cancer,1
2018,3,Karnataka,Oral Cancer,1
2018,3,Karnataka,Stroke,1
2018,3,Karnataka,Thalassemia,1
2018,3,Karnataka,Tuberculosis,1
2018,3,Karnataka,Typhoid,1
2018,3,Kerala,Breast Cancer,1
2018,3,Kerala,Chikungunya,1
2018,3,Kerala,Cholera,1
2018,3,Kerala,Oral Cancer,1
2018,3,Madhya Pradesh,Breast Cancer,1
2018,3,Madhya Pradesh,COVID-19,1
2018,3,Madhya Pradesh,Diarrhea,1
2018,3,Madhya Pradesh,Lung Cancer,2
2018,3,Madhya Pradesh,Oral Cancer,1
2018,3,Maharashtra,Diarrhea,1
2018,3,Maharashtra,Gastroenteritis,2
2018,3,Maharashtra,Hepatitis B,1
2018,3,Maharashtra,Hypertension,2
2018,3,Maharashtra,Japanese Encephalitis,1
2018,3,Maharashtra,Kala-Azar,1
2018,3,Maharashtra,Malaria,1
2018,3,Maharashtra,Oral Cancer,1
2018,3,Maharashtra,Sickle Cell Anemia,1
2018,3,Maharashtra,Thalassemia,1
2018,3,Maharashtra,Tuberculosis,1
2018,3,Manipur,Oral Cancer,1
2018,3,Meghalaya,Typhoid,1
2018,3,Mizoram,Depression,1
2018,3,NCT of Delhi,Asthma,1
2018,3,NCT of Delhi,Depression,1
2018,3,NCT of Delhi,Diarrhea,1
2018,3,Odisha,Breast Cancer,1
2018,3,Odisha,Hepatitis B,1
2018,3,Odisha,Hypertension,1
2018,3,Odisha,Jaundice (Hepatitis A),1
2018,3,Odisha,Stroke,1
2018,3,Punjab,Hypertension,1
2018,3,Rajasthan,Anxiety Disorder,1
2018,3,Rajasthan,Diabetes (Type 2),1
2018,3,Rajasthan,Gastroenteritis,1
2018,3,Rajasthan,Pneumonia,1
2018,3,Rajasthan,Stroke,2
2018,3,Tamil Nadu,Oral Cancer,3
2018,3,Tamil Nadu,Stroke,2
2018,3,Tamil Nadu,Typhoid,2
2018,3,Telangana,Oral Cancer,1
2018,3,Telangana,Tuberculosis,1
2018,3,Uttar Pradesh,Chikungunya,2
2018,3,Uttar Pradesh,Chronic Kidney Disease,3
2018,3,Uttar Pradesh,Dengue,2
2018,3,Uttar Pradesh,Depression,1
2018,3,Uttar Pradesh,Diabetes (Type 2),1
2018,3,Uttar Pradesh,Diarrhea,1
2018,3,Uttar Pradesh,Filariasis,2
2018,3,Uttar Pradesh,HIV/AIDS,1
2018,3,Uttar Pradesh,Heart Disease,1
2018,3,Uttar Pradesh,Hepatitis B,1
2018,3,Uttar Pradesh,Japanese Encephalitis,1
2018,3,Uttar Pradesh,Leptospirosis,2
2018,3,Uttar Pradesh,Lung Cancer,1
2018,3,Uttar Pradesh,Sickle Cell Anemia,2
2018,3,Uttar Pradesh,Stroke,2
2018,3,Uttar Pradesh,Swine Flu (H1N1),2
2018,3,Uttar Pradesh,Thalassemia,1
2018,3,Uttar Pradesh,Tuberculosis,3
2018,3,Uttar Pradesh,Typhoid,5
2018,3,Uttarakhand,Lung Cancer,1
2018,3,West Bengal,Depression,1
2018,3,West Bengal,Diarrhea,1
2018,3,West Bengal,HIV/AIDS,2
2018,3,West Bengal,Hepatitis B,2
2018,3,West Bengal,Lung Cancer,1
2018,3,West Bengal,Pneumonia,1
2018,3,West Bengal,Typhoid,1
2018,4,Andhra Pradesh,Anxiety Disorder,1
2018,4,Andhra Pradesh,COPD,1
2018,4,Andhra Pradesh,Cholera,1
2018,4,Andhra Pradesh,Gastroenteritis,1
2018,4,Andhra Pradesh,Hepatitis B,1
2018,4,Andhra Pradesh,Japanese Encephalitis,1
2018,4,Andhra Pradesh,Jaundice (Hepatitis A),2
2018,4,Andhra Pradesh,Oral Cancer,1
2018,4,Andhra Pradesh,Sickle Cell Anemia,2
2018,4,Assam,Diabetes (Type 2),2
2018,4,Assam,Stroke,2
2018,4,Bihar,Anxiety Disorder,1
2018,4,Bihar,Asthma,1
2018,4,Bihar,Chikungunya,1
2018,4,Bihar,Cholera,1
2018,4,Bihar,Depression,1
2018,4,Bihar,Diarrhea,1
2018,4,Bihar,Filariasis,1
2018,4,Bihar,Hypertension,2
2018,4,Bihar,Japanese Encephalitis,1
2018,4,Bihar,Kala-Azar,1
2018,4,Bihar,Leptospirosis,1
2018,4,Bihar,Pneumonia,1
2018,4,Bihar,Stroke,1
2018,4,Bihar,Swine Flu (H1N1),2
2018,4,Bihar,Thalassemia,1
2018,4,Chhattisgarh,Anxiety Disorder,1
2018,4,Chhattisgarh,Breast Cancer,1
2018,4,Chhattisgarh,Cholera,1
2018,4,Chhattisgarh,Gastroenteritis,1
2018,4,Chhattisgarh,Sickle Cell Anemia,1
2018,4,Chhattisgarh,Tuberculosis,1
2018,4,Goa,Thalassemia,1
2018,4,Goa,Tuberculosis,1
2018,4,Gujarat,Anxiety Disorder,1
2018,4,Gujarat,COPD,1
2018,4,Gujarat,Chikungunya,2
2018,4,Gujarat,Filariasis,2
2018,4,Gujarat,Gastroenteritis,3
2018,4,Gujarat,Heart Disease,1
2018,4,Gujarat,Hypertension,1
2018,4,Gujarat,Japanese Encephalitis,1
2018,4,Gujarat,Jaundice (Hepatitis A),1
2018,4,Gujarat,Leptospirosis,1
2018,4,Gujarat,Oral Cancer,1
2018,4,Gujarat,Sickle Cell Anemia,1
2018,4,Gujarat,Thalassemia,1
2018,4,Gujarat,Typhoid,1
2018,4,Haryana,COPD,1
2018,4,Haryana,Depression,1
2018,4,Haryana,Diarrhea,1
2018,4,Haryana,Gastroenteritis,2
2018,4,Haryana,Hepatitis B,1
2018,4,Haryana,Stroke,1
2018,4,Himachal Pradesh,Filariasis,1
2018,4,Jharkhand,Breast Cancer,1
2018,4,Jharkhand,COVID-19,1
2018,4,Jharkhand,Gastroenteritis,1
2018,4,Jharkhand,Jaundice (Hepatitis A),1
2018,4,Jharkhand,Tuberculosis,1
2018,4,Karnataka,Chronic Kidney Disease,1
2018,4,Karnataka,Depression,1
2018,4,Karnataka,Diabetes (Type 2),1
2018,4,Karnataka,Hypertension,2
2018,4,Kerala,Asthma,1
2018,4,Kerala,Heart Disease,1
2018,4,Madhya Pradesh,Chronic Kidney Disease,1
2018,4,Madhya Pradesh,Depression,2
2018,4,Madhya Pradesh,Hepatitis B,1
2018,4,Madhya Pradesh,Hypertension,2
2018,4,Madhya Pradesh,Jaundice (Hepatitis A),1
2018,4,Madhya Pradesh,Oral Cancer,1
2018,4,Madhya Pradesh,Swine Flu (H1N1),1
2018,4,Madhya Pradesh,Tuberculosis,2
2018,4,Madhya Pradesh,Typhoid,2
2018,4,Maharashtra,Filariasis,1
2018,4,Maharashtra,Heart Disease,1
2018,4,Maharashtra,Hepatitis B,3
2018,4,Maharashtra,Hypertension,1
2018,4,Maharashtra,Japanese Encephalitis,1
2018,4,Maharashtra,Jaundice (Hepatitis A),1
2018,4,Maharashtra,Kala-Azar,1
2018,4,Maharashtra,Stroke,1
2018,4,Maharashtra,Thalassemia,1
2018,4,Manipur,Filariasis,1
2018,4,Meghalaya,Diabetes (Type 2),1
2018,4,Meghalaya,Filariasis,1
2018,4,Meghalaya,Jaundice (Hepatitis A),1
2018,4,Meghalaya,Kala-Azar,1
2018,4,NCT of Delhi,COPD,1
2018,4,NCT of Delhi,Swine Flu (H1N1),1
2018,4,Nagaland,Filariasis,1
2018,4,Odisha,Heart Disease,1
2018,4,Odisha,Jaundice (Hepatitis A),2
2018,4,Odisha,Lung Cancer,1
2018,4,Punjab,Chronic Kidney Disease,2
2018,4,Punjab,Filariasis,1
2018,4,Rajasthan,Anxiety Disorder,1
2018,4,Rajasthan,COVID-19,1
2018,4,Rajasthan,Cholera,1
2018,4,Rajasthan,Depression,1
2018,4,Rajasthan,Diarrhea,1
2018,4,Rajasthan,Heart Disease,1
2018,4,Rajasthan,Hepatitis B,2
2018,4,Rajasthan,Japanese Encephalitis,1
2018,4,Rajasthan,Lung Cancer,1
2018,4,Rajasthan,Oral Cancer,1
2018,4,Rajasthan,Stroke,1
2018,4,Rajasthan,Typhoid,1
2018,4,Tamil Nadu,Breast Cancer,1
2018,4,Tamil Nadu,Diarrhea,1
2018,4,Tamil Nadu,Filariasis,1
2018,4,Tamil Nadu,Gastroenteritis,1
2018,4,Tamil Nadu,Sickle Cell Anemia,1
2018,4,Tamil Nadu,Thalassemia,1
2018,4,Tamil Nadu,Tuberculosis,1
2018,4,Telangana,Anxiety Disorder,3
2018,4,Telangana,Diabetes (Type 2),1
2018,4,Telangana,Gastroenteritis,1
2018,4,Telangana,Heart Disease,1
2018,4,Telangana,Kala-Azar,1
2018,4,Telangana,Sickle Cell Anemia,1
2018,4,Telangana,Thalassemia,1
2018,4,Tripura,Hepatitis B,1
2018,4,Uttar Pradesh,Anxiety Disorder,1
2018,4,Uttar Pradesh,Breast Cancer,1
2018,4,Uttar Pradesh,COVID-19,1
2018,4,Uttar Pradesh,Cholera,1
2018,4,Uttar Pradesh,Chronic Kidney Disease,1
2018,4,Uttar Pradesh,Diabetes (Type 2),1
2018,4,Uttar Pradesh,Diarrhea,1
2018,4,Uttar Pradesh,Gastroenteritis,2
2018,4,Uttar Pradesh,HIV/AIDS,1
2018,4,Uttar Pradesh,Heart Disease,2
2018,4,Uttar Pradesh,Hepatitis B,1
2018,4,Uttar Pradesh,Japanese Encephalitis,3
2018,4,Uttar Pradesh,Jaundice (Hepatitis A),2
2018,4,Uttar Pradesh,Kala-Azar,1
2018,4,Uttar Pradesh,Leptospirosis,1
2018,4,Uttar Pradesh,Lung Cancer,1
2018,4,Uttar Pradesh,Malaria,1
2018,4,Uttar Pradesh,Pneumonia,1
2018,4,Uttar Pradesh,Stroke,2
2018,4,Uttar Pradesh,Typhoid,1
2018,4,West Bengal,Breast Cancer,1
2018,4,West Bengal,COPD,1
2018,4,West Bengal,Chikungunya,2
2018,4,West Bengal,Depression,2
2018,4,West Bengal,Diabetes (Type 2),1
2018,4,West Bengal,Hepatitis B,1
2018,4,West Bengal,Sickle Cell Anemia,1
2018,4,West Bengal,Stroke,1
2018,4,West Bengal,Thalassemia,1
2018,5,Andhra Pradesh,Asthma,1
2018,5,Andhra Pradesh,Diabetes (Type 2),1
2018,5,Andhra Pradesh,Kala-Azar,1
2018,5,Andhra Pradesh,Oral Cancer,1
2018,5,Andhra Pradesh,Sickle Cell Anemia,1
2018,5,Andhra Pradesh,Tuberculosis,1
2018,5,Arunachal Pradesh,Typhoid,1
2018,5,Assam,COPD,1
2018,5,Assam,Heart Disease,1
2018,5,Assam,Stroke,1
2018,5,Bihar,Anxiety Disorder,2
2018,5,Bihar,COPD,1
2018,5,Bihar,Cholera,1
2018,5,Bihar,Dengue,1
2018,5,Bihar,Diabetes (Type 2),3
2018,5,Bihar,Gastroenteritis,1
2018,5,Bihar,HIV/AIDS,1
2018,5,Bihar,Hepatitis B,2
2018,5,Bihar,Sickle Cell Anemia,1
2018,5,Bihar,Thalassemia,1
2018,5,Chhattisgarh,Anxiety Disorder,1
2018,5,Chhattisgarh,Chronic Kidney Disease,1
2018,5,Chhattisgarh,Depression,1
2018,5,Chhattisgarh,Gastroenteritis,3
2018,5,Chhattisgarh,Hepatitis B,2
2018,5,Chhattisgarh,Japanese Encephalitis,1
2018,5,Chhattisgarh,Jaundice (Hepatitis A),2
2018,5,Chhattisgarh,Typhoid,1
2018,5,Goa,COVID-19,2
2018,5,Gujarat,COVID-19,1
2018,5,Gujarat,Heart Disease,1
2018,5,Gujarat,Lung Cancer,1
2018,5,Gujarat,Sickle Cell Anemia,1
2018,5,Haryana,Anxiety Disorder,1
2018,5,Haryana,Cholera,1
2018,5,Himachal Pradesh,COVID-19,1
2018,5,Jharkhand,COVID-19,1
2018,5,Jharkhand,Gastroenteritis,1
2018,5,Jharkhand,Hepatitis B,1
2018,5,Jharkhand,Jaundice (Hepatitis A),2
2018,5,Jharkhand,Lung Cancer,1
2018,5,Karnataka,Breast Cancer,1
2018,5,Karnataka,Chikungunya,1
2018,5,Karnataka,Depression,1
2018,5,Karnataka,Gastroenteritis,2
2018,5,Karnataka,HIV/AIDS,1
2018,5,Karnataka,Hepatitis B,1
2018,5,Karnataka,Jaundice (Hepatitis A),1
2018,5,Karnataka,Kala-Azar,1
2018,5,Karnataka,Malaria,1
2018,5,Karnataka,Pneumonia,2
2018,5,Karnataka,Stroke,1
2018,5,Karnataka,Tuberculosis,1
2018,5,Kerala,Anxiety Disorder,1
2018,5,Kerala,Breast Cancer,1
2018,5,Kerala,Diabetes (Type 2),1
2018,5,Kerala,HIV/AIDS,1
2018,5,Kerala,Japanese Encephalitis,1
2018,5,Kerala,Jaundice (Hepatitis A),1
2018,5,Kerala,Oral Cancer,1
2018,5,Madhya Pradesh,Anxiety Disorder,1
2018,5,Madhya Pradesh,Chronic Kidney Disease,1
2018,5,Madhya Pradesh,Diabetes (Type 2),2
2018,5,Madhya Pradesh,Gastroenteritis,2
2018,5,Madhya Pradesh,Heart Disease,1
2018,5,Madhya Pradesh,Jaundice (Hepatitis A),1
2018,5,Madhya Pradesh,Pneumonia,1
2018,5,Madhya Pradesh,Typhoid,2
2018,5,Maharashtra,Anxiety Disorder,1
2018,5,Maharashtra,Chronic Kidney Disease,1
2018,5,Maharashtra,Diarrhea,1
2018,5,Maharashtra,Filariasis,1
2018,5,Maharashtra,Heart Disease,1
2018,5,Maharashtra,Japanese Encephalitis,2
2018,5,Maharashtra,Jaundice (Hepatitis A),2
2018,5,Maharashtra,Thalassemia,1
2018,5,Maharashtra,Tuberculosis,1
2018,5,NCT of Delhi,Chronic Kidney Disease,1
2018,5,NCT of Delhi,Diabetes (Type 2),1
2018,5,NCT of Delhi,Diarrhea,1
2018,5,Odisha,Depression,1
2018,5,Odisha,Diarrhea,1
2018,5,Odisha,Gastroenteritis,1
2018,5,Odisha,HIV/AIDS,1
2018,5,Odisha,Kala-Azar,2
2018,5,Odisha,Leptospirosis,1
2018,5,Odisha,Stroke,1
2018,5,Odisha,Typhoid,2
2018,5,Punjab,Diarrhea,1
2018,5,Rajasthan,COPD,1
2018,5,Rajasthan,COVID-19,1
2018,5,Rajasthan,Diabetes (Type 2),1
2018,5,Rajasthan,Heart Disease,1
2018,5,Rajasthan,Hypertension,1
2018,5,Rajasthan,Japanese Encephalitis,1
2018,5,Rajasthan,Oral Cancer,1
2018,5,Rajasthan,Tuberculosis,1
2018,5,Tamil Nadu,Anxiety Disorder,1
2018,5,Tamil Nadu,Breast Cancer,1
2018,5,Tamil Nadu,Japanese Encephalitis,1
2018,5,Tamil Nadu,Jaundice (Hepatitis A),1
2018,5,Tamil Nadu,Lung Cancer,1
2018,5,Tamil Nadu,Oral Cancer,1
2018,5,Tamil Nadu,Stroke,2
2018,5,Telangana,Chikungunya,1
2018,5,Telangana,Diabetes (Type 2),1
2018,5,Telangana,Gastroenteritis,2
2018,5,Telangana,Hepatitis B,1
2018,5,Telangana,Japanese Encephalitis,1
2018,5,Telangana,Malaria,1
2018,5,Telangana,Sickle Cell Anemia,1
2018,5,Tripura,Gastroenteritis,1
2018,5,Tripura,Lung Cancer,1
2018,5,Uttar Pradesh,Anxiety Disorder,2
2018,5,Uttar Pradesh,Breast Cancer,2
2018,5,Uttar Pradesh,Cholera,1
2018,5,Uttar Pradesh,Depression,1
2018,5,Uttar Pradesh,Diabetes (Type 2),2
2018,5,Uttar Pradesh,Diarrhea,2
2018,5,Uttar Pradesh,Heart Disease,2
2018,5,Uttar Pradesh,Hepatitis B,2
2018,5,Uttar Pradesh,Jaundice (Hepatitis A),4
2018,5,Uttar Pradesh,Kala-Azar,1
2018,5,Uttar Pradesh,Malaria,1
2018,5,Uttar Pradesh,Sickle Cell Anemia,1
2018,5,Uttar Pradesh,Stroke,1
2018,5,Uttar Pradesh,Thalassemia,2
2018,5,Uttar Pradesh,Typhoid,1
2018,5,Uttarakhand,COPD,1
2018,5,West Bengal,Anxiety Disorder,1
2018,5,West Bengal,Chronic Kidney Disease,2
2018,5,West Bengal,Filariasis,1
2018,5,West Bengal,HIV/AIDS,1
2018,5,West Bengal,Hepatitis B,1
2018,5,West Bengal,Jaundice (Hepatitis A),2
2018,5,West Bengal,Kala-Azar,1
2018,5,West Bengal,Sickle Cell Anemia,1
2018,6,Andhra Pradesh,Anxiety Disorder,1
2018,6,Andhra Pradesh,COPD,2
2018,6,Andhra Pradesh,COVID-19,2
2018,6,Andhra Pradesh,Diarrhea,1
2018,6,Andhra Pradesh,Filariasis,1
2018,6,Andhra Pradesh,Gastroenteritis,1
2018,6,Andhra Pradesh,Sickle Cell Anemia,1
2018,6,Andhra Pradesh,Thalassemia,1
2018,6,Assam,Diabetes (Type 2),1
2018,6,Assam,Filariasis,1
2018,6,Assam,Kala-Azar,1
2018,6,Bihar,Anxiety Disorder,1
2018,6,Bihar,Asthma,1
2018,6,Bihar,COPD,3
2018,6,Bihar,Chikungunya,1
2018,6,Bihar,Diarrhea,2
2018,6,Bihar,Gastroenteritis,1
2018,6,Bihar,HIV/AIDS,1
2018,6,Bihar,Hypertension,2
2018,6,Bihar,Jaundice (Hepatitis A),1
2018,6,Bihar,Thalassemia,2
2018,6,Bihar,Typhoid,1
2018,6,Chhattisgarh,Filariasis,1
2018,6,Goa,Japanese Encephalitis,1
2018,6,Gujarat,Diabetes (Type 2),1
2018,6,Gujarat,Filariasis,1
2018,6,Gujarat,Stroke,1
2018,6,Gujarat,Thalassemia,1
2018,6,Haryana,Anxiety Disorder,1
2018,6,Haryana,Diarrhea,1
2018,6,Haryana,Gastroenteritis,1
2018,6,Haryana,Japanese Encephalitis,1
2018,6,Haryana,Sickle Cell Anemia,1
2018,6,Himachal Pradesh,Anxiety Disorder,1
2018,6,Himachal Pradesh,Filariasis,1
2018,6,Himachal Pradesh,HIV/AIDS,1
2018,6,Jammu and Kashmir,Chikungunya,1
2018,6,Jammu and Kashmir,Sickle Cell Anemia,1
2018,6,Jharkhand,Anxiety Disorder,2
2018,6,Jharkhand,Depression,1
2018,6,Jharkhand,Hypertension,1
2018,6,Jharkhand,Pneumonia,1
2018,6,Jharkhand,Thalassemia,1
2018,6,Karnataka,Diabetes (Type 2),1
2018,6,Karnataka,Filariasis,2
2018,6,Karnataka,HIV/AIDS,1
2018,6,Karnataka,Heart Disease,1
2018,6,Karnataka,Hepatitis B,1
2018,6,Karnataka,Jaundice (Hepatitis A),1
2018,6,Karnataka,Sickle Cell Anemia,1
2018,6,Karnataka,Typhoid,1
2018,6,Kerala,Anxiety Disorder,1
2018,6,Kerala,Chronic Kidney Disease,2
2018,6,Kerala,Gastroenteritis,1
2018,6,Kerala,Hypertension,1
2018,6,Kerala,Kala-Azar,1
2018,6,Madhya Pradesh,Asthma,1
2018,6,Madhya Pradesh,Breast Cancer,1
2018,6,Madhya Pradesh,Chronic Kidney Disease,2
2018,6,Madhya Pradesh,Depression,2
2018,6,Madhya Pradesh,Diabetes (Type 2),1
2018,6,Madhya Pradesh,Diarrhea,2
2018,6,Madhya Pradesh,Filariasis,1
2018,6,Madhya Pradesh,HIV/AIDS,1
2018,6,Madhya Pradesh,Heart Disease,1
2018,6,Madhya Pradesh,Jaundice (Hepatitis A),2
2018,6,Madhya Pradesh,Lung Cancer,1
2018,6,Madhya Pradesh,Sickle Cell Anemia,1
2018,6,Madhya Pradesh,Thalassemia,2
2018,6,Madhya Pradesh,Typhoid,1
2018,6,Maharashtra,Depression,2
2018,6,Maharashtra,Filariasis,1
2018,6,Maharashtra,Hepatitis B,1
2018,6,Maharashtra,Hypertension,3
2018,6,Maharashtra,Japanese Encephalitis,1
2018,6,Maharashtra,Jaundice (Hepatitis A),1
2018,6,Maharashtra,Kala-Azar,1
2018,6,Maharashtra,Lung Cancer,2
2018,6,Maharashtra,Pneumonia,1
2018,6,Maharashtra,Stroke,1
2018,6,Maharashtra,Thalassemia,1
2018,6,Maharashtra,Tuberculosis,1
2018,6,Nagaland,Gastroenteritis,1
2018,6,Odisha,Gastroenteritis,1
2018,6,Puducherry,Tuberculosis,1
2018,6,Punjab,Asthma,1
2018,6,Punjab,Diabetes (Type 2),1
2018,6,Punjab,HIV/AIDS,1
2018,6,Punjab,Heart Disease,1
2018,6,Punjab,Hepatitis B,1
2018,6,Punjab,Lung Cancer,1
2018,6,Punjab,Tuberculosis,1
2018,6,Rajasthan,COPD,1
2018,6,Rajasthan,Chikungunya,1
2018,6,Rajasthan,Diabetes (Type 2),2
2018,6,Rajasthan,Filariasis,1
2018,6,Rajasthan,Gastroenteritis,1
2018,6,Rajasthan,HIV/AIDS,1
2018,6,Rajasthan,Hepatitis B,1
2018,6,Rajasthan,Jaundice (Hepatitis A),1
2018,6,Rajasthan,Lung Cancer,1
2018,6,Rajasthan,Malaria,1
2018,6,Rajasthan,Thalassemia,1
2018,6,Tamil Nadu,Gastroenteritis,1
2018,6,Tamil Nadu,HIV/AIDS,1
2018,6,Tamil Nadu,Lung Cancer,1
2018,6,Tamil Nadu,Malaria,1
2018,6,Tamil Nadu,Pneumonia,1
2018,6,Tamil Nadu,Sickle Cell Anemia,1
2018,6,Tamil Nadu,Stroke,1
2018,6,Telangana,Depression,1
2018,6,Telangana,HIV/AIDS,1
2018,6,Telangana,Hepatitis B,1
2018,6,Telangana,Tuberculosis,1
2018,6,Uttar Pradesh,Anxiety Disorder,1
2018,6,Uttar Pradesh,COPD,2
2018,6,Uttar Pradesh,Chronic Kidney Disease,1
2018,6,Uttar Pradesh,Depression,1
2018,6,Uttar Pradesh,Diabetes (Type 2),1
2018,6,Uttar Pradesh,Diarrhea,1
2018,6,Uttar Pradesh,Filariasis,1
2018,6,Uttar Pradesh,Gastroenteritis,1
2018,6,Uttar Pradesh,HIV/AIDS,1
2018,6,Uttar Pradesh,Heart Disease,2
2018,6,Uttar Pradesh,Japanese Encephalitis,1
2018,6,Uttar Pradesh,Jaundice (Hepatitis A),2
2018,6,Uttar Pradesh,Kala-Azar,1
2018,6,Uttar Pradesh,Lung Cancer,1
2018,6,Uttar Pradesh,Malaria,1
2018,6,Uttar Pradesh,Swine Flu (H1N1),1
2018,6,Uttar Pradesh,Thalassemia,1
2018,6,Uttar Pradesh,Tuberculosis,1
2018,6,Uttar Pradesh,Typhoid,1
2018,6,Uttarakhand,Lung Cancer,1
2018,6,West Bengal,Anxiety Disorder,1
2018,6,West Bengal,Diarrhea,1
2018,6,West Bengal,Heart Disease,1
2018,6,West Bengal,Tuberculosis,2
2018,7,Andaman and Nicobar Islands,Lung Cancer,1
2018,7,Andaman and Nicobar Islands,Thalassemia,1
2018,7,Andhra Pradesh,COPD,1
2018,7,Andhra Pradesh,COVID-19,1
2018,7,Andhra Pradesh,Chikungunya,1
2018,7,Andhra Pradesh,Dengue,1
2018,7,Andhra Pradesh,Depression,1
2018,7,Andhra Pradesh,Hypertension,1
2018,7,Andhra Pradesh,Japanese Encephalitis,1
2018,7,Andhra Pradesh,Jaundice (Hepatitis A),1
2018,7,Andhra Pradesh,Oral Cancer,1
2018,7,Assam,Chronic Kidney Disease,1
2018,7,Assam,Dengue,1
2018,7,Assam,Filariasis,1
2018,7,Assam,Heart Disease,1
2018,7,Assam,Jaundice (Hepatitis A),1
2018,7,Assam,Kala-Azar,2
2018,7,Assam,Malaria,1
2018,7,Bihar,Asthma,1
2018,7,Bihar,Breast Cancer,2
2018,7,Bihar,Chikungunya,1
2018,7,Bihar,Cholera,2
2018,7,Bihar,Depression,3
2018,7,Bihar,Diarrhea,1
2018,7,Bihar,HIV/AIDS,1
2018,7,Bihar,Hepatitis B,1
2018,7,Bihar,Jaundice (Hepatitis A),1
2018,7,Bihar,Leptospirosis,1
2018,7,Bihar,Stroke,1
2018,7,Bihar,Tuberculosis,1
2018,7,Chhattisgarh,Breast Cancer,1
2018,7,Chhattisgarh,Chikungunya,1
2018,7,Chhattisgarh,Cholera,1
2018,7,Chhattisgarh,Depression,1
2018,7,Chhattisgarh,Diabetes (Type 2),1
2018,7,Chhattisgarh,Heart Disease,1
2018,7,Chhattisgarh,Jaundice (Hepatitis A),1
2018,7,Chhattisgarh,Leptospirosis,2
2018,7,Gujarat,Chikungunya,1
2018,7,Gujarat,Chronic Kidney Disease,1
2018,7,Gujarat,Gastroenteritis,1
2018,7,Gujarat,Japanese Encephalitis,1
2018,7,Gujarat,Jaundice (Hepatitis A),1
2018,7,Gujarat,Leptospirosis,2
2018,7,Gujarat,Lung Cancer,2
2018,7,Haryana,Chikungunya,1
2018,7,Haryana,Cholera,1
2018,7,Haryana,Hepatitis B,1
2018,7,Haryana,Lung Cancer,2
2018,7,Haryana,Malaria,2
2018,7,Haryana,Oral Cancer,1
2018,7,Haryana,Thalassemia,1
2018,7,Haryana,Tuberculosis,1
2018,7,Himachal Pradesh,COPD,1
2018,7,Himachal Pradesh,Malaria,1
2018,7,Jammu and Kashmir,Lung Cancer,1
2018,7,Jharkhand,Anxiety Disorder,1
2018,7,Jharkhand,Cholera,1
2018,7,Jharkhand,Hepatitis B,1
2018,7,Jharkhand,Sickle Cell Anemia,1
2018,7,Jharkhand,Swine Flu (H1N1),1
2018,7,Jharkhand,Tuberculosis,1
2018,7,Karnataka,COPD,2
2018,7,Karnataka,Chikungunya,1
2018,7,Karnataka,Heart Disease,1
2018,7,Karnataka,Hypertension,1
2018,7,Karnataka,Kala-Azar,1
2018,7,Karnataka,Leptospirosis,1
2018,7,Karnataka,Malaria,2
2018,7,Kerala,Leptospirosis,1
2018,7,Kerala,Malaria,1
2018,7,Madhya Pradesh,Breast Cancer,2
2018,7,Madhya Pradesh,Chikungunya,1
2018,7,Madhya Pradesh,Dengue,4
2018,7,Madhya Pradesh,Diabetes (Type 2),1
2018,7,Madhya Pradesh,Gastroenteritis,3
2018,7,Madhya Pradesh,Hypertension,3
2018,7,Madhya Pradesh,Leptospirosis,1
2018,7,Madhya Pradesh,Malaria,1
2018,7,Madhya Pradesh,Oral Cancer,2
2018,7,Madhya Pradesh,Sickle Cell Anemia,1
2018,7,Madhya Pradesh,Thalassemia,1
2018,7,Madhya Pradesh,Typhoid,1
2018,7,Maharashtra,Anxiety Disorder,1
2018,7,Maharashtra,Breast Cancer,1
2018,7,Maharashtra,Chronic Kidney Disease,1
2018,7,Maharashtra,Dengue,1
2018,7,Maharashtra,Diabetes (Type 2),2
2018,7,Maharashtra,Diarrhea,1
2018,7,Maharashtra,Filariasis,1
2018,7,Maharashtra,Heart Disease,1
2018,7,Maharashtra,Hepatitis B,2
2018,7,Maharashtra,Hypertension,1
2018,7,Maharashtra,Jaundice (Hepatitis A),3
2018,7,Maharashtra,Kala-Azar,1
2018,7,Maharashtra,Lung Cancer,3
2018,7,Maharashtra,Malaria,1
2018,7,Maharashtra,Thalassemia,1
2018,7,Maharashtra,Typhoid,1
2018,7,Manipur,Cholera,1
2018,7,Meghalaya,Leptospirosis,1
2018,7,NCT of Delhi,Chikungunya,1
2018,7,NCT of Delhi,Cholera,1
2018,7,NCT of Delhi,Filariasis,1
2018,7,NCT of Delhi,Jaundice (Hepatitis A),1
2018,7,Nagaland,Malaria,1
2018,7,Odisha,Asthma,1
2018,7,Odisha,Leptospirosis,2
2018,7,Odisha,Lung Cancer,1
2018,7,Odisha,Malaria,1
2018,7,Odisha,Thalassemia,1
2018,7,Punjab,Chikungunya,1
2018,7,Punjab,Cholera,1
2018,7,Punjab,Depression,1
2018,7,Punjab,Japanese Encephalitis,1
2018,7,Punjab,Jaundice (Hepatitis A),1
2018,7,Rajasthan,Anxiety Disorder,1
2018,7,Rajasthan,Chikungunya,2
2018,7,Rajasthan,Dengue,1
2018,7,Rajasthan,Diabetes (Type 2),1
2018,7,Rajasthan,Diarrhea,1
2018,7,Rajasthan,Hepatitis B,2
2018,7,Rajasthan,Jaundice (Hepatitis A),5
2018,7,Rajasthan,Kala-Azar,1
2018,7,Rajasthan,Malaria,1
2018,7,Rajasthan,Pneumonia,1
2018,7,Rajasthan,Stroke,1
2018,7,Rajasthan,Typhoid,1
2018,7,Tamil Nadu,Breast Cancer,1
2018,7,Tamil Nadu,Cholera,2
2018,7,Tamil Nadu,Chronic Kidney Disease,1
2018,7,Tamil Nadu,Dengue,1
2018,7,Tamil Nadu,Depression,1
2018,7,Tamil Nadu,Diarrhea,1
2018,7,Tamil Nadu,Gastroenteritis,1
2018,7,Tamil Nadu,HIV/AIDS,1
2018,7,Tamil Nadu,Hypertension,1
2018,7,Tamil Nadu,Jaundice (Hepatitis A),1
2018,7,Tamil Nadu,Lung Cancer,2
2018,7,Tamil Nadu,Malaria,1
2018,7,Tamil Nadu,Oral Cancer,2
2018,7,Tamil Nadu,Thalassemia,1
2018,7,Tamil Nadu,Tuberculosis,1
2018,7,Telangana,Anxiety Disorder,1
2018,7,Telangana,Breast Cancer,1
2018,7,Telangana,Dengue,1
2018,7,Telangana,Depression,1
2018,7,Telangana,Diarrhea,2
2018,7,Telangana,Heart Disease,1
2018,7,Telangana,Jaundice (Hepatitis A),1
2018,7,Telangana,Leptospirosis,1
2018,7,Telangana,Swine Flu (H1N1),1
2018,7,Tripura,Typhoid,1
2018,7,Uttar Pradesh,Anxiety Disorder,1
2018,7,Uttar Pradesh,Chikungunya,2
2018,7,Uttar Pradesh,Cholera,3
2018,7,Uttar Pradesh,Chronic Kidney Disease,1
2018,7,Uttar Pradesh,Dengue,1
2018,7,Uttar Pradesh,Depression,2
2018,7,Uttar Pradesh,Gastroenteritis,3
2018,7,Uttar Pradesh,Heart Disease,1
2018,7,Uttar Pradesh,Hepatitis B,1
2018,7,Uttar Pradesh,Hypertension,2
2018,7,Uttar Pradesh,Japanese Encephalitis,1
2018,7,Uttar Pradesh,Kala-Azar,1
2018,7,Uttar Pradesh,Leptospirosis,1
2018,7,Uttar Pradesh,Lung Cancer,1
2018,7,Uttar Pradesh,Malaria,4
2018,7,Uttar Pradesh,Oral Cancer,1
2018,7,Uttar Pradesh,Pneumonia,1
2018,7,Uttar Pradesh,Sickle Cell Anemia,1
2018,7,Uttar Pradesh,Typhoid,1
2018,7,West Bengal,Anxiety Disorder,1
2018,7,West Bengal,Chikungunya,2
2018,7,West Bengal,Cholera,2
2018,7,West Bengal,Dengue,1
2018,7,West Bengal,Gastroenteritis,4
2018,7,West Bengal,Heart Disease,1
2018,7,West Bengal,Hepatitis B,1
2018,7,West Bengal,Jaundice (Hepatitis A),1
2018,7,West Bengal,Kala-Azar,1
2018,7,West Bengal,Leptospirosis,2
2018,7,West Bengal,Lung Cancer,1
2018,7,West Bengal,Malaria,1
2018,7,West Bengal,Oral Cancer,1
2018,7,West Bengal,Sickle Cell Anemia,1
2018,7,West Bengal,Stroke,1
2018,7,West Bengal,Tuberculosis,1
2018,8,Andhra Pradesh,Asthma,1
2018,8,Andhra Pradesh,Breast Cancer,1
2018,8,Andhra Pradesh,Cholera,2
2018,8,Andhra Pradesh,Diarrhea,1
2018,8,Andhra Pradesh,Gastroenteritis,2
2018,8,Andhra Pradesh,HIV/AIDS,1
2018,8,Andhra Pradesh,Heart Disease,1
2018,8,Andhra Pradesh,Hepatitis B,1
2018,8,Andhra Pradesh,Japanese Encephalitis,1
2018,8,Andhra Pradesh,Jaundice (Hepatitis A),1
2018,8,Andhra Pradesh,Leptospirosis,1
2018,8,Andhra Pradesh,Oral Cancer,1
2018,8,Andhra Pradesh,Sickle Cell Anemia,1
2018,8,Andhra Pradesh,Stroke,1
2018,8,Assam,Chronic Kidney Disease,1
2018,8,Assam,Diarrhea,1
2018,8,Assam,Gastroenteritis,1
2018,8,Assam,Japanese Encephalitis,1
2018,8,Assam,Leptospirosis,1
2018,8,Assam,Sickle Cell Anemia,1
2018,8,Bihar,Anxiety Disorder,3
2018,8,Bihar,Chikungunya,1
2018,8,Bihar,Cholera,1
2018,8,Bihar,Dengue,3
2018,8,Bihar,Diabetes (Type 2),1
2018,8,Bihar,Diarrhea,1
2018,8,Bihar,Heart Disease,1
2018,8,Bihar,Hepatitis B,1
2018,8,Bihar,Hypertension,1
2018,8,Bihar,Japanese Encephalitis,2
2018,8,Bihar,Jaundice (Hepatitis A),2
2018,8,Bihar,Malaria,1
2018,8,Bihar,Oral Cancer,1
2018,8,Bihar,Sickle Cell Anemia,1
2018,8,Bihar,Stroke,1
2018,8,Bihar,Swine Flu (H1N1),1
2018,8,Bihar,Typhoid,1
2018,8,Chhattisgarh,Anxiety Disorder,1
2018,8,Chhattisgarh,Cholera,1
2018,8,Chhattisgarh,Diarrhea,1
2018,8,Chhattisgarh,Gastroenteritis,1
2018,8,Chhattisgarh,HIV/AIDS,1
2018,8,Chhattisgarh,Japanese Encephalitis,1
2018,8,Chhattisgarh,Leptospirosis,1
2018,8,Chhattisgarh,Typhoid,1
2018,8,Goa,Dengue,1
2018,8,Goa,Depression,1
2018,8,Gujarat,COVID-19,2
2018,8,Gujarat,Cholera,1
2018,8,Gujarat,Depression,1
2018,8,Gujarat,Diabetes (Type 2),2
2018,8,Gujarat,Filariasis,1
2018,8,Gujarat,HIV/AIDS,2
2018,8,Gujarat,Hypertension,1
2018,8,Gujarat,Leptospirosis,1
2018,8,Gujarat,Malaria,3
2018,8,Gujarat,Sickle Cell Anemia,1
2018,8,Gujarat,Swine Flu (H1N1),1
2018,8,Gujarat,Typhoid,1
2018,8,Haryana,COVID-19,1
2018,8,Haryana,Gastroenteritis,1
2018,8,Haryana,HIV/AIDS,1
2018,8,Haryana,Leptospirosis,1
2018,8,Haryana,Thalassemia,1
2018,8,Himachal Pradesh,Oral Cancer,1
2018,8,Jammu and Kashmir,Asthma,1
2018,8,Jammu and Kashmir,Lung Cancer,1
2018,8,Jammu and Kashmir,Malaria,1
2018,8,Jammu and Kashmir,Oral Cancer,1
2018,8,Jammu and Kashmir,Thalassemia,1
2018,8,Jharkhand,Cholera,1
2018,8,Jharkhand,Depression,2
2018,8,Jharkhand,Diabetes (Type 2),1
2018,8,Jharkhand,Filariasis,1
2018,8,Jharkhand,HIV/AIDS,1
2018,8,Jharkhand,Hepatitis B,1
2018,8,Jharkhand,Malaria,3
2018,8,Karnataka,COPD,1
2018,8,Karnataka,Chikungunya,3
2018,8,Karnataka,Chronic Kidney Disease,2
2018,8,Karnataka,Depression,1
2018,8,Karnataka,Hepatitis B,2
2018,8,Karnataka,Jaundice (Hepatitis A),2
2018,8,Karnataka,Oral Cancer,1
2018,8,Karnataka,Swine Flu (H1N1),1
2018,8,Karnataka,Thalassemia,1
2018,8,Karnataka,Typhoid,1
2018,8,Kerala,Breast Cancer,1
2018,8,Kerala,Cholera,1
2018,8,Kerala,Chronic Kidney Disease,1
2018,8,Kerala,Dengue,1
2018,8,Kerala,Diabetes (Type 2),1
2018,8,Kerala,Gastroenteritis,1
2018,8,Kerala,Heart Disease,2
2018,8,Kerala,Hypertension,1
2018,8,Kerala,Leptospirosis,1
2018,8,Kerala,Malaria,1
2018,8,Kerala,Sickle Cell Anemia,1
2018,8,Madhya Pradesh,Chikungunya,4
2018,8,Madhya Pradesh,Cholera,2
2018,8,Madhya Pradesh,Dengue,2
2018,8,Madhya Pradesh,Diarrhea,1
2018,8,Madhya Pradesh,HIV/AIDS,1
2018,8,Madhya Pradesh,Hepatitis B,2
2018,8,Madhya Pradesh,Kala-Azar,1
2018,8,Madhya Pradesh,Leptospirosis,1
2018,8,Madhya Pradesh,Sickle Cell Anemia,1
2018,8,Madhya Pradesh,Thalassemia,1
2018,8,Maharashtra,Anxiety Disorder,1
2018,8,Maharashtra,Breast Cancer,1
2018,8,Maharashtra,COPD,1
2018,8,Maharashtra,Chikungunya,1
2018,8,Maharashtra,Cholera,1
2018,8,Maharashtra,Dengue,1
2018,8,Maharashtra,Gastroenteritis,2
2018,8,Maharashtra,HIV/AIDS,2
2018,8,Maharashtra,Hepatitis B,2
2018,8,Maharashtra,Jaundice (Hepatitis A),1
2018,8,Maharashtra,Leptospirosis,1
2018,8,Maharashtra,Malaria,2
2018,8,Maharashtra,Pneumonia,1
2018,8,Maharashtra,Sickle Cell Anemia,1
2018,8,Maharashtra,Thalassemia,1
2018,8,Maharashtra,Typhoid,1
2018,8,Manipur,Depression,1
2018,8,Manipur,Lung Cancer,1
2018,8,Meghalaya,Chikungunya,1
2018,8,NCT of Delhi,COVID-19,1
2018,8,NCT of Delhi,Lung Cancer,1
2018,8,NCT of Delhi,Sickle Cell Anemia,1
2018,8,NCT of Delhi,Typhoid,1
2018,8,Nagaland,Dengue,1
2018,8,Nagaland,Filariasis,1
2018,8,Nagaland,Jaundice (Hepatitis A),1
2018,8,Odisha,COPD,1
2018,8,Odisha,Chikungunya,1
2018,8,Odisha,Cholera,1
2018,8,Odisha,Dengue,1
2018,8,Odisha,Heart Disease,1
2018,8,Odisha,Hepatitis B,1
2018,8,Odisha,Kala-Azar,1
2018,8,Odisha,Leptospirosis,1
2018,8,Odisha,Lung Cancer,2
2018,8,Odisha,Malaria,1
2018,8,Punjab,Asthma,1
2018,8,Punjab,Cholera,1
2018,8,Punjab,Diarrhea,1
2018,8,Rajasthan,Anxiety Disorder,1
2018,8,Rajasthan,Chikungunya,1
2018,8,Rajasthan,Cholera,2
2018,8,Rajasthan,Dengue,5
2018,8,Rajasthan,Diabetes (Type 2),1
2018,8,Rajasthan,Gastroenteritis,1
2018,8,Rajasthan,HIV/AIDS,1
2018,8,Rajasthan,Hypertension,1
2018,8,Rajasthan,Leptospirosis,2
2018,8,Rajasthan,Lung Cancer,1
2018,8,Rajasthan,Malaria,1
2018,8,Rajasthan,Oral Cancer,1
2018,8,Rajasthan,Typhoid,1
2018,8,Tamil Nadu,Chikungunya,1
2018,8,Tamil Nadu,Cholera,1
2018,8,Tamil Nadu,Dengue,3
2018,8,Tamil Nadu,Depression,1
2018,8,Tamil Nadu,Gastroenteritis,1
2018,8,Tamil Nadu,HIV/AIDS,1
2018,8,Tamil Nadu,Japanese Encephalitis,2
2018,8,Tamil Nadu,Jaundice (Hepatitis A),1
2018,8,Tamil Nadu,Kala-Azar,1
2018,8,Tamil Nadu,Lung Cancer,1
2018,8,Tamil Nadu,Sickle Cell Anemia,1
2018,8,Tamil Nadu,Typhoid,2
2018,8,Telangana,Filariasis,1
2018,8,Telangana,Hepatitis B,1
2018,8,Telangana,Hypertension,1
2018,8,Telangana,Malaria,1
2018,8,Telangana,Sickle Cell Anemia,1
2018,8,Telangana,Stroke,1
2018,8,Telangana,Thalassemia,1
2018,8,Telangana,Tuberculosis,1
2018,8,Uttar Pradesh,Anxiety Disorder,2
2018,8,Uttar Pradesh,Breast Cancer,1
2018,8,Uttar Pradesh,COPD,1
2018,8,Uttar Pradesh,Cholera,1
2018,8,Uttar Pradesh,Chronic Kidney Disease,1
2018,8,Uttar Pradesh,Depression,2
2018,8,Uttar Pradesh,Diabetes (Type 2),1
2018,8,Uttar Pradesh,Diarrhea,1
2018,8,Uttar Pradesh,Filariasis,1
2018,8,Uttar Pradesh,Gastroenteritis,1
2018,8,Uttar Pradesh,HIV/AIDS,3
2018,8,Uttar Pradesh,Hepatitis B,2
2018,8,Uttar Pradesh,Japanese Encephalitis,2
2018,8,Uttar Pradesh,Jaundice (Hepatitis A),4
2018,8,Uttar Pradesh,Leptospirosis,1
2018,8,Uttar Pradesh,Malaria,1
2018,8,Uttar Pradesh,Pneumonia,2
2018,8,Uttar Pradesh,Stroke,2
2018,8,Uttar Pradesh,Swine Flu (H1N1),1
2018,8,Uttarakhand,Kala-Azar,1
2018,8,West Bengal,Cholera,3
2018,8,West Bengal,Depression,1
2018,8,West Bengal,Heart Disease,1
2018,8,West Bengal,Lung Cancer,1
2018,8,West Bengal,Malaria,1
2018,8,West Bengal,Sickle Cell Anemia,1
2018,8,West Bengal,Stroke,1
2018,8,West Bengal,Thalassemia,1
2018,9,Andhra Pradesh,Anxiety Disorder,1
2018,9,Andhra Pradesh,Asthma,1
2018,9,Andhra Pradesh,Breast Cancer,1
2018,9,Andhra Pradesh,Cholera,1
2018,9,Andhra Pradesh,Dengue,1
2018,9,Andhra Pradesh,Diarrhea,1
2018,9,Andhra Pradesh,HIV/AIDS,1
2018,9,Andhra Pradesh,Heart Disease,2
2018,9,Andhra Pradesh,Hypertension,1
2018,9,Andhra Pradesh,Leptospirosis,1
2018,9,Andhra Pradesh,Malaria,2
2018,9,Andhra Pradesh,Oral Cancer,2
2018,9,Andhra Pradesh,Tuberculosis,1
2018,9,Assam,Anxiety Disorder,1
2018,9,Assam,Chikungunya,1
2018,9,Assam,Cholera,1
2018,9,Assam,Depression,1
2018,9,Assam,HIV/AIDS,1
2018,9,Assam,Lung Cancer,1
2018,9,Assam,Malaria,3
2018,9,Assam,Sickle Cell Anemia,1
2018,9,Assam,Tuberculosis,1
2018,9,Bihar,Anxiety Disorder,2
2018,9,Bihar,COVID-19,1
2018,9,Bihar,Cholera,1
2018,9,Bihar,Dengue,1
2018,9,Bihar,Diabetes (Type 2),1
2018,9,Bihar,Diarrhea,1
2018,9,Bihar,Filariasis,1
2018,9,Bihar,HIV/AIDS,1
2018,9,Bihar,Kala-Azar,2
2018,9,Bihar,Leptospirosis,1
2018,9,Bihar,Malaria,3
2018,9,Bihar,Oral Cancer,1
2018,9,Bihar,Thalassemia,3
2018,9,Bihar,Tuberculosis,1
2018,9,Chhattisgarh,Chikungunya,1
2018,9,Chhattisgarh,Cholera,3
2018,9,Chhattisgarh,Diabetes (Type 2),1
2018,9,Chhattisgarh,Japanese Encephalitis,1
2018,9,Chhattisgarh,Malaria,2
2018,9,Chhattisgarh,Typhoid,1
2018,9,Goa,Depression,1
2018,9,Goa,Diarrhea,1
2018,9,Gujarat,Breast Cancer,1
2018,9,Gujarat,COPD,1
2018,9,Gujarat,Chikungunya,1
2018,9,Gujarat,Cholera,2
2018,9,Gujarat,Chronic Kidney Disease,1
2018,9,Gujarat,Oral Cancer,1
2018,9,Gujarat,Sickle Cell Anemia,1
2018,9,Gujarat,Stroke,2
2018,9,Gujarat,Thalassemia,2
2018,9,Haryana,HIV/AIDS,1
2018,9,Haryana,Japanese Encephalitis,1
2018,9,Haryana,Leptospirosis,1
2018,9,Haryana,Swine Flu (H1N1),1
2018,9,Himachal Pradesh,Hypertension,1
2018,9,Jammu and Kashmir,Cholera,1
2018,9,Jharkhand,Anxiety Disorder,1
2018,9,Jharkhand,Cholera,2
2018,9,Jharkhand,HIV/AIDS,1
2018,9,Jharkhand,Hepatitis B,1
2018,9,Jharkhand,Malaria,1
2018,9,Jharkhand,Tuberculosis,1
2018,9,Karnataka,Anxiety Disorder,1
2018,9,Karnataka,Chronic Kidney Disease,2
2018,9,Karnataka,Diabetes (Type 2),2
2018,9,Karnataka,Diarrhea,1
2018,9,Karnataka,Heart Disease,1
2018,9,Karnataka,Hypertension,1
2018,9,Karnataka,Oral Cancer,1
2018,9,Karnataka,Sickle Cell Anemia,1
2018,9,Karnataka,Tuberculosis,2
2018,9,Kerala,Breast Cancer,1
2018,9,Kerala,Heart Disease,1
2018,9,Kerala,Leptospirosis,1
2018,9,Kerala,Typhoid,1
2018,9,Madhya Pradesh,Breast Cancer,1
2018,9,Madhya Pradesh,Chikungunya,1
2018,9,Madhya Pradesh,HIV/AIDS,3
2018,9,Madhya Pradesh,Hepatitis B,1
2018,9,Madhya Pradesh,Lung Cancer,1
2018,9,Madhya Pradesh,Malaria,1
2018,9,Maharashtra,COVID-19,1
2018,9,Maharashtra,Chikungunya,3
2018,9,Maharashtra,Cholera,1
2018,9,Maharashtra,Dengue,1
2018,9,Maharashtra,Diarrhea,2
2018,9,Maharashtra,Filariasis,1
2018,9,Maharashtra,Kala-Azar,1
2018,9,Maharashtra,Leptospirosis,1
2018,9,Maharashtra,Stroke,1
2018,9,Maharashtra,Thalassemia,1
2018,9,Maharashtra,Tuberculosis,2
2018,9,Maharashtra,Typhoid,1
2018,9,Manipur,Typhoid,1
2018,9,NCT of Delhi,Anxiety Disorder,1
2018,9,NCT of Delhi,Cholera,1
2018,9,NCT of Delhi,Filariasis,1
2018,9,NCT of Delhi,Typhoid,1
2018,9,Nagaland,Kala-Azar,1
2018,9,Odisha,Filariasis,1
2018,9,Odisha,Heart Disease,1
2018,9,Odisha,Leptospirosis,2
2018,9,Odisha,Malaria,1
2018,9,Odisha,Tuberculosis,1
2018,9,Punjab,Cholera,1
2018,9,Punjab,Leptospirosis,1
2018,9,Punjab,Malaria,2
2018,9,Punjab,Tuberculosis,1
2018,9,Rajasthan,Anxiety Disorder,1
2018,9,Rajasthan,Asthma,1
2018,9,Rajasthan,Breast Cancer,1
2018,9,Rajasthan,Chikungunya,1
2018,9,Rajasthan,Cholera,2
2018,9,Rajasthan,Dengue,2
2018,9,Rajasthan,Depression,1
2018,9,Rajasthan,Diabetes (Type 2),2
2018,9,Rajasthan,Diarrhea,1
2018,9,Rajasthan,Heart Disease,1
2018,9,Rajasthan,Kala-Azar,1
2018,9,Rajasthan,Leptospirosis,2
2018,9,Rajasthan,Pneumonia,1
2018,9,Rajasthan,Sickle Cell Anemia,1
2018,9,Tamil Nadu,Breast Cancer,2
2018,9,Tamil Nadu,Chikungunya,2
2018,9,Tamil Nadu,Diabetes (Type 2),1
2018,9,Tamil Nadu,Diarrhea,1
2018,9,Tamil Nadu,Filariasis,1
2018,9,Tamil Nadu,Leptospirosis,2
2018,9,Tamil Nadu,Lung Cancer,1
2018,9,Tamil Nadu,Malaria,1
2018,9,Tamil Nadu,Oral Cancer,1
2018,9,Tamil Nadu,Tuberculosis,1
2018,9,Telangana,Asthma,1
2018,9,Telangana,Hypertension,1
2018,9,Telangana,Jaundice (Hepatitis A),1
2018,9,Telangana,Kala-Azar,1
2018,9,Telangana,Oral Cancer,1
2018,9,Tripura,Heart Disease,1
2018,9,Tripura,Leptospirosis,1
2018,9,Uttar Pradesh,Chikungunya,3
2018,9,Uttar Pradesh,Cholera,5
2018,9,Uttar Pradesh,Chronic Kidney Disease,2
2018,9,Uttar Pradesh,Dengue,2
2018,9,Uttar Pradesh,Depression,1
2018,9,Uttar Pradesh,Diabetes (Type 2),1
2018,9,Uttar Pradesh,Diarrhea,1
2018,9,Uttar Pradesh,HIV/AIDS,1
2018,9,Uttar Pradesh,Heart Disease,3
2018,9,Uttar Pradesh,Hepatitis B,2
2018,9,Uttar Pradesh,Leptospirosis,3
2018,9,Uttar Pradesh,Lung Cancer,1
2018,9,Uttar Pradesh,Malaria,3
2018,9,Uttar Pradesh,Oral Cancer,3
2018,9,Uttar Pradesh,Thalassemia,1
2018,9,Uttar Pradesh,Tuberculosis,2
2018,9,Uttar Pradesh,Typhoid,1
2018,9,Uttarakhand,Dengue,1
2018,9,Uttarakhand,Kala-Azar,1
2018,9,West Bengal,Chikungunya,1
2018,9,West Bengal,Cholera,2
2018,9,West Bengal,Chronic Kidney Disease,2
2018,9,West Bengal,Dengue,2
2018,9,West Bengal,Diabetes (Type 2),2
2018,9,West Bengal,Diarrhea,1
2018,9,West Bengal,Japanese Encephalitis,2
2018,9,West Bengal,Jaundice (Hepatitis A),1
2018,9,West Bengal,Lung Cancer,1
2018,9,West Bengal,Stroke,1
2018,9,West Bengal,Thalassemia,4
2018,10,Andhra Pradesh,Anxiety Disorder,1
2018,10,Andhra Pradesh,Cholera,1
2018,10,Andhra Pradesh,Chronic Kidney Disease,1
2018,10,Andhra Pradesh,Hepatitis B,1
2018,10,Andhra Pradesh,Leptospirosis,1
2018,10,Andhra Pradesh,Sickle Cell Anemia,2
2018,10,Andhra Pradesh,Stroke,1
2018,10,Andhra Pradesh,Thalassemia,1
2018,10,Assam,Malaria,2
2018,10,Assam,Pneumonia,1
2018,10,Bihar,Anxiety Disorder,1
2018,10,Bihar,Asthma,1
2018,10,Bihar,Breast Cancer,1
2018,10,Bihar,COPD,1
2018,10,Bihar,Dengue,1
2018,10,Bihar,Depression,1
2018,10,Bihar,Diarrhea,2
2018,10,Bihar,HIV/AIDS,1
2018,10,Bihar,Hypertension,2
2018,10,Bihar,Japanese Encephalitis,1
2018,10,Bihar,Jaundice (Hepatitis A),2
2018,10,Bihar,Kala-Azar,1
2018,10,Bihar,Leptospirosis,1
2018,10,Bihar,Malaria,1
2018,10,Bihar,Oral Cancer,1
2018,10,Bihar,Pneumonia,1
2018,10,Chandigarh,Oral Cancer,1
2018,10,Chhattisgarh,Chikungunya,1
2018,10,Chhattisgarh,Cholera,1
2018,10,Chhattisgarh,Leptospirosis,1
2018,10,Goa,Dengue,1
2018,10,Gujarat,Breast Cancer,2
2018,10,Gujarat,Chikungunya,1
2018,10,Gujarat,Cholera,1
2018,10,Gujarat,Dengue,3
2018,10,Gujarat,Depression,1
2018,10,Gujarat,Filariasis,2
2018,10,Gujarat,Heart Disease,2
2018,10,Gujarat,Typhoid,2
2018,10,Haryana,Anxiety Disorder,1
2018,10,Haryana,Breast Cancer,1
2018,10,Haryana,Cholera,1
2018,10,Haryana,Typhoid,1
2018,10,Himachal Pradesh,Dengue,1
2018,10,Himachal Pradesh,Depression,1
2018,10,Himachal Pradesh,Lung Cancer,1
2018,10,Jharkhand,Cholera,1
2018,10,Jharkhand,Dengue,1
2018,10,Jharkhand,Depression,1
2018,10,Jharkhand,Heart Disease,1
2018,10,Jharkhand,Leptospirosis,1
2018,10,Karnataka,Cholera,1
2018,10,Karnataka,Chronic Kidney Disease,2
2018,10,Karnataka,Dengue,2
2018,10,Karnataka,Hepatitis B,1
2018,10,Karnataka,Japanese Encephalitis,1
2018,10,Karnataka,Leptospirosis,1
2018,10,Karnataka,Lung Cancer,2
2018,10,Kerala,Chikungunya,1
2018,10,Kerala,Cholera,1
2018,10,Kerala,Chronic Kidney Disease,1
2018,10,Kerala,Depression,1
2018,10,Kerala,Leptospirosis,1
2018,10,Madhya Pradesh,Cholera,1
2018,10,Madhya Pradesh,Diabetes (Type 2),2
2018,10,Madhya Pradesh,HIV/AIDS,1
2018,10,Madhya Pradesh,Heart Disease,1
2018,10,Madhya Pradesh,Hepatitis B,2
2018,10,Madhya Pradesh,Kala-Azar,1
2018,10,Madhya Pradesh,Leptospirosis,1
2018,10,Madhya Pradesh,Sickle Cell Anemia,1
2018,10,Madhya Pradesh,Thalassemia,1
2018,10,Madhya Pradesh,Typhoid,1
2018,10,Maharashtra,Asthma,1
2018,10,Maharashtra,Breast Cancer,1
2018,10,Maharashtra,Chikungunya,2
2018,10,Maharashtra,Chronic Kidney Disease,1
2018,10,Maharashtra,Dengue,4
2018,10,Maharashtra,Depression,1
2018,10,Maharashtra,Diarrhea,1
2018,10,Maharashtra,Filariasis,1
2018,10,Maharashtra,Gastroenteritis,2
2018,10,Maharashtra,Hypertension,1
2018,10,Maharashtra,Lung Cancer,1
2018,10,Maharashtra,Malaria,2
2018,10,Maharashtra,Oral Cancer,2
2018,10,Maharashtra,Pneumonia,1
2018,10,Maharashtra,Swine Flu (H1N1),1
2018,10,Maharashtra,Tuberculosis,4
2018,10,Manipur,Chikungunya,1
2018,10,Manipur,Heart Disease,1
2018,10,Manipur,Japanese Encephalitis,1
2018,10,NCT of Delhi,Cholera,1
2018,10,NCT of Delhi,Filariasis,1
2018,10,NCT of Delhi,Heart Disease,1
2018,10,NCT of Delhi,Hepatitis B,1
2018,10,NCT of Delhi,Japanese Encephalitis,1
2018,10,Odisha,Diabetes (Type 2),1
2018,10,Odisha,Heart Disease,1
2018,10,Odisha,Hypertension,1
2018,10,Odisha,Leptospirosis,1
2018,10,Odisha,Lung Cancer,1
2018,10,Odisha,Oral Cancer,1
2018,10,Odisha,Sickle Cell Anemia,2
2018,10,Odisha,Typhoid,1
2018,10,Punjab,Cholera,1
2018,10,Punjab,HIV/AIDS,1
2018,10,Punjab,Hypertension,1
2018,10,Punjab,Jaundice (Hepatitis A),1
2018,10,Punjab,Leptospirosis,1
2018,10,Punjab,Thalassemia,1
2018,10,Punjab,Typhoid,1
2018,10,Rajasthan,Chikungunya,2
2018,10,Rajasthan,Depression,1
2018,10,Rajasthan,Gastroenteritis,1
2018,10,Rajasthan,Leptospirosis,1
2018,10,Rajasthan,Tuberculosis,1
2018,10,Tamil Nadu,Breast Cancer,1
2018,10,Tamil Nadu,Chikungunya,2
2018,10,Tamil Nadu,Chronic Kidney Disease,1
2018,10,Tamil Nadu,Dengue,1
2018,10,Tamil Nadu,Depression,1
2018,10,Tamil Nadu,Filariasis,1
2018,10,Tamil Nadu,HIV/AIDS,2
2018,10,Tamil Nadu,Heart Disease,1
2018,10,Tamil Nadu,Hypertension,1
2018,10,Tamil Nadu,Leptospirosis,2
2018,10,Tamil Nadu,Lung Cancer,1
2018,10,Tamil Nadu,Malaria,3
2018,10,Tamil Nadu,Oral Cancer,2
2018,10,Tamil Nadu,Pneumonia,1
2018,10,Tamil Nadu,Sickle Cell Anemia,1
2018,10,Tamil Nadu,Stroke,1
2018,10,Tamil Nadu,Tuberculosis,1
2018,10,Telangana,Chikungunya,1
2018,10,Telangana,Cholera,2
2018,10,Telangana,Dengue,1
2018,10,Telangana,Diarrhea,1
2018,10,Telangana,Japanese Encephalitis,1
2018,10,Telangana,Jaundice (Hepatitis A),1
2018,10,Telangana,Pneumonia,1
2018,10,Telangana,Stroke,1
2018,10,Tripura,Heart Disease,1
2018,10,Uttar Pradesh,Anxiety Disorder,1
2018,10,Uttar Pradesh,Breast Cancer,2
2018,10,Uttar Pradesh,COPD,1
2018,10,Uttar Pradesh,Chikungunya,1
2018,10,Uttar Pradesh,Cholera,1
2018,10,Uttar Pradesh,Dengue,1
2018,10,Uttar Pradesh,Depression,1
2018,10,Uttar Pradesh,Diabetes (Type 2),1
2018,10,Uttar Pradesh,Diarrhea,1
2018,10,Uttar Pradesh,Filariasis,1
2018,10,Uttar Pradesh,Gastroenteritis,1
2018,10,Uttar Pradesh,HIV/AIDS,2
2018,10,Uttar Pradesh,Heart Disease,1
2018,10,Uttar Pradesh,Jaundice (Hepatitis A),1
2018,10,Uttar Pradesh,Leptospirosis,1
2018,10,Uttar Pradesh,Lung Cancer,2
2018,10,Uttar Pradesh,Malaria,3
2018,10,Uttar Pradesh,Oral Cancer,1
2018,10,Uttar Pradesh,Sickle Cell Anemia,2
2018,10,Uttarakhand,Hypertension,1
2018,10,Uttarakhand,Swine Flu (H1N1),1
2018,10,West Bengal,Chikungunya,1
2018,10,West Bengal,Chronic Kidney Disease,1
2018,10,West Bengal,Depression,1
2018,10,West Bengal,Diarrhea,1
2018,10,West Bengal,Filariasis,2
2018,10,West Bengal,Leptospirosis,2
2018,10,West Bengal,Lung Cancer,2
2018,10,West Bengal,Oral Cancer,1
2018,10,West Bengal,Stroke,1
2018,10,West Bengal,Swine Flu (H1N1),1
2018,10,West Bengal,Typhoid,1
2018,11,Andaman and Nicobar Islands,Oral Cancer,1
2018,11,Andhra Pradesh,COPD,2
2018,11,Andhra Pradesh,Dengue,1
2018,11,Andhra Pradesh,Filariasis,1
2018,11,Andhra Pradesh,Kala-Azar,1
2018,11,Andhra Pradesh,Leptospirosis,1
2018,11,Andhra Pradesh,Oral Cancer,1
2018,11,Andhra Pradesh,Thalassemia,1
2018,11,Andhra Pradesh,Typhoid,1
2018,11,Assam,Asthma,1
2018,11,Assam,COPD,1
2018,11,Assam,COVID-19,1
2018,11,Assam,Diabetes (Type 2),1
2018,11,Assam,Sickle Cell Anemia,1
2018,11,Bihar,Anxiety Disorder,1
2018,11,Bihar,Asthma,1
2018,11,Bihar,Depression,1
2018,11,Bihar,Gastroenteritis,1
2018,11,Bihar,HIV/AIDS,1
2018,11,Bihar,Hepatitis B,1
2018,11,Bihar,Japanese Encephalitis,1
2018,11,Bihar,Kala-Azar,1
2018,11,Bihar,Oral Cancer,1
2018,11,Bihar,Pneumonia,1
2018,11,Bihar,Stroke,1
2018,11,Bihar,Swine Flu (H1N1),2
2018,11,Bihar,Thalassemia,1
2018,11,Bihar,Tuberculosis,1
2018,11,Bihar,Typhoid,1
2018,11,Chhattisgarh,Anxiety Disorder,2
2018,11,Chhattisgarh,Asthma,1
2018,11,Chhattisgarh,Filariasis,1
2018,11,Chhattisgarh,Gastroenteritis,1
2018,11,Chhattisgarh,Sickle Cell Anemia,1
2018,11,Gujarat,Breast Cancer,1
2018,11,Gujarat,COPD,1
2018,11,Gujarat,COVID-19,1
2018,11,Gujarat,Chronic Kidney Disease,2
2018,11,Gujarat,Diarrhea,1
2018,11,Gujarat,HIV/AIDS,1
2018,11,Gujarat,Kala-Azar,1
2018,11,Gujarat,Lung Cancer,1
2018,11,Gujarat,Oral Cancer,2
2018,11,Gujarat,Swine Flu (H1N1),3
2018,11,Gujarat,Typhoid,1
2018,11,Haryana,Asthma,2
2018,11,Haryana,COVID-19,1
2018,11,Haryana,Chronic Kidney Disease,1
2018,11,Haryana,Typhoid,1
2018,11,Himachal Pradesh,Heart Disease,1
2018,11,Himachal Pradesh,Swine Flu (H1N1),1
2018,11,Jharkhand,Asthma,1
2018,11,Jharkhand,Depression,1
2018,11,Jharkhand,Pneumonia,1
2018,11,Jharkhand,Thalassemia,1
2018,11,Karnataka,Anxiety Disorder,1
2018,11,Karnataka,COVID-19,1
2018,11,Karnataka,Diabetes (Type 2),1
2018,11,Karnataka,Hypertension,1
2018,11,Karnataka,Japanese Encephalitis,1
2018,11,Karnataka,Swine Flu (H1N1),1
2018,11,Kerala,Filariasis,1
2018,11,Kerala,Japanese Encephalitis,1
2018,11,Kerala,Oral Cancer,1
2018,11,Kerala,Pneumonia,1
2018,11,Kerala,Tuberculosis,1
2018,11,Madhya Pradesh,Asthma,1
2018,11,Madhya Pradesh,COPD,2
2018,11,Madhya Pradesh,COVID-19,2
2018,11,Madhya Pradesh,Chronic Kidney Disease,1
2018,11,Madhya Pradesh,Depression,1
2018,11,Madhya Pradesh,Filariasis,1
2018,11,Madhya Pradesh,Hepatitis B,1
2018,11,Madhya Pradesh,Japanese Encephalitis,1
2018,11,Madhya Pradesh,Kala-Azar,1
2018,11,Madhya Pradesh,Leptospirosis,1
2018,11,Madhya Pradesh,Lung Cancer,1
2018,11,Madhya Pradesh,Swine Flu (H1N1),1
2018,11,Madhya Pradesh,Thalassemia,3
2018,11,Madhya Pradesh,Tuberculosis,3
2018,11,Madhya Pradesh,Typhoid,1
2018,11,Maharashtra,Anxiety Disorder,1
2018,11,Maharashtra,Asthma,2
2018,11,Maharashtra,COPD,1
2018,11,Maharashtra,Chronic Kidney Disease,1
2018,11,Maharashtra,Depression,1
2018,11,Maharashtra,Diabetes (Type 2),2
2018,11,Maharashtra,Diarrhea,1
2018,11,Maharashtra,Kala-Azar,1
2018,11,Maharashtra,Leptospirosis,1
2018,11,Maharashtra,Oral Cancer,1
2018,11,Maharashtra,Pneumonia,1
2018,11,Manipur,Swine Flu (H1N1),1
2018,11,Meghalaya,Chronic Kidney Disease,1
2018,11,Meghalaya,Filariasis,1
2018,11,NCT of Delhi,Asthma,1
2018,11,NCT of Delhi,Lung Cancer,1
2018,11,NCT of Delhi,Swine Flu (H1N1),1
2018,11,Odisha,Asthma,1
2018,11,Odisha,Chronic Kidney Disease,1
2018,11,Odisha,Heart Disease,1
2018,11,Odisha,Jaundice (Hepatitis A),1
2018,11,Odisha,Leptospirosis,1
2018,11,Odisha,Swine Flu (H1N1),1
2018,11,Punjab,COVID-19,1
2018,11,Punjab,Chronic Kidney Disease,1
2018,11,Punjab,Gastroenteritis,1
2018,11,Punjab,Swine Flu (H1N1),1
2018,11,Rajasthan,Asthma,1
2018,11,Rajasthan,COPD,1
2018,11,Rajasthan,COVID-19,1
2018,11,Rajasthan,Cholera,1
2018,11,Rajasthan,Chronic Kidney Disease,1
2018,11,Rajasthan,Depression,1
2018,11,Rajasthan,Diabetes (Type 2),2
2018,11,Rajasthan,Diarrhea,1
2018,11,Rajasthan,Filariasis,1
2018,11,Rajasthan,Hepatitis B,2
2018,11,Rajasthan,Oral Cancer,1
2018,11,Rajasthan,Pneumonia,1
2018,11,Rajasthan,Sickle Cell Anemia,2
2018,11,Rajasthan,Thalassemia,1
2018,11,Rajasthan,Tuberculosis,1
2018,11,Tamil Nadu,Asthma,1
2018,11,Tamil Nadu,Breast Cancer,1
2018,11,Tamil Nadu,COVID-19,1
2018,11,Tamil Nadu,Chikungunya,1
2018,11,Tamil Nadu,Chronic Kidney Disease,1
2018,11,Tamil Nadu,HIV/AIDS,1
2018,11,Tamil Nadu,Hypertension,1
2018,11,Tamil Nadu,Japanese Encephalitis,1
2018,11,Tamil Nadu,Kala-Azar,1
2018,11,Tamil Nadu,Pneumonia,2
2018,11,Tamil Nadu,Swine Flu (H1N1),1
2018,11,Tamil Nadu,Thalassemia,3
2018,11,Telangana,COVID-19,2
2018,11,Telangana,Chronic Kidney Disease,1
2018,11,Telangana,Depression,1
2018,11,Telangana,Diabetes (Type 2),1
2018,11,Telangana,Diarrhea,1
2018,11,Telangana,Filariasis,1
2018,11,Telangana,HIV/AIDS,1
2018,11,Telangana,Hepatitis B,1
2018,11,Telangana,Kala-Azar,2
2018,11,Telangana,Pneumonia,1
2018,11,Telangana,Sickle Cell Anemia,1
2018,11,Uttar Pradesh,Anxiety Disorder,1
2018,11,Uttar Pradesh,Asthma,4
2018,11,Uttar Pradesh,COPD,2
2018,11,Uttar Pradesh,COVID-19,3
2018,11,Uttar Pradesh,Dengue,2
2018,11,Uttar Pradesh,Diarrhea,2
2018,11,Uttar Pradesh,Filariasis,1
2018,11,Uttar Pradesh,HIV/AIDS,1
2018,11,Uttar Pradesh,Heart Disease,1
2018,11,Uttar Pradesh,Hepatitis B,1
2018,11,Uttar Pradesh,Jaundice (Hepatitis A),1
2018,11,Uttar Pradesh,Kala-Azar,3
2018,11,Uttar Pradesh,Leptospirosis,2
2018,11,Uttar Pradesh,Oral Cancer,2
2018,11,Uttar Pradesh,Pneumonia,3
2018,11,Uttar Pradesh,Sickle Cell Anemia,1
2018,11,Uttar Pradesh,Swine Flu (H1N1),2
2018,11,Uttar Pradesh,Thalassemia,1
2018,11,Uttar Pradesh,Tuberculosis,2
2018,11,Uttarakhand,Chikungunya,1
2018,11,Uttarakhand,Hepatitis B,1
2018,11,Uttarakhand,Japanese Encephalitis,1
2018,11,Uttarakhand,Swine Flu (H1N1),1
2018,11,West Bengal,Anxiety Disorder,1
2018,11,West Bengal,Asthma,1
2018,11,West Bengal,COPD,1
2018,11,West Bengal,COVID-19,1
2018,11,West Bengal,Chikungunya,1
2018,11,West Bengal,Chronic Kidney Disease,1
2018,11,West Bengal,Dengue,1
2018,11,West Bengal,Depression,1
2018,11,West Bengal,Diabetes (Type 2),1
2018,11,West Bengal,HIV/AIDS,1
2018,11,West Bengal,Hepatitis B,1
2018,11,West Bengal,Pneumonia,1
2018,11,West Bengal,Sickle Cell Anemia,2
2018,11,West Bengal,Swine Flu (H1N1),1
2018,11,West Bengal,Thalassemia,1
2018,12,Andhra Pradesh,Asthma,2
2018,12,Andhra Pradesh,COPD,1
2018,12,Andhra Pradesh,COVID-19,3
2018,12,Andhra Pradesh,Depression,1
2018,12,Andhra Pradesh,Diabetes (Type 2),1
2018,12,Andhra Pradesh,Heart Disease,1
2018,12,Andhra Pradesh,Jaundice (Hepatitis A),1
2018,12,Andhra Pradesh,Lung Cancer,1
2018,12,Andhra Pradesh,Pneumonia,1
2018,12,Andhra Pradesh,Thalassemia,1
2018,12,Assam,Breast Cancer,1
2018,12,Assam,Lung Cancer,1
2018,12,Assam,Tuberculosis,1
2018,12,Bihar,Asthma,1
2018,12,Bihar,COPD,2
2018,12,Bihar,COVID-19,1
2018,12,Bihar,Chronic Kidney Disease,2
2018,12,Bihar,Filariasis,1
2018,12,Bihar,HIV/AIDS,1
2018,12,Bihar,Heart Disease,1
2018,12,Bihar,Lung Cancer,1
2018,12,Bihar,Pneumonia,2
2018,12,Bihar,Stroke,2
2018,12,Bihar,Swine Flu (H1N1),1
2018,12,Bihar,Thalassemia,1
2018,12,Bihar,Tuberculosis,1
2018,12,Bihar,Typhoid,1
2018,12,Chhattisgarh,HIV/AIDS,1
2018,12,Chhattisgarh,Kala-Azar,1
2018,12,Chhattisgarh,Lung Cancer,1
2018,12,Chhattisgarh,Malaria,1
2018,12,Chhattisgarh,Oral Cancer,1
2018,12,Chhattisgarh,Swine Flu (H1N1),1
2018,12,Goa,COVID-19,1
2018,12,Gujarat,Diarrhea,1
2018,12,Gujarat,Filariasis,1
2018,12,Gujarat,HIV/AIDS,1
2018,12,Gujarat,Heart Disease,1
2018,12,Gujarat,Lung Cancer,1
2018,12,Gujarat,Oral Cancer,1
2018,12,Gujarat,Stroke,1
2018,12,Gujarat,Tuberculosis,1
2018,12,Haryana,COPD,1
2018,12,Haryana,COVID-19,1
2018,12,Haryana,HIV/AIDS,1
2018,12,Haryana,Heart Disease,1
2018,12,Haryana,Leptospirosis,1
2018,12,Haryana,Malaria,1
2018,12,Haryana,Pneumonia,1
2018,12,Haryana,Tuberculosis,2
2018,12,Himachal Pradesh,Breast Cancer,1
2018,12,Jammu and Kashmir,Asthma,1
2018,12,Jharkhand,COPD,1
2018,12,Jharkhand,COVID-19,1
2018,12,Jharkhand,Heart Disease,1
2018,12,Karnataka,Anxiety Disorder,1
2018,12,Karnataka,Asthma,1
2018,12,Karnataka,Breast Cancer,2
2018,12,Karnataka,COPD,2
2018,12,Karnataka,Dengue,1
2018,12,Karnataka,Gastroenteritis,1
2018,12,Karnataka,HIV/AIDS,1
2018,12,Karnataka,Japanese Encephalitis,1
2018,12,Karnataka,Lung Cancer,1
2018,12,Karnataka,Stroke,1
2018,12,Karnataka,Swine Flu (H1N1),2
2018,12,Kerala,Asthma,2
2018,12,Kerala,Hepatitis B,1
2018,12,Kerala,Kala-Azar,1
2018,12,Kerala,Tuberculosis,1
2018,12,Madhya Pradesh,Asthma,1
2018,12,Madhya Pradesh,Breast Cancer,1
2018,12,Madhya Pradesh,COPD,2
2018,12,Madhya Pradesh,COVID-19,2
2018,12,Madhya Pradesh,Chronic Kidney Disease,1
2018,12,Madhya Pradesh,Depression,1
2018,12,Madhya Pradesh,Hypertension,1
2018,12,Madhya Pradesh,Japanese Encephalitis,1
2018,12,Madhya Pradesh,Kala-Azar,1
2018,12,Madhya Pradesh,Oral Cancer,1
2018,12,Madhya Pradesh,Pneumonia,2
2018,12,Madhya Pradesh,Swine Flu (H1N1),1
2018,12,Madhya Pradesh,Thalassemia,1
2018,12,Madhya Pradesh,Tuberculosis,1
2018,12,Maharashtra,Breast Cancer,2
2018,12,Maharashtra,COPD,2
2018,12,Maharashtra,COVID-19,1
2018,12,Maharashtra,Chikungunya,1
2018,12,Maharashtra,Chronic Kidney Disease,1
2018,12,Maharashtra,Depression,3
2018,12,Maharashtra,Diarrhea,1
2018,12,Maharashtra,Gastroenteritis,1
2018,12,Maharashtra,Hypertension,1
2018,12,Maharashtra,Japanese Encephalitis,1
2018,12,Maharashtra,Kala-Azar,1
2018,12,Maharashtra,Sickle Cell Anemia,1
2018,12,Maharashtra,Swine Flu (H1N1),1
2018,12,Maharashtra,Thalassemia,1
2018,12,Manipur,Hypertension,1
2018,12,Meghalaya,Filariasis,1
2018,12,NCT of Delhi,Anxiety Disorder,1
2018,12,NCT of Delhi,Asthma,1
2018,12,NCT of Delhi,Diabetes (Type 2),1
2018,12,NCT of Delhi,Hepatitis B,1
2018,12,NCT of Delhi,Sickle Cell Anemia,1
2018,12,NCT of Delhi,Tuberculosis,1
2018,12,Nagaland,Kala-Azar,1
2018,12,Nagaland,Oral Cancer,1
2018,12,Odisha,Filariasis,2
2018,12,Odisha,Japanese Encephalitis,1
2018,12,Odisha,Kala-Azar,1
2018,12,Odisha,Pneumonia,1
2018,12,Odisha,Typhoid,2
2018,12,Puducherry,HIV/AIDS,1
2018,12,Punjab,COPD,1
2018,12,Punjab,COVID-19,1
2018,12,Punjab,Hepatitis B,2
2018,12,Rajasthan,Asthma,2
2018,12,Rajasthan,Breast Cancer,1
2018,12,Rajasthan,COVID-19,1
2018,12,Rajasthan,Chikungunya,1
2018,12,Rajasthan,Diabetes (Type 2),1
2018,12,Rajasthan,Diarrhea,2
2018,12,Rajasthan,Filariasis,2
2018,12,Rajasthan,HIV/AIDS,1
2018,12,Rajasthan,Pneumonia,1
2018,12,Rajasthan,Sickle Cell Anemia,1
2018,12,Rajasthan,Swine Flu (H1N1),1
2018,12,Rajasthan,Typhoid,1
2018,12,Tamil Nadu,Asthma,1
2018,12,Tamil Nadu,COPD,2
2018,12,Tamil Nadu,COVID-19,1
2018,12,Tamil Nadu,Diabetes (Type 2),1
2018,12,Tamil Nadu,HIV/AIDS,2
2018,12,Tamil Nadu,Hepatitis B,1
2018,12,Tamil Nadu,Hypertension,1
2018,12,Tamil Nadu,Oral Cancer,1
2018,12,Tamil Nadu,Pneumonia,1
2018,12,Tamil Nadu,Sickle Cell Anemia,1
2018,12,Tamil Nadu,Stroke,1
2018,12,Telangana,Breast Cancer,1
2018,12,Telangana,Depression,3
2018,12,Telangana,Pneumonia,1
2018,12,Telangana,Stroke,1
2018,12,Tripura,Pneumonia,1
2018,12,Uttar Pradesh,Asthma,4
2018,12,Uttar Pradesh,COPD,2
2018,12,Uttar Pradesh,COVID-19,2
2018,12,Uttar Pradesh,Dengue,1
2018,12,Uttar Pradesh,Depression,2
2018,12,Uttar Pradesh,Diabetes (Type 2),2
2018,12,Uttar Pradesh,Diarrhea,1
2018,12,Uttar Pradesh,Filariasis,1
2018,12,Uttar Pradesh,HIV/AIDS,2
2018,12,Uttar Pradesh,Heart Disease,3
2018,12,Uttar Pradesh,Hepatitis B,1
2018,12,Uttar Pradesh,Hypertension,1
2018,12,Uttar Pradesh,Lung Cancer,3
2018,12,Uttar Pradesh,Malaria,2
2018,12,Uttar Pradesh,Pneumonia,3
2018,12,Uttar Pradesh,Stroke,2
2018,12,Uttar Pradesh,Swine Flu (H1N1),5
2018,12,Uttar Pradesh,Thalassemia,1
2018,12,Uttarakhand,Malaria,1
2018,12,Uttarakhand,Swine Flu (H1N1),1
2018,12,West Bengal,Anxiety Disorder,1
2018,12,West Bengal,Asthma,1
2018,12,West Bengal,COPD,1
2018,12,West Bengal,COVID-19,1
2018,12,West Bengal,Diabetes (Type 2),2
2018,12,West Bengal,Diarrhea,4
2018,12,West Bengal,Gastroenteritis,1
2018,12,West Bengal,Heart Disease,1
2018,12,West Bengal,Hypertension,1
2018,12,West Bengal,Kala-Azar,1
2018,12,West Bengal,Malaria,1
2018,12,West Bengal,Pneumonia,1
2018,12,West Bengal,Stroke,1
2018,12,West Bengal,Typhoid,2
2019,1,Andhra Pradesh,Diarrhea,1
2019,1,Andhra Pradesh,Leptospirosis,1
2019,1,Andhra Pradesh,Swine Flu (H1N1),2
2019,1,Assam,Cholera,1
2019,1,Assam,Filariasis,1
2019,1,Assam,Hepatitis B,1
2019,1,Assam,Hypertension,1
2019,1,Assam,Japanese Encephalitis,1
2019,1,Assam,Leptospirosis,1
2019,1,Assam,Pneumonia,1
2019,1,Bihar,Asthma,1
2019,1,Bihar,COPD,3
2019,1,Bihar,COVID-19,1
2019,1,Bihar,Cholera,1
2019,1,Bihar,Dengue,1
2019,1,Bihar,Depression,2
2019,1,Bihar,Diabetes (Type 2),2
2019,1,Bihar,Filariasis,2
2019,1,Bihar,Gastroenteritis,1
2019,1,Bihar,Kala-Azar,2
2019,1,Bihar,Oral Cancer,1
2019,1,Bihar,Swine Flu (H1N1),1
2019,1,Bihar,Typhoid,2
2019,1,Chhattisgarh,COPD,1
2019,1,Chhattisgarh,Diabetes (Type 2),1
2019,1,Chhattisgarh,Hepatitis B,1
2019,1,Chhattisgarh,Stroke,1
2019,1,Chhattisgarh,Tuberculosis,1
2019,1,Gujarat,COPD,1
2019,1,Gujarat,Dengue,1
2019,1,Gujarat,Diarrhea,1
2019,1,Gujarat,HIV/AIDS,2
2019,1,Gujarat,Japanese Encephalitis,1
2019,1,Gujarat,Lung Cancer,1
2019,1,Gujarat,Pneumonia,1
2019,1,Gujarat,Stroke,2
2019,1,Gujarat,Tuberculosis,1
2019,1,Gujarat,Typhoid,1
2019,1,Haryana,Anxiety Disorder,1
2019,1,Haryana,Breast Cancer,1
2019,1,Haryana,COVID-19,1
2019,1,Haryana,Depression,1
2019,1,Haryana,HIV/AIDS,1
2019,1,Haryana,Hypertension,1
2019,1,Haryana,Japanese Encephalitis,1
2019,1,Haryana,Jaundice (Hepatitis A),1
2019,1,Haryana,Kala-Azar,1
2019,1,Haryana,Stroke,1
2019,1,Haryana,Typhoid,1
2019,1,Himachal Pradesh,Chronic Kidney Disease,1
2019,1,Himachal Pradesh,Pneumonia,1
2019,1,Jammu and Kashmir,Depression,1
2019,1,Jharkhand,Asthma,1
2019,1,Jharkhand,Diarrhea,1
2019,1,Jharkhand,Gastroenteritis,1
2019,1,Jharkhand,Hepatitis B,1
2019,1,Jharkhand,Japanese Encephalitis,1
2019,1,Jharkhand,Stroke,1
2019,1,Karnataka,Asthma,1
2019,1,Karnataka,COPD,2
2019,1,Karnataka,COVID-19,2
2019,1,Karnataka,Diarrhea,1
2019,1,Karnataka,Hypertension,1
2019,1,Karnataka,Jaundice (Hepatitis A),1
2019,1,Karnataka,Oral Cancer,1
2019,1,Karnataka,Pneumonia,1
2019,1,Karnataka,Sickle Cell Anemia,1
2019,1,Karnataka,Swine Flu (H1N1),1
2019,1,Karnataka,Thalassemia,1
2019,1,Karnataka,Tuberculosis,2
2019,1,Karnataka,Typhoid,1
2019,1,Kerala,Depression,1
2019,1,Kerala,Japanese Encephalitis,1
2019,1,Kerala,Pneumonia,1
2019,1,Kerala,Stroke,1
2019,1,Kerala,Swine Flu (H1N1),1
2019,1,Madhya Pradesh,Asthma,1
2019,1,Madhya Pradesh,COPD,2
2019,1,Madhya Pradesh,Chronic Kidney Disease,1
2019,1,Madhya Pradesh,Diabetes (Type 2),1
2019,1,Madhya Pradesh,Filariasis,1
2019,1,Madhya Pradesh,Japanese Encephalitis,2
2019,1,Madhya Pradesh,Jaundice (Hepatitis A),1
2019,1,Madhya Pradesh,Leptospirosis,1
2019,1,Madhya Pradesh,Lung Cancer,1
2019,1,Madhya Pradesh,Stroke,1
2019,1,Madhya Pradesh,Swine Flu (H1N1),1
2019,1,Madhya Pradesh,Thalassemia,1
2019,1,Madhya Pradesh,Tuberculosis,1
2019,1,Madhya Pradesh,Typhoid,1
2019,1,Maharashtra,Asthma,1
2019,1,Maharashtra,Depression,1
2019,1,Maharashtra,Gastroenteritis,1
2019,1,Maharashtra,Heart Disease,1
2019,1,Maharashtra,Japanese Encephalitis,2
2019,1,Maharashtra,Lung Cancer,1
2019,1,Maharashtra,Pneumonia,2
2019,1,Maharashtra,Sickle Cell Anemia,1
2019,1,Maharashtra,Swine Flu (H1N1),2
2019,1,Maharashtra,Tuberculosis,1
2019,1,Manipur,Diarrhea,1
2019,1,NCT of Delhi,Asthma,1
2019,1,NCT of Delhi,HIV/AIDS,1
2019,1,NCT of Delhi,Tuberculosis,1
2019,1,Nagaland,Asthma,1
2019,1,Odisha,Asthma,2
2019,1,Odisha,COPD,1
2019,1,Odisha,Diabetes (Type 2),1
2019,1,Punjab,COVID-19,2
2019,1,Punjab,Diarrhea,2
2019,1,Punjab,Hepatitis B,1
2019,1,Punjab,Pneumonia,1
2019,1,Punjab,Stroke,1
2019,1,Rajasthan,Asthma,1
2019,1,Rajasthan,COPD,1
2019,1,Rajasthan,Chikungunya,1
2019,1,Rajasthan,Chronic Kidney Disease,1
2019,1,Rajasthan,Diabetes (Type 2),1
2019,1,Rajasthan,Diarrhea,1
2019,1,Rajasthan,Hepatitis B,1
2019,1,Rajasthan,Hypertension,2
2019,1,Rajasthan,Kala-Azar,2
2019,1,Rajasthan,Lung Cancer,1
2019,1,Rajasthan,Stroke,1
2019,1,Rajasthan,Swine Flu (H1N1),2
2019,1,Rajasthan,Thalassemia,1
2019,1,Rajasthan,Tuberculosis,1
2019,1,Tamil Nadu,Anxiety Disorder,1
2019,1,Tamil Nadu,Breast Cancer,1
2019,1,Tamil Nadu,COPD,2
2019,1,Tamil Nadu,COVID-19,1
2019,1,Tamil Nadu,Gastroenteritis,1
2019,1,Tamil Nadu,Kala-Azar,2
2019,1,Tamil Nadu,Lung Cancer,1
2019,1,Tamil Nadu,Malaria,1
2019,1,Tamil Nadu,Pneumonia,1
2019,1,Tamil Nadu,Stroke,1
2019,1,Tamil Nadu,Tuberculosis,1
2019,1,Telangana,Anxiety Disorder,1
2019,1,Telangana,Diarrhea,1
2019,1,Telangana,Pneumonia,1
2019,1,Telangana,Swine Flu (H1N1),1
2019,1,Telangana,Thalassemia,1
2019,1,Tripura,COPD,1
2019,1,Tripura,Chronic Kidney Disease,1
2019,1,Uttar Pradesh,Anxiety Disorder,1
2019,1,Uttar Pradesh,Asthma,2
2019,1,Uttar Pradesh,COPD,2
2019,1,Uttar Pradesh,COVID-19,4
2019,1,Uttar Pradesh,Depression,1
2019,1,Uttar Pradesh,Filariasis,2
2019,1,Uttar Pradesh,Gastroenteritis,1
2019,1,Uttar Pradesh,Hepatitis B,2
2019,1,Uttar Pradesh,Hypertension,1
2019,1,Uttar Pradesh,Kala-Azar,1
2019,1,Uttar Pradesh,Leptospirosis,1
2019,1,Uttar Pradesh,Pneumonia,3
2019,1,Uttar Pradesh,Swine Flu (H1N1),4
2019,1,Uttar Pradesh,Thalassemia,1
2019,1,Uttarakhand,Asthma,1
2019,1,Uttarakhand,Heart Disease,1
2019,1,Uttarakhand,Swine Flu (H1N1),1
2019,1,West Bengal,Asthma,1
2019,1,West Bengal,Breast Cancer,1
2019,1,West Bengal,COPD,1
2019,1,West Bengal,Chronic Kidney Disease,2
2019,1,West Bengal,Depression,2
2019,1,West Bengal,Diarrhea,1
2019,1,West Bengal,Filariasis,2
2019,1,West Bengal,HIV/AIDS,1
2019,1,West Bengal,Hepatitis B,1
2019,1,West Bengal,Hypertension,3
2019,1,West Bengal,Kala-Azar,1
2019,1,West Bengal,Malaria,1
2019,1,West Bengal,Sickle Cell Anemia,1
2019,1,West Bengal,Stroke,2
2019,1,West Bengal,Swine Flu (H1N1),1
2019,1,West Bengal,Thalassemia,2
2019,1,West Bengal,Tuberculosis,1
2019,1,West Bengal,Typhoid,1
2019,2,Andaman and Nicobar Islands,Chronic Kidney Disease,1
2019,2,Andhra Pradesh,COPD,1
2019,2,Andhra Pradesh,COVID-19,1
2019,2,Andhra Pradesh,Depression,1
2019,2,Andhra Pradesh,Oral Cancer,1
2019,2,Andhra Pradesh,Pneumonia,1
2019,2,Arunachal Pradesh,Dengue,1
2019,2,Arunachal Pradesh,Sickle Cell Anemia,1
2019,2,Assam,Breast Cancer,1
2019,2,Assam,Cholera,1
2019,2,Assam,Pneumonia,3
2019,2,Assam,Sickle Cell Anemia,2
2019,2,Assam,Swine Flu (H1N1),1
2019,2,Bihar,Anxiety Disorder,1
2019,2,Bihar,Asthma,2
2019,2,Bihar,COVID-19,2
2019,2,Bihar,Depression,1
2019,2,Bihar,Diarrhea,1
2019,2,Bihar,Heart Disease,1
2019,2,Bihar,Hepatitis B,1
2019,2,Bihar,Kala-Azar,2
2019,2,Bihar,Pneumonia,3
2019,2,Bihar,Sickle Cell Anemia,1
2019,2,Bihar,Stroke,1
2019,2,Bihar,Typhoid,1
2019,2,Chhattisgarh,Asthma,1
2019,2,Chhattisgarh,COVID-19,1
2019,2,Chhattisgarh,Chronic Kidney Disease,1
2019,2,Chhattisgarh,Hypertension,1
2019,2,Chhattisgarh,Stroke,1
2019,2,Chhattisgarh,Thalassemia,1
2019,2,Gujarat,Anxiety Disorder,1
2019,2,Gujarat,COVID-19,1
2019,2,Gujarat,Diarrhea,1
2019,2,Gujarat,Filariasis,1
2019,2,Gujarat,Heart Disease,1
2019,2,Gujarat,Kala-Azar,1
2019,2,Gujarat,Oral Cancer,1
2019,2,Gujarat,Tuberculosis,2
2019,2,Haryana,Depression,1
2019,2,Haryana,Swine Flu (H1N1),1
2019,2,Himachal Pradesh,Dengue,1
2019,2,Jammu and Kashmir,Oral Cancer,1
2019,2,Jharkhand,Anxiety Disorder,1
2019,2,Jharkhand,Asthma,1
2019,2,Jharkhand,COVID-19,1
2019,2,Jharkhand,Depression,1
2019,2,Jharkhand,Lung Cancer,1
2019,2,Jharkhand,Swine Flu (H1N1),1
2019,2,Karnataka,Breast Cancer,1
2019,2,Karnataka,Diabetes (Type 2),1
2019,2,Karnataka,HIV/AIDS,1
2019,2,Karnataka,Heart Disease,1
2019,2,Karnataka,Lung Cancer,1
2019,2,Karnataka,Oral Cancer,1
2019,2,Karnataka,Stroke,1
2019,2,Kerala,Asthma,1
2019,2,Kerala,Depression,1
2019,2,Kerala,Diabetes (Type 2),1
2019,2,Kerala,Diarrhea,1
2019,2,Kerala,Typhoid,1
2019,2,Madhya Pradesh,Anxiety Disorder,1
2019,2,Madhya Pradesh,Breast Cancer,1
2019,2,Madhya Pradesh,COVID-19,1
2019,2,Madhya Pradesh,Chronic Kidney Disease,2
2019,2,Madhya Pradesh,Filariasis,1
2019,2,Madhya Pradesh,HIV/AIDS,1
2019,2,Madhya Pradesh,Hypertension,1
2019,2,Madhya Pradesh,Jaundice (Hepatitis A),2
2019,2,Madhya Pradesh,Pneumonia,1
2019,2,Madhya Pradesh,Swine Flu (H1N1),4
2019,2,Madhya Pradesh,Thalassemia,1
2019,2,Madhya Pradesh,Typhoid,1
2019,2,Maharashtra,Breast Cancer,1
2019,2,Maharashtra,Chikungunya,1
2019,2,Maharashtra,Diabetes (Type 2),1
2019,2,Maharashtra,Diarrhea,1
2019,2,Maharashtra,Heart Disease,1
2019,2,Maharashtra,Hepatitis B,2
2019,2,Maharashtra,Hypertension,2
2019,2,Maharashtra,Japanese Encephalitis,1
2019,2,Maharashtra,Kala-Azar,1
2019,2,Maharashtra,Oral Cancer,1
2019,2,Maharashtra,Sickle Cell Anemia,1
2019,2,Maharashtra,Stroke,1
2019,2,Maharashtra,Thalassemia,1
2019,2,Maharashtra,Tuberculosis,2
2019,2,Meghalaya,COVID-19,1
2019,2,Meghalaya,Swine Flu (H1N1),1
2019,2,Mizoram,Diarrhea,1
2019,2,NCT of Delhi,COPD,1
2019,2,Nagaland,Hypertension,1
2019,2,Odisha,Asthma,2
2019,2,Odisha,COPD,1
2019,2,Odisha,Cholera,1
2019,2,Odisha,Diarrhea,1
2019,2,Odisha,Hypertension,1
2019,2,Odisha,Kala-Azar,1
2019,2,Odisha,Malaria,1
2019,2,Odisha,Pneumonia,1
2019,2,Punjab,Depression,1
2019,2,Punjab,HIV/AIDS,1
2019,2,Punjab,Tuberculosis,1
2019,2,Punjab,Typhoid,1
2019,2,Rajasthan,Anxiety Disorder,1
2019,2,Rajasthan,Asthma,1
2019,2,Rajasthan,Chikungunya,1
2019,2,Rajasthan,Diarrhea,1
2019,2,Rajasthan,Lung Cancer,1
2019,2,Rajasthan,Oral Cancer,1
2019,2,Rajasthan,Pneumonia,1
2019,2,Rajasthan,Swine Flu (H1N1),1
2019,2,Rajasthan,Typhoid,1
2019,2,Tamil Nadu,Asthma,1
2019,2,Tamil Nadu,Breast Cancer,1
2019,2,Tamil Nadu,COVID-19,1
2019,2,Tamil Nadu,Depression,1
2019,2,Tamil Nadu,Diabetes (Type 2),2
2019,2,Tamil Nadu,Diarrhea,1
2019,2,Tamil Nadu,HIV/AIDS,1
2019,2,Tamil Nadu,Hepatitis B,1
2019,2,Tamil Nadu,Jaundice (Hepatitis A),1
2019,2,Tamil Nadu,Leptospirosis,2
2019,2,Tamil Nadu,Lung Cancer,1
2019,2,Tamil Nadu,Pneumonia,2
2019,2,Tamil Nadu,Typhoid,1
2019,2,Telangana,Asthma,2
2019,2,Telangana,Breast Cancer,1
2019,2,Telangana,COPD,1
2019,2,Telangana,Depression,1
2019,2,Telangana,HIV/AIDS,1
2019,2,Telangana,Oral Cancer,1
2019,2,Tripura,Asthma,1
2019,2,Tripura,Thalassemia,1
2019,2,Uttar Pradesh,Anxiety Disorder,2
2019,2,Uttar Pradesh,Asthma,2
2019,2,Uttar Pradesh,Breast Cancer,1
2019,2,Uttar Pradesh,COPD,2
2019,2,Uttar Pradesh,COVID-19,3
2019,2,Uttar Pradesh,Chikungunya,1
2019,2,Uttar Pradesh,Chronic Kidney Disease,1
2019,2,Uttar Pradesh,Filariasis,2
2019,2,Uttar Pradesh,HIV/AIDS,1
2019,2,Uttar Pradesh,Hepatitis B,1
2019,2,Uttar Pradesh,Japanese Encephalitis,1
2019,2,Uttar Pradesh,Kala-Azar,1
2019,2,Uttar Pradesh,Lung Cancer,2
2019,2,Uttar Pradesh,Oral Cancer,1
2019,2,Uttar Pradesh,Pneumonia,1
2019,2,Uttar Pradesh,Sickle Cell Anemia,2
2019,2,Uttar Pradesh,Swine Flu (H1N1),1
2019,2,West Bengal,Asthma,2
2019,2,West Bengal,Breast Cancer,1
2019,2,West Bengal,COPD,1
2019,2,West Bengal,COVID-19,1
2019,2,West Bengal,Cholera,1
2019,2,West Bengal,Chronic Kidney Disease,1
2019,2,West Bengal,Diarrhea,1
2019,2,West Bengal,Filariasis,1
2019,2,West Bengal,Lung Cancer,1
2019,2,West Bengal,Thalassemia,1
2019,2,West Bengal,Tuberculosis,1
2019,3,Andhra Pradesh,Anxiety Disorder,1
2019,3,Andhra Pradesh,COPD,1
2019,3,Assam,Chronic Kidney Disease,1
2019,3,Assam,Leptospirosis,1
2019,3,Assam,Oral Cancer,1
2019,3,Assam,Swine Flu (H1N1),1
2019,3,Assam,Tuberculosis,1
2019,3,Bihar,Breast Cancer,1
2019,3,Bihar,Chikungunya,1
2019,3,Bihar,Cholera,1
2019,3,Bihar,Depression,1
2019,3,Bihar,Diabetes (Type 2),1
2019,3,Bihar,Filariasis,1
2019,3,Bihar,HIV/AIDS,1
2019,3,Bihar,Heart Disease,1
2019,3,Bihar,Japanese Encephalitis,2
2019,3,Bihar,Kala-Azar,1
2019,3,Bihar,Oral Cancer,1
2019,3,Bihar,Pneumonia,1
2019,3,Bihar,Sickle Cell Anemia,1
2019,3,Bihar,Tuberculosis,1
2019,3,Chhattisgarh,Chronic Kidney Disease,1
2019,3,Chhattisgarh,Kala-Azar,1
2019,3,Chhattisgarh,Typhoid,1
2019,3,Gujarat,Anxiety Disorder,1
2019,3,Gujarat,Breast Cancer,1
2019,3,Gujarat,Chronic Kidney Disease,1
2019,3,Gujarat,Depression,1
2019,3,Gujarat,Diabetes (Type 2),1
2019,3,Gujarat,Gastroenteritis,1
2019,3,Gujarat,HIV/AIDS,1
2019,3,Gujarat,Stroke,1
2019,3,Gujarat,Swine Flu (H1N1),1
2019,3,Gujarat,Thalassemia,1
2019,3,Haryana,Asthma,1
2019,3,Haryana,Sickle Cell Anemia,1
2019,3,Jharkhand,Depression,1
2019,3,Karnataka,Hepatitis B,1
2019,3,Karnataka,Stroke,1
2019,3,Kerala,Asthma,1
2019,3,Madhya Pradesh,Breast Cancer,1
2019,3,Madhya Pradesh,Cholera,1
2019,3,Madhya Pradesh,Chronic Kidney Disease,2
2019,3,Madhya Pradesh,Diabetes (Type 2),1
2019,3,Madhya Pradesh,Hypertension,1
2019,3,Madhya Pradesh,Japanese Encephalitis,1
2019,3,Madhya Pradesh,Lung Cancer,1
2019,3,Madhya Pradesh,Typhoid,1
2019,3,Maharashtra,Breast Cancer,2
2019,3,Maharashtra,Depression,1
2019,3,Maharashtra,Gastroenteritis,1
2019,3,Maharashtra,Heart Disease,1
2019,3,Maharashtra,Hepatitis B,1
2019,3,Maharashtra,Kala-Azar,1
2019,3,Maharashtra,Lung Cancer,2
2019,3,Maharashtra,Pneumonia,1
2019,3,Maharashtra,Tuberculosis,1
2019,3,Maharashtra,Typhoid,1
2019,3,Meghalaya,Typhoid,1
2019,3,NCT of Delhi,Diabetes (Type 2),1
2019,3,NCT of Delhi,Thalassemia,1
2019,3,Nagaland,Typhoid,1
2019,3,Odisha,COPD,1
2019,3,Odisha,HIV/AIDS,1
2019,3,Odisha,Heart Disease,1
2019,3,Odisha,Hepatitis B,1
2019,3,Odisha,Kala-Azar,1
2019,3,Odisha,Tuberculosis,1
2019,3,Punjab,Anxiety Disorder,1
2019,3,Punjab,Filariasis,1
2019,3,Punjab,Heart Disease,1
2019,3,Punjab,Japanese Encephalitis,1
2019,3,Rajasthan,Anxiety Disorder,1
2019,3,Rajasthan,Cholera,1
2019,3,Rajasthan,Gastroenteritis,1
2019,3,Rajasthan,Hepatitis B,1
2019,3,Rajasthan,Hypertension,1
2019,3,Rajasthan,Kala-Azar,1
2019,3,Rajasthan,Lung Cancer,1
2019,3,Rajasthan,Oral Cancer,1
2019,3,Rajasthan,Sickle Cell Anemia,1
2019,3,Rajasthan,Stroke,1
2019,3,Rajasthan,Thalassemia,1
2019,3,Rajasthan,Tuberculosis,1
2019,3,Rajasthan,Typhoid,1
2019,3,Tamil Nadu,Asthma,2
2019,3,Tamil Nadu,Breast Cancer,1
2019,3,Tamil Nadu,Chronic Kidney Disease,1
2019,3,Tamil Nadu,Diabetes (Type 2),1
2019,3,Tamil Nadu,Gastroenteritis,1
2019,3,Tamil Nadu,HIV/AIDS,1
2019,3,Tamil Nadu,Heart Disease,3
2019,3,Tamil Nadu,Hepatitis B,1
2019,3,Tamil Nadu,Kala-Azar,1
2019,3,Tamil Nadu,Lung Cancer,1
2019,3,Tamil Nadu,Stroke,1
2019,3,Tamil Nadu,Tuberculosis,1
2019,3,Tamil Nadu,Typhoid,1
2019,3,Telangana,Chronic Kidney Disease,1
2019,3,Telangana,Hypertension,1
2019,3,Telangana,Sickle Cell Anemia,1
2019,3,Telangana,Thalassemia,1
2019,3,Uttar Pradesh,Anxiety Disorder,2
2019,3,Uttar Pradesh,Breast Cancer,3
2019,3,Uttar Pradesh,COPD,1
2019,3,Uttar Pradesh,COVID-19,1
2019,3,Uttar Pradesh,Chikungunya,1
2019,3,Uttar Pradesh,Cholera,1
2019,3,Uttar Pradesh,Chronic Kidney Disease,1
2019,3,Uttar Pradesh,Dengue,1
2019,3,Uttar Pradesh,Depression,1
2019,3,Uttar Pradesh,Diarrhea,1
2019,3,Uttar Pradesh,Filariasis,1
2019,3,Uttar Pradesh,HIV/AIDS,1
2019,3,Uttar Pradesh,Hepatitis B,2
2019,3,Uttar Pradesh,Kala-Azar,1
2019,3,Uttar Pradesh,Oral Cancer,1
2019,3,Uttar Pradesh,Stroke,3
2019,3,Uttar Pradesh,Thalassemia,2
2019,3,Uttar Pradesh,Typhoid,2
2019,3,Uttarakhand,Leptospirosis,1
2019,3,West Bengal,Breast Cancer,1
2019,3,West Bengal,Diabetes (Type 2),1
2019,3,West Bengal,Filariasis,1
2019,3,West Bengal,Kala-Azar,1
2019,3,West Bengal,Leptospirosis,1
2019,3,West Bengal,Oral Cancer,2
2019,3,West Bengal,Pneumonia,2
2019,3,West Bengal,Sickle Cell Anemia,3
2019,3,West Bengal,Thalassemia,1
2019,4,Andhra Pradesh,Gastroenteritis,2
2019,4,Andhra Pradesh,Heart Disease,1
2019,4,Andhra Pradesh,Jaundice (Hepatitis A),1
2019,4,Andhra Pradesh,Kala-Azar,1
2019,4,Andhra Pradesh,Thalassemia,2
2019,4,Assam,Anxiety Disorder,1
2019,4,Assam,Cholera,1
2019,4,Assam,Diarrhea,1
2019,4,Assam,Heart Disease,1
2019,4,Assam,Hepatitis B,1
2019,4,Assam,Sickle Cell Anemia,1
2019,4,Assam,Typhoid,2
2019,4,Bihar,COPD,1
2019,4,Bihar,Cholera,1
2019,4,Bihar,Chronic Kidney Disease,1
2019,4,Bihar,Depression,2
2019,4,Bihar,Gastroenteritis,2
2019,4,Bihar,Heart Disease,1
2019,4,Bihar,Hepatitis B,1
2019,4,Bihar,Jaundice (Hepatitis A),2
2019,4,Bihar,Kala-Azar,2
2019,4,Bihar,Oral Cancer,1
2019,4,Chhattisgarh,Depression,1
2019,4,Chhattisgarh,Diabetes (Type 2),1
2019,4,Chhattisgarh,Filariasis,1
2019,4,Chhattisgarh,Heart Disease,1
2019,4,Chhattisgarh,Oral Cancer,1
2019,4,Gujarat,Diabetes (Type 2),1
2019,4,Gujarat,Hepatitis B,1
2019,4,Gujarat,Jaundice (Hepatitis A),1
2019,4,Gujarat,Lung Cancer,1
2019,4,Gujarat,Pneumonia,1
2019,4,Gujarat,Sickle Cell Anemia,1
2019,4,Gujarat,Typhoid,1
2019,4,Haryana,Anxiety Disorder,1
2019,4,Haryana,Asthma,1
2019,4,Haryana,Chronic Kidney Disease,1
2019,4,Haryana,Gastroenteritis,1
2019,4,Haryana,Japanese Encephalitis,2
2019,4,Haryana,Sickle Cell Anemia,1
2019,4,Haryana,Thalassemia,1
2019,4,Himachal Pradesh,Diabetes (Type 2),1
2019,4,Himachal Pradesh,Hepatitis B,1
2019,4,Jharkhand,Filariasis,1
2019,4,Jharkhand,Gastroenteritis,1
2019,4,Jharkhand,Jaundice (Hepatitis A),1
2019,4,Jharkhand,Stroke,1
2019,4,Karnataka,COPD,1
2019,4,Karnataka,Filariasis,1
2019,4,Karnataka,Gastroenteritis,1
2019,4,Karnataka,Heart Disease,1
2019,4,Karnataka,Lung Cancer,1
2019,4,Karnataka,Malaria,1
2019,4,Kerala,Depression,1
2019,4,Kerala,Malaria,1
2019,4,Kerala,Stroke,1
2019,4,Madhya Pradesh,Cholera,1
2019,4,Madhya Pradesh,Chronic Kidney Disease,1
2019,4,Madhya Pradesh,Dengue,1
2019,4,Madhya Pradesh,Gastroenteritis,1
2019,4,Madhya Pradesh,Heart Disease,1
2019,4,Madhya Pradesh,Japanese Encephalitis,1
2019,4,Madhya Pradesh,Jaundice (Hepatitis A),1
2019,4,Madhya Pradesh,Sickle Cell Anemia,1
2019,4,Madhya Pradesh,Stroke,1
2019,4,Maharashtra,Anxiety Disorder,1
2019,4,Maharashtra,Breast Cancer,1
2019,4,Maharashtra,COPD,1
2019,4,Maharashtra,Filariasis,2
2019,4,Maharashtra,Hypertension,2
2019,4,Maharashtra,Japanese Encephalitis,2
2019,4,Maharashtra,Jaundice (Hepatitis A),1
2019,4,Maharashtra,Typhoid,1
2019,4,Manipur,Depression,1
2019,4,Manipur,Diabetes (Type 2),1
2019,4,Manipur,Thalassemia,1
2019,4,Meghalaya,Hepatitis B,1
2019,4,Mizoram,Gastroenteritis,1
2019,4,NCT of Delhi,Malaria,1
2019,4,NCT of Delhi,Thalassemia,1
2019,4,NCT of Delhi,Tuberculosis,1
2019,4,Nagaland,Chronic Kidney Disease,1
2019,4,Odisha,Anxiety Disorder,1
2019,4,Odisha,Chikungunya,2
2019,4,Odisha,Dengue,1
2019,4,Odisha,HIV/AIDS,1
2019,4,Odisha,Heart Disease,1
2019,4,Odisha,Hepatitis B,1
2019,4,Odisha,Hypertension,1
2019,4,Puducherry,Anxiety Disorder,1
2019,4,Puducherry,Stroke,1
2019,4,Punjab,HIV/AIDS,1
2019,4,Rajasthan,Breast Cancer,1
2019,4,Rajasthan,Depression,1
2019,4,Rajasthan,Diabetes (Type 2),4
2019,4,Rajasthan,Diarrhea,2
2019,4,Rajasthan,Gastroenteritis,1
2019,4,Rajasthan,HIV/AIDS,1
2019,4,Rajasthan,Hypertension,1
2019,4,Rajasthan,Japanese Encephalitis,1
2019,4,Rajasthan,Jaundice (Hepatitis A),2
2019,4,Rajasthan,Pneumonia,1
2019,4,Rajasthan,Sickle Cell Anemia,1
2019,4,Tamil Nadu,COVID-19,1
2019,4,Tamil Nadu,Filariasis,1
2019,4,Tamil Nadu,HIV/AIDS,1
2019,4,Tamil Nadu,Jaundice (Hepatitis A),3
2019,4,Tamil Nadu,Lung Cancer,1
2019,4,Tamil Nadu,Oral Cancer,1
2019,4,Tamil Nadu,Sickle Cell Anemia,1
2019,4,Tamil Nadu,Stroke,1
2019,4,Tamil Nadu,Thalassemia,1
2019,4,Telangana,Diarrhea,1
2019,4,Telangana,Lung Cancer,1
2019,4,Telangana,Malaria,1
2019,4,Tripura,Jaundice (Hepatitis A),1
2019,4,Uttar Pradesh,Anxiety Disorder,1
2019,4,Uttar Pradesh,Breast Cancer,1
2019,4,Uttar Pradesh,COVID-19,1
2019,4,Uttar Pradesh,Chikungunya,1
2019,4,Uttar Pradesh,Diabetes (Type 2),3
2019,4,Uttar Pradesh,HIV/AIDS,1
2019,4,Uttar Pradesh,Heart Disease,2
2019,4,Uttar Pradesh,Hypertension,2
2019,4,Uttar Pradesh,Japanese Encephalitis,1
2019,4,Uttar Pradesh,Jaundice (Hepatitis A),1
2019,4,Uttar Pradesh,Kala-Azar,1
2019,4,Uttar Pradesh,Leptospirosis,1
2019,4,Uttar Pradesh,Oral Cancer,1
2019,4,Uttar Pradesh,Pneumonia,1
2019,4,Uttar Pradesh,Thalassemia,1
2019,4,Uttarakhand,Malaria,1
2019,4,West Bengal,Anxiety Disorder,1
2019,4,West Bengal,Heart Disease,3
2019,4,West Bengal,Hepatitis B,1
2019,4,West Bengal,Jaundice (Hepatitis A),3
2019,4,West Bengal,Kala-Azar,1
2019,4,West Bengal,Lung Cancer,1
2019,4,West Bengal,Oral Cancer,1
2019,5,Andhra Pradesh,Anxiety Disorder,1
2019,5,Andhra Pradesh,Asthma,1
2019,5,Andhra Pradesh,Gastroenteritis,2
2019,5,Andhra Pradesh,HIV/AIDS,1
2019,5,Andhra Pradesh,Heart Disease,1
2019,5,Andhra Pradesh,Japanese Encephalitis,1
2019,5,Andhra Pradesh,Jaundice (Hepatitis A),1
2019,5,Andhra Pradesh,Oral Cancer,1
2019,5,Andhra Pradesh,Thalassemia,1
2019,5,Andhra Pradesh,Tuberculosis,4
2019,5,Andhra Pradesh,Typhoid,2
2019,5,Arunachal Pradesh,Diabetes (Type 2),1
2019,5,Assam,Anxiety Disorder,1
2019,5,Bihar,Dengue,1
2019,5,Bihar,Diarrhea,1
2019,5,Bihar,Filariasis,1
2019,5,Bihar,Gastroenteritis,2
2019,5,Bihar,Jaundice (Hepatitis A),2
2019,5,Bihar,Kala-Azar,1
2019,5,Bihar,Leptospirosis,1
2019,5,Bihar,Lung Cancer,1
2019,5,Bihar,Oral Cancer,1
2019,5,Bihar,Sickle Cell Anemia,1
2019,5,Bihar,Thalassemia,1
2019,5,Chhattisgarh,Breast Cancer,1
2019,5,Chhattisgarh,Chronic Kidney Disease,1
2019,5,Chhattisgarh,Depression,1
2019,5,Chhattisgarh,Sickle Cell Anemia,1
2019,5,Chhattisgarh,Swine Flu (H1N1),1
2019,5,Goa,Jaundice (Hepatitis A),1
2019,5,Gujarat,COVID-19,1
2019,5,Gujarat,Gastroenteritis,1
2019,5,Gujarat,Hypertension,1
2019,5,Gujarat,Japanese Encephalitis,2
2019,5,Gujarat,Malaria,1
2019,5,Gujarat,Stroke,1
2019,5,Gujarat,Typhoid,1
2019,5,Haryana,Chronic Kidney Disease,2
2019,5,Haryana,Filariasis,1
2019,5,Jammu and Kashmir,Anxiety Disorder,1
2019,5,Jammu and Kashmir,Breast Cancer,1
2019,5,Jammu and Kashmir,Gastroenteritis,1
2019,5,Jammu and Kashmir,Hypertension,1
2019,5,Jharkhand,Breast Cancer,1
2019,5,Jharkhand,Filariasis,1
2019,5,Jharkhand,Japanese Encephalitis,1
2019,5,Jharkhand,Jaundice (Hepatitis A),2
2019,5,Jharkhand,Tuberculosis,1
2019,5,Jharkhand,Typhoid,1
2019,5,Karnataka,COVID-19,1
2019,5,Karnataka,Filariasis,1
2019,5,Karnataka,Hypertension,1
2019,5,Karnataka,Stroke,1
2019,5,Kerala,Anxiety Disorder,1
2019,5,Kerala,Asthma,1
2019,5,Kerala,HIV/AIDS,1
2019,5,Kerala,Hepatitis B,1
2019,5,Kerala,Hypertension,1
2019,5,Kerala,Jaundice (Hepatitis A),1
2019,5,Kerala,Sickle Cell Anemia,1
2019,5,Kerala,Typhoid,1
2019,5,Madhya Pradesh,COVID-19,1
2019,5,Madhya Pradesh,Cholera,1
2019,5,Madhya Pradesh,HIV/AIDS,1
2019,5,Madhya Pradesh,Japanese Encephalitis,1
2019,5,Madhya Pradesh,Jaundice (Hepatitis A),1
2019,5,Madhya Pradesh,Lung Cancer,1
2019,5,Madhya Pradesh,Sickle Cell Anemia,1
2019,5,Madhya Pradesh,Tuberculosis,2
2019,5,Madhya Pradesh,Typhoid,1
2019,5,Maharashtra,Breast Cancer,2
2019,5,Maharashtra,Cholera,1
2019,5,Maharashtra,Depression,1
2019,5,Maharashtra,Diabetes (Type 2),1
2019,5,Maharashtra,Diarrhea,2
2019,5,Maharashtra,Heart Disease,2
2019,5,Maharashtra,Hepatitis B,2
2019,5,Maharashtra,Jaundice (Hepatitis A),1
2019,5,Maharashtra,Leptospirosis,1
2019,5,Maharashtra,Stroke,1
2019,5,Maharashtra,Thalassemia,2
2019,5,Maharashtra,Typhoid,2
2019,5,Meghalaya,Jaundice (Hepatitis A),1
2019,5,Meghalaya,Stroke,1
2019,5,NCT of Delhi,Jaundice (Hepatitis A),2
2019,5,NCT of Delhi,Malaria,1
2019,5,Nagaland,Lung Cancer,1
2019,5,Odisha,Dengue,1
2019,5,Odisha,Diarrhea,1
2019,5,Odisha,Filariasis,1
2019,5,Odisha,Gastroenteritis,1
2019,5,Odisha,Sickle Cell Anemia,1
2019,5,Odisha,Thalassemia,1
2019,5,Punjab,Depression,1
2019,5,Punjab,Diabetes (Type 2),1
2019,5,Punjab,Filariasis,1
2019,5,Punjab,Hypertension,1
2019,5,Punjab,Jaundice (Hepatitis A),3
2019,5,Punjab,Thalassemia,1
2019,5,Rajasthan,COVID-19,1
2019,5,Rajasthan,Sickle Cell Anemia,1
2019,5,Rajasthan,Stroke,1
2019,5,Rajasthan,Thalassemia,1
2019,5,Tamil Nadu,Chikungunya,1
2019,5,Tamil Nadu,Dengue,1
2019,5,Tamil Nadu,Diarrhea,2
2019,5,Tamil Nadu,Gastroenteritis,1
2019,5,Tamil Nadu,Japanese Encephalitis,1
2019,5,Tamil Nadu,Jaundice (Hepatitis A),1
2019,5,Tamil Nadu,Lung Cancer,1
2019,5,Tamil Nadu,Sickle Cell Anemia,1
2019,5,Tamil Nadu,Thalassemia,1
2019,5,Telangana,Depression,1
2019,5,Telangana,Filariasis,1
2019,5,Tripura,Diabetes (Type 2),1
2019,5,Uttar Pradesh,Anxiety Disorder,1
2019,5,Uttar Pradesh,COPD,1
2019,5,Uttar Pradesh,Chronic Kidney Disease,1
2019,5,Uttar Pradesh,Depression,1
2019,5,Uttar Pradesh,Filariasis,4
2019,5,Uttar Pradesh,HIV/AIDS,1
2019,5,Uttar Pradesh,Heart Disease,4
2019,5,Uttar Pradesh,Hepatitis B,2
2019,5,Uttar Pradesh,Hypertension,1
2019,5,Uttar Pradesh,Jaundice (Hepatitis A),3
2019,5,Uttar Pradesh,Kala-Azar,1
2019,5,Uttar Pradesh,Lung Cancer,2
2019,5,Uttar Pradesh,Oral Cancer,1
2019,5,Uttar Pradesh,Sickle Cell Anemia,1
2019,5,Uttar Pradesh,Thalassemia,1
2019,5,Uttar Pradesh,Tuberculosis,1
2019,5,Uttarakhand,Depression,1
2019,5,Uttarakhand,Heart Disease,1
2019,5,Uttarakhand,Tuberculosis,1
2019,5,West Bengal,Filariasis,1
2019,5,West Bengal,Gastroenteritis,1
2019,5,West Bengal,Kala-Azar,1
2019,5,West Bengal,Tuberculosis,1
2019,6,Andaman and Nicobar Islands,Sickle Cell Anemia,1
2019,6,Andhra Pradesh,Anxiety Disorder,1
2019,6,Andhra Pradesh,Breast Cancer,1
2019,6,Andhra Pradesh,Chikungunya,1
2019,6,Andhra Pradesh,Filariasis,1
2019,6,Andhra Pradesh,Hepatitis B,2
2019,6,Andhra Pradesh,Leptospirosis,1
2019,6,Andhra Pradesh,Swine Flu (H1N1),1
2019,6,Andhra Pradesh,Typhoid,1
2019,6,Arunachal Pradesh,Pneumonia,1
2019,6,Assam,Anxiety Disorder,1
2019,6,Assam,Depression,2
2019,6,Assam,Hypertension,1
2019,6,Assam,Lung Cancer,1
2019,6,Bihar,Breast Cancer,2
2019,6,Bihar,COVID-19,1
2019,6,Bihar,Chikungunya,2
2019,6,Bihar,Diabetes (Type 2),1
2019,6,Bihar,Diarrhea,1
2019,6,Bihar,Filariasis,1
2019,6,Bihar,Gastroenteritis,1
2019,6,Bihar,HIV/AIDS,1
2019,6,Bihar,Heart Disease,1
2019,6,Bihar,Hepatitis B,1
2019,6,Bihar,Hypertension,2
2019,6,Bihar,Jaundice (Hepatitis A),2
2019,6,Bihar,Kala-Azar,1
2019,6,Bihar,Thalassemia,1
2019,6,Bihar,Typhoid,1
2019,6,Chhattisgarh,HIV/AIDS,1
2019,6,Chhattisgarh,Hepatitis B,1
2019,6,Chhattisgarh,Typhoid,1
2019,6,Goa,Diarrhea,1
2019,6,Gujarat,Anxiety Disorder,1
2019,6,Gujarat,Breast Cancer,1
2019,6,Gujarat,Depression,1
2019,6,Gujarat,Heart Disease,1
2019,6,Gujarat,Japanese Encephalitis,1
2019,6,Gujarat,Kala-Azar,1
2019,6,Gujarat,Pneumonia,1
2019,6,Gujarat,Thalassemia,1
2019,6,Haryana,Chikungunya,1
2019,6,Haryana,Depression,1
2019,6,Himachal Pradesh,Hepatitis B,1
2019,6,Jammu and Kashmir,Breast Cancer,1
2019,6,Jammu and Kashmir,HIV/AIDS,1
2019,6,Jharkhand,Breast Cancer,1
2019,6,Jharkhand,Depression,1
2019,6,Jharkhand,Stroke,1
2019,6,Jharkhand,Swine Flu (H1N1),1
2019,6,Jharkhand,Thalassemia,1
2019,6,Karnataka,Asthma,1
2019,6,Karnataka,Breast Cancer,1
2019,6,Karnataka,COVID-19,1
2019,6,Karnataka,Gastroenteritis,2
2019,6,Karnataka,HIV/AIDS,1
2019,6,Karnataka,Jaundice (Hepatitis A),1
2019,6,Karnataka,Kala-Azar,1
2019,6,Karnataka,Stroke,2
2019,6,Karnataka,Tuberculosis,1
2019,6,Kerala,Breast Cancer,1
2019,6,Kerala,Diabetes (Type 2),1
2019,6,Kerala,Heart Disease,1
2019,6,Kerala,Hepatitis B,1
2019,6,Kerala,Kala-Azar,1
2019,6,Kerala,Tuberculosis,1
2019,6,Madhya Pradesh,Anxiety Disorder,1
2019,6,Madhya Pradesh,Breast Cancer,2
2019,6,Madhya Pradesh,COPD,1
2019,6,Madhya Pradesh,COVID-19,1
2019,6,Madhya Pradesh,Diabetes (Type 2),1
2019,6,Madhya Pradesh,HIV/AIDS,1
2019,6,Madhya Pradesh,Heart Disease,1
2019,6,Madhya Pradesh,Hepatitis B,1
2019,6,Madhya Pradesh,Hypertension,1
2019,6,Madhya Pradesh,Jaundice (Hepatitis A),2
2019,6,Madhya Pradesh,Kala-Azar,2
2019,6,Maharashtra,Depression,1
2019,6,Maharashtra,Diabetes (Type 2),2
2019,6,Maharashtra,Diarrhea,1
2019,6,Maharashtra,Filariasis,1
2019,6,Maharashtra,HIV/AIDS,3
2019,6,Maharashtra,Hepatitis B,1
2019,6,Maharashtra,Hypertension,1
2019,6,Maharashtra,Japanese Encephalitis,1
2019,6,Maharashtra,Kala-Azar,1
2019,6,Maharashtra,Sickle Cell Anemia,1
2019,6,Maharashtra,Thalassemia,1
2019,6,Maharashtra,Tuberculosis,1
2019,6,Manipur,COPD,1
2019,6,Manipur,Malaria,1
2019,6,Manipur,Tuberculosis,1
2019,6,Meghalaya,Heart Disease,1
2019,6,Meghalaya,Hypertension,1
2019,6,NCT of Delhi,Hepatitis B,1
2019,6,NCT of Delhi,Pneumonia,1
2019,6,NCT of Delhi,Thalassemia,1
2019,6,Odisha,COVID-19,1
2019,6,Odisha,Filariasis,1
2019,6,Odisha,HIV/AIDS,2
2019,6,Odisha,Heart Disease,1
2019,6,Odisha,Sickle Cell Anemia,1
2019,6,Odisha,Stroke,1
2019,6,Punjab,Sickle Cell Anemia,1
2019,6,Rajasthan,Anxiety Disorder,1
2019,6,Rajasthan,Diabetes (Type 2),1
2019,6,Rajasthan,Jaundice (Hepatitis A),2
2019,6,Rajasthan,Kala-Azar,1
2019,6,Rajasthan,Leptospirosis,1
2019,6,Rajasthan,Thalassemia,1
2019,6,Rajasthan,Tuberculosis,2
2019,6,Tamil Nadu,COPD,1
2019,6,Tamil Nadu,COVID-19,1
2019,6,Tamil Nadu,Chronic Kidney Disease,1
2019,6,Tamil Nadu,Diarrhea,1
2019,6,Tamil Nadu,Gastroenteritis,1
2019,6,Tamil Nadu,HIV/AIDS,1
2019,6,Tamil Nadu,Hepatitis B,1
2019,6,Tamil Nadu,Japanese Encephalitis,1
2019,6,Tamil Nadu,Jaundice (Hepatitis A),2
2019,6,Tamil Nadu,Kala-Azar,1
2019,6,Tamil Nadu,Oral Cancer,1
2019,6,Tamil Nadu,Sickle Cell Anemia,1
2019,6,Telangana,Hepatitis B,1
2019,6,Telangana,Jaundice (Hepatitis A),1
2019,6,Telangana,Kala-Azar,1
2019,6,Telangana,Lung Cancer,1
2019,6,Telangana,Pneumonia,1
2019,6,Telangana,Typhoid,1
2019,6,Uttar Pradesh,Anxiety Disorder,1
2019,6,Uttar Pradesh,Chikungunya,1
2019,6,Uttar Pradesh,Depression,1
2019,6,Uttar Pradesh,Diarrhea,1
2019,6,Uttar Pradesh,Filariasis,2
2019,6,Uttar Pradesh,Gastroenteritis,2
2019,6,Uttar Pradesh,Heart Disease,1
2019,6,Uttar Pradesh,Hepatitis B,2
2019,6,Uttar Pradesh,Hypertension,3
2019,6,Uttar Pradesh,Jaundice (Hepatitis A),1
2019,6,Uttar Pradesh,Kala-Azar,2
2019,6,Uttar Pradesh,Lung Cancer,1
2019,6,Uttar Pradesh,Pneumonia,1
2019,6,Uttar Pradesh,Stroke,1
2019,6,Uttar Pradesh,Tuberculosis,1
2019,6,Uttarakhand,Chronic Kidney Disease,1
2019,6,Uttarakhand,HIV/AIDS,1
2019,6,West Bengal,Anxiety Disorder,1
2019,6,West Bengal,Diarrhea,1
2019,6,West Bengal,Gastroenteritis,1
2019,6,West Bengal,Heart Disease,1
2019,6,West Bengal,Japanese Encephalitis,2
2019,6,West Bengal,Jaundice (Hepatitis A),2
2019,7,Andhra Pradesh,Chikungunya,2
2019,7,Andhra Pradesh,Gastroenteritis,1
2019,7,Andhra Pradesh,HIV/AIDS,1
2019,7,Andhra Pradesh,Heart Disease,1
2019,7,Andhra Pradesh,Hypertension,1
2019,7,Andhra Pradesh,Tuberculosis,1
2019,7,Andhra Pradesh,Typhoid,1
2019,7,Assam,Diabetes (Type 2),1
2019,7,Assam,HIV/AIDS,1
2019,7,Assam,Heart Disease,1
2019,7,Assam,Malaria,1
2019,7,Assam,Tuberculosis,1
2019,7,Bihar,Breast Cancer,1
2019,7,Bihar,Chikungunya,1
2019,7,Bihar,Cholera,1
2019,7,Bihar,Chronic Kidney Disease,2
2019,7,Bihar,Dengue,1
2019,7,Bihar,Diabetes (Type 2),2
2019,7,Bihar,Gastroenteritis,2
2019,7,Bihar,Jaundice (Hepatitis A),3
2019,7,Bihar,Leptospirosis,1
2019,7,Bihar,Swine Flu (H1N1),1
2019,7,Bihar,Tuberculosis,3
2019,7,Chhattisgarh,Filariasis,1
2019,7,Chhattisgarh,HIV/AIDS,1
2019,7,Chhattisgarh,Jaundice (Hepatitis A),1
2019,7,Chhattisgarh,Oral Cancer,2
2019,7,Chhattisgarh,Thalassemia,1
2019,7,Goa,Cholera,1
2019,7,Goa,Lung Cancer,1
2019,7,Gujarat,Breast Cancer,1
2019,7,Gujarat,Chikungunya,1
2019,7,Gujarat,Cholera,1
2019,7,Gujarat,Dengue,2
2019,7,Gujarat,Depression,1
2019,7,Gujarat,Gastroenteritis,1
2019,7,Gujarat,Heart Disease,1
2019,7,Gujarat,Japanese Encephalitis,1
2019,7,Gujarat,Jaundice (Hepatitis A),2
2019,7,Gujarat,Leptospirosis,1
2019,7,Gujarat,Lung Cancer,1
2019,7,Gujarat,Oral Cancer,1
2019,7,Gujarat,Sickle Cell Anemia,1
2019,7,Haryana,Anxiety Disorder,1
2019,7,Haryana,Breast Cancer,1
2019,7,Haryana,Chikungunya,2
2019,7,Haryana,Gastroenteritis,2
2019,7,Haryana,Hypertension,1
2019,7,Haryana,Leptospirosis,1
2019,7,Haryana,Malaria,1
2019,7,Haryana,Stroke,1
2019,7,Haryana,Typhoid,1
2019,7,Himachal Pradesh,Diarrhea,1
2019,7,Jammu and Kashmir,Filariasis,1
2019,7,Jammu and Kashmir,HIV/AIDS,1
2019,7,Jharkhand,Chronic Kidney Disease,1
2019,7,Jharkhand,Heart Disease,1
2019,7,Jharkhand,Japanese Encephalitis,1
2019,7,Jharkhand,Lung Cancer,1
2019,7,Jharkhand,Malaria,1
2019,7,Karnataka,Anxiety Disorder,1
2019,7,Karnataka,Breast Cancer,1
2019,7,Karnataka,Chikungunya,2
2019,7,Karnataka,Dengue,1
2019,7,Karnataka,Depression,2
2019,7,Karnataka,Diabetes (Type 2),1
2019,7,Karnataka,Gastroenteritis,1
2019,7,Karnataka,Heart Disease,1
2019,7,Karnataka,Hepatitis B,1
2019,7,Karnataka,Jaundice (Hepatitis A),3
2019,7,Karnataka,Kala-Azar,1
2019,7,Karnataka,Lung Cancer,1
2019,7,Kerala,Cholera,1
2019,7,Kerala,Dengue,1
2019,7,Kerala,Depression,2
2019,7,Kerala,Diabetes (Type 2),1
2019,7,Kerala,Hypertension,1
2019,7,Kerala,Japanese Encephalitis,1
2019,7,Madhya Pradesh,Breast Cancer,1
2019,7,Madhya Pradesh,COVID-19,1
2019,7,Madhya Pradesh,Chikungunya,2
2019,7,Madhya Pradesh,Cholera,1
2019,7,Madhya Pradesh,Filariasis,1
2019,7,Madhya Pradesh,Heart Disease,1
2019,7,Madhya Pradesh,Hypertension,1
2019,7,Madhya Pradesh,Jaundice (Hepatitis A),1
2019,7,Madhya Pradesh,Kala-Azar,1
2019,7,Madhya Pradesh,Malaria,2
2019,7,Madhya Pradesh,Sickle Cell Anemia,1
2019,7,Madhya Pradesh,Stroke,1
2019,7,Maharashtra,Breast Cancer,1
2019,7,Maharashtra,Cholera,4
2019,7,Maharashtra,Chronic Kidney Disease,1
2019,7,Maharashtra,Dengue,4
2019,7,Maharashtra,Filariasis,1
2019,7,Maharashtra,Japanese Encephalitis,1
2019,7,Maharashtra,Kala-Azar,1
2019,7,Maharashtra,Leptospirosis,1
2019,7,Maharashtra,Lung Cancer,1
2019,7,Maharashtra,Oral Cancer,1
2019,7,Maharashtra,Thalassemia,1
2019,7,Manipur,Filariasis,1
2019,7,Mizoram,COVID-19,1
2019,7,Mizoram,Depression,1
2019,7,NCT of Delhi,Breast Cancer,1
2019,7,NCT of Delhi,Chronic Kidney Disease,1
2019,7,NCT of Delhi,Kala-Azar,1
2019,7,NCT of Delhi,Leptospirosis,1
2019,7,Nagaland,Sickle Cell Anemia,1
2019,7,Nagaland,Typhoid,1
2019,7,Odisha,Anxiety Disorder,1
2019,7,Odisha,Diabetes (Type 2),1
2019,7,Odisha,Diarrhea,1
2019,7,Odisha,Hepatitis B,1
2019,7,Odisha,Leptospirosis,2
2019,7,Punjab,COPD,1
2019,7,Punjab,Hypertension,1
2019,7,Punjab,Japanese Encephalitis,1
2019,7,Punjab,Malaria,1
2019,7,Rajasthan,Breast Cancer,1
2019,7,Rajasthan,Dengue,1
2019,7,Rajasthan,Gastroenteritis,1
2019,7,Rajasthan,HIV/AIDS,1
2019,7,Rajasthan,Kala-Azar,1
2019,7,Rajasthan,Leptospirosis,1
2019,7,Rajasthan,Malaria,1
2019,7,Rajasthan,Thalassemia,1
2019,7,Sikkim,Depression,1
2019,7,Tamil Nadu,Anxiety Disorder,1
2019,7,Tamil Nadu,Cholera,1
2019,7,Tamil Nadu,Diarrhea,1
2019,7,Tamil Nadu,HIV/AIDS,1
2019,7,Tamil Nadu,Jaundice (Hepatitis A),1
2019,7,Tamil Nadu,Kala-Azar,1
2019,7,Tamil Nadu,Leptospirosis,2
2019,7,Tamil Nadu,Malaria,1
2019,7,Tamil Nadu,Tuberculosis,1
2019,7,Telangana,Cholera,1
2019,7,Telangana,Filariasis,1
2019,7,Telangana,Gastroenteritis,1
2019,7,Telangana,Hepatitis B,1
2019,7,Telangana,Stroke,2
2019,7,Telangana,Tuberculosis,1
2019,7,Tripura,Anxiety Disorder,1
2019,7,Tripura,Hepatitis B,1
2019,7,Tripura,Leptospirosis,1
2019,7,Uttar Pradesh,Anxiety Disorder,1
2019,7,Uttar Pradesh,Breast Cancer,2
2019,7,Uttar Pradesh,COVID-19,1
2019,7,Uttar Pradesh,Chikungunya,1
2019,7,Uttar Pradesh,Chronic Kidney Disease,1
2019,7,Uttar Pradesh,Dengue,5
2019,7,Uttar Pradesh,Depression,1
2019,7,Uttar Pradesh,Diabetes (Type 2),1
2019,7,Uttar Pradesh,Diarrhea,1
2019,7,Uttar Pradesh,Gastroenteritis,5
2019,7,Uttar Pradesh,HIV/AIDS,1
2019,7,Uttar Pradesh,Heart Disease,1
2019,7,Uttar Pradesh,Hypertension,1
2019,7,Uttar Pradesh,Japanese Encephalitis,1
2019,7,Uttar Pradesh,Leptospirosis,2
2019,7,Uttar Pradesh,Lung Cancer,2
2019,7,Uttar Pradesh,Malaria,1
2019,7,Uttar Pradesh,Oral Cancer,2
2019,7,Uttar Pradesh,Sickle Cell Anemia,3
2019,7,Uttar Pradesh,Thalassemia,1
2019,7,Uttar Pradesh,Tuberculosis,1
2019,7,Uttar Pradesh,Typhoid,1
2019,7,Uttarakhand,Heart Disease,1
2019,7,West Bengal,COVID-19,1
2019,7,West Bengal,Cholera,1
2019,7,West Bengal,Chronic Kidney Disease,1
2019,7,West Bengal,Dengue,3
2019,7,West Bengal,Gastroenteritis,1
2019,7,West Bengal,Hypertension,1
2019,7,West Bengal,Japanese Encephalitis,1
2019,7,West Bengal,Jaundice (Hepatitis A),1
2019,7,West Bengal,Leptospirosis,2
2019,7,West Bengal,Malaria,2
2019,7,West Bengal,Oral Cancer,1
2019,7,West Bengal,Pneumonia,1
2019,7,West Bengal,Stroke,1
2019,7,West Bengal,Typhoid,1
2019,8,Andhra Pradesh,Chikungunya,1
2019,8,Andhra Pradesh,Dengue,1
2019,8,Andhra Pradesh,Depression,2
2019,8,Andhra Pradesh,Filariasis,2
2019,8,Andhra Pradesh,Hepatitis B,1
2019,8,Andhra Pradesh,Jaundice (Hepatitis A),1
2019,8,Andhra Pradesh,Lung Cancer,1
2019,8,Andhra Pradesh,Oral Cancer,1
2019,8,Andhra Pradesh,Sickle Cell Anemia,1
2019,8,Assam,Anxiety Disorder,1
2019,8,Assam,Chikungunya,1
2019,8,Assam,Dengue,1
2019,8,Assam,Depression,1
2019,8,Assam,Filariasis,1
2019,8,Assam,Jaundice (Hepatitis A),1
2019,8,Assam,Leptospirosis,1
2019,8,Bihar,Breast Cancer,1
2019,8,Bihar,Chikungunya,4
2019,8,Bihar,Chronic Kidney Disease,2
2019,8,Bihar,Depression,1
2019,8,Bihar,Diarrhea,1
2019,8,Bihar,Gastroenteritis,2
2019,8,Bihar,Kala-Azar,2
2019,8,Bihar,Leptospirosis,2
2019,8,Bihar,Malaria,2
2019,8,Bihar,Oral Cancer,1
2019,8,Bihar,Stroke,1
2019,8,Chhattisgarh,Filariasis,1
2019,8,Chhattisgarh,Gastroenteritis,1
2019,8,Chhattisgarh,Leptospirosis,1
2019,8,Chhattisgarh,Stroke,1
2019,8,Goa,Gastroenteritis,1
2019,8,Gujarat,Dengue,1
2019,8,Gujarat,Depression,1
2019,8,Gujarat,Diabetes (Type 2),2
2019,8,Gujarat,Leptospirosis,1
2019,8,Gujarat,Lung Cancer,1
2019,8,Gujarat,Malaria,1
2019,8,Gujarat,Oral Cancer,1
2019,8,Gujarat,Thalassemia,1
2019,8,Haryana,COPD,1
2019,8,Haryana,Chikungunya,1
2019,8,Haryana,Leptospirosis,1
2019,8,Haryana,Malaria,1
2019,8,Himachal Pradesh,Breast Cancer,1
2019,8,Himachal Pradesh,Depression,1
2019,8,Himachal Pradesh,Jaundice (Hepatitis A),1
2019,8,Himachal Pradesh,Leptospirosis,1
2019,8,Jammu and Kashmir,Dengue,2
2019,8,Jammu and Kashmir,Diabetes (Type 2),1
2019,8,Jammu and Kashmir,Hypertension,1
2019,8,Jharkhand,Dengue,1
2019,8,Jharkhand,Filariasis,1
2019,8,Jharkhand,Heart Disease,1
2019,8,Jharkhand,Jaundice (Hepatitis A),1
2019,8,Jharkhand,Leptospirosis,1
2019,8,Jharkhand,Oral Cancer,1
2019,8,Jharkhand,Stroke,1
2019,8,Karnataka,COVID-19,1
2019,8,Karnataka,Dengue,1
2019,8,Karnataka,Depression,1
2019,8,Karnataka,Diarrhea,2
2019,8,Karnataka,Hepatitis B,1
2019,8,Karnataka,Hypertension,1
2019,8,Kerala,Chikungunya,2
2019,8,Kerala,Cholera,1
2019,8,Kerala,Chronic Kidney Disease,1
2019,8,Kerala,Filariasis,1
2019,8,Kerala,Jaundice (Hepatitis A),1
2019,8,Madhya Pradesh,COVID-19,1
2019,8,Madhya Pradesh,Chikungunya,2
2019,8,Madhya Pradesh,Cholera,1
2019,8,Madhya Pradesh,Dengue,4
2019,8,Madhya Pradesh,Diabetes (Type 2),2
2019,8,Madhya Pradesh,Diarrhea,3
2019,8,Madhya Pradesh,Japanese Encephalitis,1
2019,8,Madhya Pradesh,Jaundice (Hepatitis A),2
2019,8,Madhya Pradesh,Leptospirosis,2
2019,8,Madhya Pradesh,Lung Cancer,1
2019,8,Madhya Pradesh,Malaria,1
2019,8,Madhya Pradesh,Sickle Cell Anemia,1
2019,8,Madhya Pradesh,Stroke,1
2019,8,Madhya Pradesh,Tuberculosis,1
2019,8,Madhya Pradesh,Typhoid,2
2019,8,Maharashtra,Chikungunya,1
2019,8,Maharashtra,Cholera,1
2019,8,Maharashtra,Chronic Kidney Disease,1
2019,8,Maharashtra,Diabetes (Type 2),1
2019,8,Maharashtra,Gastroenteritis,1
2019,8,Maharashtra,HIV/AIDS,1
2019,8,Maharashtra,Jaundice (Hepatitis A),2
2019,8,Maharashtra,Kala-Azar,2
2019,8,Maharashtra,Lung Cancer,1
2019,8,Maharashtra,Malaria,3
2019,8,Maharashtra,Oral Cancer,2
2019,8,Maharashtra,Pneumonia,1
2019,8,Maharashtra,Sickle Cell Anemia,1
2019,8,Maharashtra,Stroke,1
2019,8,Maharashtra,Tuberculosis,1
2019,8,Manipur,Asthma,1
2019,8,Manipur,Malaria,1
2019,8,Meghalaya,HIV/AIDS,1
2019,8,NCT of Delhi,COVID-19,1
2019,8,NCT of Delhi,Chikungunya,1
2019,8,NCT of Delhi,Jaundice (Hepatitis A),1
2019,8,Nagaland,Gastroenteritis,1
2019,8,Nagaland,Heart Disease,1
2019,8,Odisha,Breast Cancer,1
2019,8,Odisha,Chikungunya,1
2019,8,Odisha,Cholera,2
2019,8,Odisha,Dengue,1
2019,8,Odisha,Depression,1
2019,8,Odisha,Diarrhea,1
2019,8,Odisha,Gastroenteritis,3
2019,8,Odisha,HIV/AIDS,1
2019,8,Odisha,Hypertension,1
2019,8,Odisha,Jaundice (Hepatitis A),1
2019,8,Odisha,Leptospirosis,1
2019,8,Odisha,Malaria,1
2019,8,Odisha,Stroke,1
2019,8,Odisha,Typhoid,1
2019,8,Punjab,Anxiety Disorder,1
2019,8,Punjab,COPD,1
2019,8,Punjab,COVID-19,1
2019,8,Punjab,Depression,1
2019,8,Punjab,HIV/AIDS,1
2019,8,Punjab,Leptospirosis,1
2019,8,Rajasthan,Anxiety Disorder,1
2019,8,Rajasthan,Breast Cancer,1
2019,8,Rajasthan,Dengue,2
2019,8,Rajasthan,Diarrhea,1
2019,8,Rajasthan,Heart Disease,1
2019,8,Rajasthan,Jaundice (Hepatitis A),1
2019,8,Rajasthan,Kala-Azar,1
2019,8,Rajasthan,Leptospirosis,1
2019,8,Rajasthan,Oral Cancer,1
2019,8,Rajasthan,Swine Flu (H1N1),1
2019,8,Rajasthan,Tuberculosis,1
2019,8,Tamil Nadu,Breast Cancer,1
2019,8,Tamil Nadu,Cholera,3
2019,8,Tamil Nadu,Chronic Kidney Disease,3
2019,8,Tamil Nadu,Dengue,2
2019,8,Tamil Nadu,Gastroenteritis,3
2019,8,Tamil Nadu,HIV/AIDS,1
2019,8,Tamil Nadu,Leptospirosis,2
2019,8,Tamil Nadu,Malaria,1
2019,8,Telangana,Anxiety Disorder,1
2019,8,Telangana,Breast Cancer,1
2019,8,Telangana,COPD,1
2019,8,Telangana,Chikungunya,1
2019,8,Telangana,Dengue,1
2019,8,Telangana,Diabetes (Type 2),1
2019,8,Telangana,Leptospirosis,1
2019,8,Telangana,Stroke,1
2019,8,Tripura,Chronic Kidney Disease,1
2019,8,Tripura,Diarrhea,1
2019,8,Tripura,Japanese Encephalitis,1
2019,8,Tripura,Malaria,1
2019,8,Uttar Pradesh,Anxiety Disorder,1
2019,8,Uttar Pradesh,COVID-19,1
2019,8,Uttar Pradesh,Chikungunya,3
2019,8,Uttar Pradesh,Cholera,2
2019,8,Uttar Pradesh,Dengue,3
2019,8,Uttar Pradesh,Diabetes (Type 2),2
2019,8,Uttar Pradesh,Gastroenteritis,2
2019,8,Uttar Pradesh,HIV/AIDS,2
2019,8,Uttar Pradesh,Hepatitis B,2
2019,8,Uttar Pradesh,Hypertension,1
2019,8,Uttar Pradesh,Jaundice (Hepatitis A),2
2019,8,Uttar Pradesh,Kala-Azar,1
2019,8,Uttar Pradesh,Leptospirosis,3
2019,8,Uttar Pradesh,Malaria,2
2019,8,Uttar Pradesh,Pneumonia,1
2019,8,Uttar Pradesh,Sickle Cell Anemia,2
2019,8,Uttar Pradesh,Stroke,1
2019,8,Uttar Pradesh,Thalassemia,2
2019,8,Uttar Pradesh,Typhoid,1
2019,8,Uttarakhand,Leptospirosis,1
2019,8,Uttarakhand,Oral Cancer,2
2019,8,Uttarakhand,Pneumonia,1
2019,8,Uttarakhand,Tuberculosis,1
2019,8,West Bengal,Chikungunya,1
2019,8,West Bengal,Chronic Kidney Disease,1
2019,8,West Bengal,Dengue,2
2019,8,West Bengal,Depression,1
2019,8,West Bengal,Japanese Encephalitis,1
2019,8,West Bengal,Kala-Azar,1
2019,8,West Bengal,Leptospirosis,2
2019,8,West Bengal,Lung Cancer,1
2019,8,West Bengal,Malaria,1
2019,8,West Bengal,Tuberculosis,2
2019,9,Andhra Pradesh,Cholera,1
2019,9,Andhra Pradesh,Dengue,1
2019,9,Andhra Pradesh,Depression,2
2019,9,Andhra Pradesh,Heart Disease,1
2019,9,Andhra Pradesh,Hypertension,1
2019,9,Andhra Pradesh,Malaria,1
2019,9,Andhra Pradesh,Swine Flu (H1N1),1
2019,9,Assam,Chikungunya,1
2019,9,Assam,Dengue,1
2019,9,Assam,Diabetes (Type 2),1
2019,9,Assam,Diarrhea,2
2019,9,Assam,Heart Disease,1
2019,9,Assam,Japanese Encephalitis,1
2019,9,Assam,Malaria,1
2019,9,Bihar,Breast Cancer,1
2019,9,Bihar,COPD,1
2019,9,Bihar,Chikungunya,1
2019,9,Bihar,Cholera,2
2019,9,Bihar,Dengue,1
2019,9,Bihar,Filariasis,1
2019,9,Bihar,Hepatitis B,1
2019,9,Bihar,Hypertension,1
2019,9,Bihar,Leptospirosis,2
2019,9,Bihar,Oral Cancer,1
2019,9,Bihar,Sickle Cell Anemia,1
2019,9,Bihar,Swine Flu (H1N1),1
2019,9,Chhattisgarh,Cholera,1
2019,9,Chhattisgarh,Dengue,1
2019,9,Chhattisgarh,Depression,1
2019,9,Goa,Japanese Encephalitis,1
2019,9,Gujarat,Asthma,1
2019,9,Gujarat,COPD,1
2019,9,Gujarat,Chronic Kidney Disease,1
2019,9,Gujarat,Depression,1
2019,9,Gujarat,Filariasis,2
2019,9,Gujarat,HIV/AIDS,1
2019,9,Gujarat,Hypertension,2
2019,9,Gujarat,Leptospirosis,1
2019,9,Gujarat,Malaria,1
2019,9,Gujarat,Sickle Cell Anemia,1
2019,9,Gujarat,Stroke,1
2019,9,Gujarat,Tuberculosis,1
2019,9,Haryana,Chikungunya,1
2019,9,Haryana,Diabetes (Type 2),1
2019,9,Haryana,Gastroenteritis,1
2019,9,Haryana,Leptospirosis,1
2019,9,Haryana,Malaria,2
2019,9,Haryana,Oral Cancer,1
2019,9,Himachal Pradesh,Diarrhea,1
2019,9,Himachal Pradesh,Leptospirosis,1
2019,9,Himachal Pradesh,Sickle Cell Anemia,1
2019,9,Jammu and Kashmir,Gastroenteritis,1
2019,9,Jharkhand,Chikungunya,1
2019,9,Jharkhand,Chronic Kidney Disease,1
2019,9,Jharkhand,Jaundice (Hepatitis A),1
2019,9,Jharkhand,Leptospirosis,1
2019,9,Karnataka,Breast Cancer,2
2019,9,Karnataka,Cholera,3
2019,9,Karnataka,Dengue,1
2019,9,Karnataka,Hepatitis B,1
2019,9,Karnataka,Hypertension,1
2019,9,Karnataka,Kala-Azar,1
2019,9,Karnataka,Leptospirosis,1
2019,9,Karnataka,Tuberculosis,1
2019,9,Kerala,Anxiety Disorder,1
2019,9,Kerala,Depression,1
2019,9,Kerala,HIV/AIDS,1
2019,9,Kerala,Malaria,2
2019,9,Kerala,Sickle Cell Anemia,1
2019,9,Madhya Pradesh,Anxiety Disorder,2
2019,9,Madhya Pradesh,Asthma,1
2019,9,Madhya Pradesh,Breast Cancer,1
2019,9,Madhya Pradesh,Chikungunya,2
2019,9,Madhya Pradesh,Cholera,1
2019,9,Madhya Pradesh,Dengue,2
2019,9,Madhya Pradesh,Depression,1
2019,9,Madhya Pradesh,Diabetes (Type 2),1
2019,9,Madhya Pradesh,Kala-Azar,1
2019,9,Madhya Pradesh,Leptospirosis,1
2019,9,Madhya Pradesh,Lung Cancer,1
2019,9,Madhya Pradesh,Malaria,3
2019,9,Madhya Pradesh,Stroke,1
2019,9,Madhya Pradesh,Thalassemia,2
2019,9,Maharashtra,Anxiety Disorder,1
2019,9,Maharashtra,COPD,1
2019,9,Maharashtra,Cholera,4
2019,9,Maharashtra,Dengue,1
2019,9,Maharashtra,Depression,1
2019,9,Maharashtra,Diabetes (Type 2),1
2019,9,Maharashtra,HIV/AIDS,2
2019,9,Maharashtra,Heart Disease,1
2019,9,Maharashtra,Leptospirosis,2
2019,9,Maharashtra,Lung Cancer,2
2019,9,Maharashtra,Malaria,1
2019,9,Maharashtra,Oral Cancer,1
2019,9,Maharashtra,Thalassemia,1
2019,9,Maharashtra,Typhoid,1
2019,9,Meghalaya,Cholera,1
2019,9,NCT of Delhi,Japanese Encephalitis,1
2019,9,NCT of Delhi,Swine Flu (H1N1),1
2019,9,Odisha,Diarrhea,1
2019,9,Odisha,Heart Disease,1
2019,9,Odisha,Hepatitis B,1
2019,9,Odisha,Hypertension,1
2019,9,Odisha,Leptospirosis,1
2019,9,Odisha,Oral Cancer,1
2019,9,Odisha,Thalassemia,1
2019,9,Odisha,Tuberculosis,1
2019,9,Odisha,Typhoid,1
2019,9,Punjab,Diabetes (Type 2),1
2019,9,Punjab,Filariasis,1
2019,9,Punjab,Lung Cancer,1
2019,9,Punjab,Malaria,1
2019,9,Punjab,Oral Cancer,1
2019,9,Punjab,Stroke,1
2019,9,Punjab,Typhoid,1
2019,9,Rajasthan,COVID-19,1
2019,9,Rajasthan,Chikungunya,2
2019,9,Rajasthan,Cholera,1
2019,9,Rajasthan,Dengue,2
2019,9,Rajasthan,Depression,1
2019,9,Rajasthan,Diabetes (Type 2),1
2019,9,Rajasthan,HIV/AIDS,1
2019,9,Rajasthan,Heart Disease,1
2019,9,Rajasthan,Hypertension,1
2019,9,Rajasthan,Japanese Encephalitis,1
2019,9,Rajasthan,Kala-Azar,1
2019,9,Rajasthan,Leptospirosis,3
2019,9,Rajasthan,Malaria,3
2019,9,Rajasthan,Sickle Cell Anemia,1
2019,9,Rajasthan,Swine Flu (H1N1),1
2019,9,Tamil Nadu,Breast Cancer,1
2019,9,Tamil Nadu,Chikungunya,2
2019,9,Tamil Nadu,Cholera,1
2019,9,Tamil Nadu,Dengue,2
2019,9,Tamil Nadu,Gastroenteritis,1
2019,9,Tamil Nadu,Jaundice (Hepatitis A),1
2019,9,Tamil Nadu,Leptospirosis,2
2019,9,Tamil Nadu,Lung Cancer,1
2019,9,Tamil Nadu,Malaria,1
2019,9,Tamil Nadu,Stroke,2
2019,9,Tamil Nadu,Typhoid,1
2019,9,Uttar Pradesh,Anxiety Disorder,2
2019,9,Uttar Pradesh,Asthma,1
2019,9,Uttar Pradesh,Cholera,3
2019,9,Uttar Pradesh,Chronic Kidney Disease,1
2019,9,Uttar Pradesh,Dengue,2
2019,9,Uttar Pradesh,Depression,1
2019,9,Uttar Pradesh,Diarrhea,1
2019,9,Uttar Pradesh,Filariasis,1
2019,9,Uttar Pradesh,Heart Disease,2
2019,9,Uttar Pradesh,Hepatitis B,2
2019,9,Uttar Pradesh,Hypertension,1
2019,9,Uttar Pradesh,Jaundice (Hepatitis A),1
2019,9,Uttar Pradesh,Leptospirosis,1
2019,9,Uttar Pradesh,Malaria,3
2019,9,Uttar Pradesh,Oral Cancer,1
2019,9,Uttar Pradesh,Sickle Cell Anemia,1
2019,9,Uttar Pradesh,Stroke,2
2019,9,Uttar Pradesh,Thalassemia,1
2019,9,Uttar Pradesh,Tuberculosis,2
2019,9,Uttarakhand,Depression,1
2019,9,Uttarakhand,Leptospirosis,1
2019,9,West Bengal,Chikungunya,2
2019,9,West Bengal,Cholera,3
2019,9,West Bengal,Depression,2
2019,9,West Bengal,Heart Disease,1
2019,9,West Bengal,Hypertension,1
2019,9,West Bengal,Japanese Encephalitis,1
2019,9,West Bengal,Jaundice (Hepatitis A),1
2019,9,West Bengal,Malaria,2
2019,9,West Bengal,Sickle Cell Anemia,2
2019,9,West Bengal,Stroke,1
2019,9,West Bengal,Tuberculosis,1
2019,10,Andhra Pradesh,Dengue,1
2019,10,Andhra Pradesh,Diabetes (Type 2),2
2019,10,Andhra Pradesh,Filariasis,1
2019,10,Andhra Pradesh,Heart Disease,1
2019,10,Andhra Pradesh,Hepatitis B,1
2019,10,Andhra Pradesh,Hypertension,1
2019,10,Andhra Pradesh,Japanese Encephalitis,1
2019,10,Andhra Pradesh,Lung Cancer,1
2019,10,Andhra Pradesh,Tuberculosis,1
2019,10,Arunachal Pradesh,Dengue,1
2019,10,Assam,Anxiety Disorder,1
2019,10,Assam,HIV/AIDS,2
2019,10,Assam,Hepatitis B,1
2019,10,Assam,Japanese Encephalitis,1
2019,10,Assam,Malaria,1
2019,10,Assam,Pneumonia,3
2019,10,Bihar,Chikungunya,1
2019,10,Bihar,Dengue,2
2019,10,Bihar,Gastroenteritis,1
2019,10,Bihar,Hepatitis B,1
2019,10,Bihar,Leptospirosis,2
2019,10,Bihar,Lung Cancer,1
2019,10,Bihar,Malaria,3
2019,10,Bihar,Sickle Cell Anemia,2
2019,10,Bihar,Stroke,1
2019,10,Bihar,Thalassemia,3
2019,10,Bihar,Typhoid,1
2019,10,Chhattisgarh,Typhoid,1
2019,10,Gujarat,Anxiety Disorder,1
2019,10,Gujarat,Chikungunya,2
2019,10,Gujarat,Dengue,1
2019,10,Gujarat,Depression,1
2019,10,Gujarat,Kala-Azar,1
2019,10,Gujarat,Leptospirosis,2
2019,10,Gujarat,Lung Cancer,1
2019,10,Gujarat,Tuberculosis,1
2019,10,Haryana,Anxiety Disorder,1
2019,10,Haryana,Chikungunya,1
2019,10,Haryana,Dengue,1
2019,10,Haryana,Diarrhea,1
2019,10,Haryana,HIV/AIDS,1
2019,10,Haryana,Kala-Azar,1
2019,10,Haryana,Oral Cancer,1
2019,10,Haryana,Typhoid,1
2019,10,Jammu and Kashmir,Kala-Azar,1
2019,10,Jammu and Kashmir,Leptospirosis,2
2019,10,Jammu and Kashmir,Tuberculosis,1
2019,10,Jharkhand,Anxiety Disorder,1
2019,10,Jharkhand,Asthma,1
2019,10,Jharkhand,Leptospirosis,1
2019,10,Jharkhand,Malaria,1
2019,10,Jharkhand,Stroke,1
2019,10,Karnataka,Anxiety Disorder,1
2019,10,Karnataka,Dengue,1
2019,10,Karnataka,Depression,1
2019,10,Karnataka,Hypertension,1
2019,10,Karnataka,Kala-Azar,2
2019,10,Karnataka,Malaria,2
2019,10,Karnataka,Oral Cancer,1
2019,10,Karnataka,Swine Flu (H1N1),1
2019,10,Kerala,Cholera,1
2019,10,Kerala,Diabetes (Type 2),1
2019,10,Kerala,Typhoid,2
2019,10,Madhya Pradesh,Asthma,1
2019,10,Madhya Pradesh,COVID-19,1
2019,10,Madhya Pradesh,Cholera,3
2019,10,Madhya Pradesh,Diabetes (Type 2),1
2019,10,Madhya Pradesh,Hepatitis B,2
2019,10,Madhya Pradesh,Leptospirosis,2
2019,10,Madhya Pradesh,Malaria,4
2019,10,Madhya Pradesh,Thalassemia,1
2019,10,Maharashtra,Anxiety Disorder,1
2019,10,Maharashtra,Breast Cancer,2
2019,10,Maharashtra,Chikungunya,1
2019,10,Maharashtra,Cholera,1
2019,10,Maharashtra,Dengue,1
2019,10,Maharashtra,Diabetes (Type 2),2
2019,10,Maharashtra,Leptospirosis,1
2019,10,Maharashtra,Lung Cancer,1
2019,10,Maharashtra,Thalassemia,1
2019,10,Manipur,Anxiety Disorder,1
2019,10,Manipur,COPD,1
2019,10,Mizoram,Diabetes (Type 2),1
2019,10,NCT of Delhi,Asthma,1
2019,10,NCT of Delhi,Leptospirosis,1
2019,10,NCT of Delhi,Malaria,1
2019,10,Nagaland,Anxiety Disorder,1
2019,10,Nagaland,Diabetes (Type 2),1
2019,10,Odisha,Cholera,1
2019,10,Odisha,Dengue,2
2019,10,Odisha,Diabetes (Type 2),1
2019,10,Odisha,Diarrhea,1
2019,10,Odisha,HIV/AIDS,1
2019,10,Odisha,Hypertension,1
2019,10,Odisha,Kala-Azar,1
2019,10,Punjab,Anxiety Disorder,1
2019,10,Punjab,Asthma,1
2019,10,Punjab,Breast Cancer,1
2019,10,Punjab,Chikungunya,1
2019,10,Punjab,Hypertension,1
2019,10,Punjab,Lung Cancer,1
2019,10,Rajasthan,Anxiety Disorder,1
2019,10,Rajasthan,COPD,1
2019,10,Rajasthan,Cholera,1
2019,10,Rajasthan,Depression,1
2019,10,Rajasthan,Diarrhea,1
2019,10,Rajasthan,Filariasis,1
2019,10,Rajasthan,Heart Disease,2
2019,10,Rajasthan,Hepatitis B,2
2019,10,Rajasthan,Kala-Azar,1
2019,10,Rajasthan,Malaria,1
2019,10,Rajasthan,Pneumonia,1
2019,10,Tamil Nadu,Anxiety Disorder,1
2019,10,Tamil Nadu,Chikungunya,1
2019,10,Tamil Nadu,Dengue,2
2019,10,Tamil Nadu,Diabetes (Type 2),1
2019,10,Tamil Nadu,Diarrhea,1
2019,10,Tamil Nadu,HIV/AIDS,1
2019,10,Tamil Nadu,Hepatitis B,3
2019,10,Tamil Nadu,Hypertension,1
2019,10,Tamil Nadu,Leptospirosis,1
2019,10,Tamil Nadu,Malaria,1
2019,10,Tamil Nadu,Sickle Cell Anemia,1
2019,10,Telangana,Anxiety Disorder,1
2019,10,Telangana,COVID-19,1
2019,10,Telangana,Dengue,1
2019,10,Telangana,HIV/AIDS,1
2019,10,Telangana,Hypertension,1
2019,10,Telangana,Japanese Encephalitis,1
2019,10,Telangana,Lung Cancer,1
2019,10,Telangana,Sickle Cell Anemia,1
2019,10,Telangana,Tuberculosis,1
2019,10,Tripura,HIV/AIDS,1
2019,10,Tripura,Leptospirosis,1
2019,10,Uttar Pradesh,Anxiety Disorder,2
2019,10,Uttar Pradesh,Breast Cancer,1
2019,10,Uttar Pradesh,Chikungunya,2
2019,10,Uttar Pradesh,Cholera,2
2019,10,Uttar Pradesh,Chronic Kidney Disease,2
2019,10,Uttar Pradesh,Depression,2
2019,10,Uttar Pradesh,Diabetes (Type 2),1
2019,10,Uttar Pradesh,Diarrhea,1
2019,10,Uttar Pradesh,Filariasis,3
2019,10,Uttar Pradesh,HIV/AIDS,5
2019,10,Uttar Pradesh,Heart Disease,1
2019,10,Uttar Pradesh,Hepatitis B,2
2019,10,Uttar Pradesh,Hypertension,2
2019,10,Uttar Pradesh,Japanese Encephalitis,2
2019,10,Uttar Pradesh,Jaundice (Hepatitis A),1
2019,10,Uttar Pradesh,Leptospirosis,1
2019,10,Uttar Pradesh,Lung Cancer,1
2019,10,Uttar Pradesh,Malaria,3
2019,10,Uttar Pradesh,Oral Cancer,2
2019,10,Uttar Pradesh,Pneumonia,1
2019,10,Uttar Pradesh,Stroke,2
2019,10,Uttar Pradesh,Thalassemia,3
2019,10,Uttar Pradesh,Typhoid,2
2019,10,Uttarakhand,Chikungunya,1
2019,10,Uttarakhand,Oral Cancer,2
2019,10,West Bengal,Anxiety Disorder,1
2019,10,West Bengal,Cholera,1
2019,10,West Bengal,Depression,1
2019,10,West Bengal,Filariasis,2
2019,10,West Bengal,Hypertension,1
2019,10,West Bengal,Malaria,1
2019,10,West Bengal,Typhoid,2
2019,11,Andhra Pradesh,Asthma,1
2019,11,Andhra Pradesh,COPD,1
2019,11,Andhra Pradesh,Depression,1
2019,11,Andhra Pradesh,Gastroenteritis,1
2019,11,Andhra Pradesh,Heart Disease,1
2019,11,Andhra Pradesh,Hepatitis B,1
2019,11,Andhra Pradesh,Swine Flu (H1N1),1
2019,11,Andhra Pradesh,Typhoid,1
2019,11,Arunachal Pradesh,Swine Flu (H1N1),1
2019,11,Assam,HIV/AIDS,2
2019,11,Assam,Pneumonia,1
2019,11,Assam,Swine Flu (H1N1),1
2019,11,Assam,Thalassemia,1
2019,11,Bihar,Asthma,5
2019,11,Bihar,Breast Cancer,1
2019,11,Bihar,Chronic Kidney Disease,1
2019,11,Bihar,HIV/AIDS,2
2019,11,Bihar,Lung Cancer,1
2019,11,Bihar,Oral Cancer,1
2019,11,Bihar,Stroke,1
2019,11,Bihar,Swine Flu (H1N1),1
2019,11,Chhattisgarh,Breast Cancer,1
2019,11,Chhattisgarh,Pneumonia,2
2019,11,Chhattisgarh,Swine Flu (H1N1),1
2019,11,Goa,Typhoid,1
2019,11,Gujarat,Anxiety Disorder,1
2019,11,Gujarat,Breast Cancer,2
2019,11,Gujarat,COPD,1
2019,11,Gujarat,Diabetes (Type 2),1
2019,11,Gujarat,HIV/AIDS,1
2019,11,Gujarat,Hepatitis B,1
2019,11,Gujarat,Pneumonia,1
2019,11,Gujarat,Sickle Cell Anemia,2
2019,11,Gujarat,Swine Flu (H1N1),1
2019,11,Gujarat,Typhoid,2
2019,11,Haryana,Chikungunya,1
2019,11,Haryana,Cholera,1
2019,11,Haryana,Chronic Kidney Disease,1
2019,11,Haryana,Depression,1
2019,11,Haryana,Diabetes (Type 2),2
2019,11,Haryana,Japanese Encephalitis,1
2019,11,Haryana,Stroke,1
2019,11,Jammu and Kashmir,Kala-Azar,1
2019,11,Jharkhand,COPD,2
2019,11,Jharkhand,Depression,1
2019,11,Jharkhand,Heart Disease,1
2019,11,Jharkhand,Hypertension,1
2019,11,Jharkhand,Japanese Encephalitis,1
2019,11,Jharkhand,Leptospirosis,1
2019,11,Jharkhand,Lung Cancer,1
2019,11,Jharkhand,Pneumonia,1
2019,11,Karnataka,Anxiety Disorder,1
2019,11,Karnataka,COVID-19,2
2019,11,Karnataka,Diabetes (Type 2),1
2019,11,Karnataka,Hepatitis B,1
2019,11,Karnataka,Typhoid,1
2019,11,Kerala,COVID-19,2
2019,11,Kerala,Hepatitis B,2
2019,11,Kerala,Swine Flu (H1N1),1
2019,11,Madhya Pradesh,Asthma,3
2019,11,Madhya Pradesh,Breast Cancer,1
2019,11,Madhya Pradesh,Depression,1
2019,11,Madhya Pradesh,Diarrhea,1
2019,11,Madhya Pradesh,Filariasis,1
2019,11,Madhya Pradesh,HIV/AIDS,1
2019,11,Madhya Pradesh,Kala-Azar,1
2019,11,Madhya Pradesh,Pneumonia,3
2019,11,Madhya Pradesh,Swine Flu (H1N1),3
2019,11,Madhya Pradesh,Typhoid,1
2019,11,Maharashtra,Asthma,2
2019,11,Maharashtra,Breast Cancer,1
2019,11,Maharashtra,COPD,1
2019,11,Maharashtra,COVID-19,2
2019,11,Maharashtra,Chikungunya,1
2019,11,Maharashtra,Diabetes (Type 2),1
2019,11,Maharashtra,Diarrhea,1
2019,11,Maharashtra,Hypertension,1
2019,11,Maharashtra,Japanese Encephalitis,1
2019,11,Maharashtra,Kala-Azar,1
2019,11,Maharashtra,Malaria,1
2019,11,Maharashtra,Oral Cancer,4
2019,11,Maharashtra,Pneumonia,2
2019,11,Maharashtra,Sickle Cell Anemia,2
2019,11,Maharashtra,Stroke,2
2019,11,Maharashtra,Tuberculosis,1
2019,11,Meghalaya,COPD,1
2019,11,Meghalaya,COVID-19,1
2019,11,Mizoram,Heart Disease,1
2019,11,NCT of Delhi,COPD,1
2019,11,NCT of Delhi,Sickle Cell Anemia,1
2019,11,Nagaland,Pneumonia,1
2019,11,Odisha,Chikungunya,1
2019,11,Odisha,Chronic Kidney Disease,1
2019,11,Odisha,HIV/AIDS,1
2019,11,Odisha,Kala-Azar,1
2019,11,Odisha,Pneumonia,1
2019,11,Odisha,Stroke,1
2019,11,Punjab,Anxiety Disorder,1
2019,11,Punjab,COPD,1
2019,11,Rajasthan,Anxiety Disorder,1
2019,11,Rajasthan,Asthma,2
2019,11,Rajasthan,Breast Cancer,2
2019,11,Rajasthan,COPD,3
2019,11,Rajasthan,COVID-19,1
2019,11,Rajasthan,Chronic Kidney Disease,1
2019,11,Rajasthan,Depression,1
2019,11,Rajasthan,Diabetes (Type 2),1
2019,11,Rajasthan,Filariasis,2
2019,11,Rajasthan,HIV/AIDS,1
2019,11,Rajasthan,Hypertension,1
2019,11,Rajasthan,Pneumonia,1
2019,11,Rajasthan,Sickle Cell Anemia,1
2019,11,Rajasthan,Swine Flu (H1N1),2
2019,11,Tamil Nadu,COPD,1
2019,11,Tamil Nadu,Depression,1
2019,11,Tamil Nadu,HIV/AIDS,2
2019,11,Tamil Nadu,Hypertension,1
2019,11,Tamil Nadu,Swine Flu (H1N1),1
2019,11,Tamil Nadu,Tuberculosis,1
2019,11,Telangana,COPD,1
2019,11,Telangana,Lung Cancer,1
2019,11,Telangana,Oral Cancer,1
2019,11,Telangana,Pneumonia,1
2019,11,Telangana,Sickle Cell Anemia,1
2019,11,Telangana,Thalassemia,1
2019,11,Tripura,Diabetes (Type 2),1
2019,11,Tripura,Tuberculosis,1
2019,11,Uttar Pradesh,Asthma,5
2019,11,Uttar Pradesh,COPD,1
2019,11,Uttar Pradesh,COVID-19,2
2019,11,Uttar Pradesh,Chikungunya,1
2019,11,Uttar Pradesh,Cholera,1
2019,11,Uttar Pradesh,Chronic Kidney Disease,1
2019,11,Uttar Pradesh,Dengue,1
2019,11,Uttar Pradesh,Depression,3
2019,11,Uttar Pradesh,Diabetes (Type 2),1
2019,11,Uttar Pradesh,HIV/AIDS,2
2019,11,Uttar Pradesh,Heart Disease,1
2019,11,Uttar Pradesh,Japanese Encephalitis,1
2019,11,Uttar Pradesh,Kala-Azar,4
2019,11,Uttar Pradesh,Lung Cancer,2
2019,11,Uttar Pradesh,Malaria,2
2019,11,Uttar Pradesh,Oral Cancer,1
2019,11,Uttar Pradesh,Sickle Cell Anemia,2
2019,11,Uttar Pradesh,Stroke,3
2019,11,Uttar Pradesh,Swine Flu (H1N1),2
2019,11,Uttar Pradesh,Thalassemia,1
2019,11,Uttar Pradesh,Tuberculosis,2
2019,11,Uttar Pradesh,Typhoid,3
2019,11,Uttarakhand,Lung Cancer,1
2019,11,Uttarakhand,Typhoid,1
2019,11,West Bengal,Asthma,1
2019,11,West Bengal,COPD,1
2019,11,West Bengal,COVID-19,1
2019,11,West Bengal,Chikungunya,2
2019,11,West Bengal,Filariasis,1
2019,11,West Bengal,Heart Disease,2
2019,11,West Bengal,Hypertension,1
2019,11,West Bengal,Kala-Azar,1
2019,11,West Bengal,Lung Cancer,3
2019,11,West Bengal,Oral Cancer,1
2019,11,West Bengal,Pneumonia,3
2019,11,West Bengal,Swine Flu (H1N1),1
2019,11,West Bengal,Thalassemia,1
2019,12,Andhra Pradesh,Asthma,3
2019,12,Andhra Pradesh,Breast Cancer,1
2019,12,Andhra Pradesh,COPD,1
2019,12,Andhra Pradesh,COVID-19,1
2019,12,Andhra Pradesh,Diarrhea,1
2019,12,Andhra Pradesh,HIV/AIDS,1
2019,12,Andhra Pradesh,Heart Disease,1
2019,12,Andhra Pradesh,Japanese Encephalitis,1
2019,12,Andhra Pradesh,Swine Flu (H1N1),2
2019,12,Assam,Lung Cancer,1
2019,12,Assam,Swine Flu (H1N1),2
2019,12,Bihar,Asthma,1
2019,12,Bihar,Breast Cancer,1
2019,12,Bihar,COPD,1
2019,12,Bihar,COVID-19,1
2019,12,Bihar,Chronic Kidney Disease,2
2019,12,Bihar,Depression,1
2019,12,Bihar,Diarrhea,2
2019,12,Bihar,Filariasis,1
2019,12,Bihar,Hepatitis B,2
2019,12,Bihar,Hypertension,1
2019,12,Bihar,Japanese Encephalitis,1
2019,12,Bihar,Kala-Azar,2
2019,12,Bihar,Lung Cancer,1
2019,12,Bihar,Pneumonia,1
2019,12,Bihar,Stroke,2
2019,12,Bihar,Swine Flu (H1N1),4
2019,12,Chhattisgarh,COPD,1
2019,12,Chhattisgarh,Depression,1
2019,12,Chhattisgarh,HIV/AIDS,1
2019,12,Chhattisgarh,Hepatitis B,1
2019,12,Chhattisgarh,Hypertension,1
2019,12,Goa,Asthma,1
2019,12,Gujarat,Asthma,2
2019,12,Gujarat,COPD,1
2019,12,Gujarat,Chikungunya,1
2019,12,Gujarat,Chronic Kidney Disease,1
2019,12,Gujarat,Diabetes (Type 2),1
2019,12,Gujarat,Diarrhea,1
2019,12,Gujarat,Filariasis,1
2019,12,Gujarat,Gastroenteritis,1
2019,12,Gujarat,Pneumonia,1
2019,12,Gujarat,Stroke,1
2019,12,Gujarat,Swine Flu (H1N1),1
2019,12,Gujarat,Tuberculosis,1
2019,12,Haryana,Asthma,1
2019,12,Haryana,Breast Cancer,1
2019,12,Himachal Pradesh,Tuberculosis,1
2019,12,Jammu and Kashmir,Lung Cancer,1
2019,12,Jharkhand,Lung Cancer,1
2019,12,Karnataka,Anxiety Disorder,2
2019,12,Karnataka,Breast Cancer,1
2019,12,Karnataka,COVID-19,1
2019,12,Karnataka,Chronic Kidney Disease,1
2019,12,Karnataka,Diabetes (Type 2),3
2019,12,Karnataka,Japanese Encephalitis,1
2019,12,Karnataka,Malaria,2
2019,12,Karnataka,Stroke,1
2019,12,Karnataka,Swine Flu (H1N1),1
2019,12,Karnataka,Thalassemia,1
2019,12,Karnataka,Typhoid,1
2019,12,Kerala,Swine Flu (H1N1),2
2019,12,Kerala,Tuberculosis,1
2019,12,Kerala,Typhoid,1
2019,12,Madhya Pradesh,COVID-19,1
2019,12,Madhya Pradesh,Chikungunya,1
2019,12,Madhya Pradesh,Chronic Kidney Disease,1
2019,12,Madhya Pradesh,Diarrhea,1
2019,12,Madhya Pradesh,Pneumonia,1
2019,12,Madhya Pradesh,Stroke,1
2019,12,Madhya Pradesh,Swine Flu (H1N1),2
2019,12,Madhya Pradesh,Thalassemia,2
2019,12,Madhya Pradesh,Tuberculosis,2
2019,12,Maharashtra,Breast Cancer,1
2019,12,Maharashtra,COPD,1
2019,12,Maharashtra,COVID-19,1
2019,12,Maharashtra,Chronic Kidney Disease,1
2019,12,Maharashtra,Diarrhea,1
2019,12,Maharashtra,Heart Disease,2
2019,12,Maharashtra,Hepatitis B,1
2019,12,Maharashtra,Oral Cancer,1
2019,12,Maharashtra,Pneumonia,1
2019,12,Maharashtra,Stroke,1
2019,12,Maharashtra,Swine Flu (H1N1),1
2019,12,Maharashtra,Thalassemia,1
2019,12,Meghalaya,Chronic Kidney Disease,1
2019,12,Meghalaya,HIV/AIDS,1
2019,12,Meghalaya,Pneumonia,1
2019,12,Meghalaya,Swine Flu (H1N1),1
2019,12,NCT of Delhi,COPD,1
2019,12,NCT of Delhi,Japanese Encephalitis,1
2019,12,NCT of Delhi,Stroke,1
2019,12,Nagaland,HIV/AIDS,1
2019,12,Odisha,Asthma,1
2019,12,Odisha,COVID-19,1
2019,12,Odisha,Cholera,1
2019,12,Odisha,Chronic Kidney Disease,1
2019,12,Odisha,Filariasis,1
2019,12,Odisha,HIV/AIDS,1
2019,12,Odisha,Oral Cancer,1
2019,12,Odisha,Stroke,1
2019,12,Odisha,Swine Flu (H1N1),4
2019,12,Odisha,Tuberculosis,1
2019,12,Punjab,Anxiety Disorder,1
2019,12,Punjab,Diarrhea,1
2019,12,Punjab,Pneumonia,1
2019,12,Punjab,Typhoid,2
2019,12,Rajasthan,Anxiety Disorder,1
2019,12,Rajasthan,Asthma,1
2019,12,Rajasthan,COPD,1
2019,12,Rajasthan,COVID-19,1
2019,12,Rajasthan,Chikungunya,1
2019,12,Rajasthan,Chronic Kidney Disease,1
2019,12,Rajasthan,Diabetes (Type 2),1
2019,12,Rajasthan,Heart Disease,1
2019,12,Rajasthan,Hepatitis B,1
2019,12,Rajasthan,Pneumonia,2
2019,12,Rajasthan,Swine Flu (H1N1),1
2019,12,Tamil Nadu,Anxiety Disorder,1
2019,12,Tamil Nadu,Asthma,1
2019,12,Tamil Nadu,COVID-19,3
2019,12,Tamil Nadu,Chronic Kidney Disease,1
2019,12,Tamil Nadu,Depression,1
2019,12,Tamil Nadu,Gastroenteritis,1
2019,12,Tamil Nadu,HIV/AIDS,1
2019,12,Tamil Nadu,Kala-Azar,1
2019,12,Tamil Nadu,Oral Cancer,1
2019,12,Tamil Nadu,Pneumonia,1
2019,12,Tamil Nadu,Sickle Cell Anemia,1
2019,12,Tamil Nadu,Swine Flu (H1N1),1
2019,12,Telangana,Anxiety Disorder,1
2019,12,Telangana,Heart Disease,1
2019,12,Telangana,Hepatitis B,1
2019,12,Telangana,Pneumonia,1
2019,12,Telangana,Swine Flu (H1N1),1
2019,12,Telangana,Tuberculosis,1
2019,12,Tripura,HIV/AIDS,1
2019,12,Uttar Pradesh,Asthma,1
2019,12,Uttar Pradesh,Breast Cancer,1
2019,12,Uttar Pradesh,COPD,1
2019,12,Uttar Pradesh,COVID-19,2
2019,12,Uttar Pradesh,Chronic Kidney Disease,5
2019,12,Uttar Pradesh,Depression,3
2019,12,Uttar Pradesh,Diabetes (Type 2),2
2019,12,Uttar Pradesh,Diarrhea,2
2019,12,Uttar Pradesh,Filariasis,2
2019,12,Uttar Pradesh,Heart Disease,1
2019,12,Uttar Pradesh,Hepatitis B,1
2019,12,Uttar Pradesh,Hypertension,2
2019,12,Uttar Pradesh,Kala-Azar,2
2019,12,Uttar Pradesh,Pneumonia,1
2019,12,Uttar Pradesh,Sickle Cell Anemia,1
2019,12,Uttar Pradesh,Stroke,1
2019,12,Uttar Pradesh,Swine Flu (H1N1),3
2019,12,Uttar Pradesh,Thalassemia,1
2019,12,Uttar Pradesh,Typhoid,2
2019,12,Uttarakhand,COVID-19,1
2019,12,Uttarakhand,Lung Cancer,2
2019,12,Uttarakhand,Malaria,1
2019,12,Uttarakhand,Sickle Cell Anemia,1
2019,12,West Bengal,Anxiety Disorder,2
2019,12,West Bengal,Asthma,1
2019,12,West Bengal,Breast Cancer,1
2019,12,West Bengal,Chronic Kidney Disease,1
2019,12,West Bengal,Dengue,1
2019,12,West Bengal,Filariasis,1
2019,12,West Bengal,Hepatitis B,1
2019,12,West Bengal,Hypertension,2
2019,12,West Bengal,Japanese Encephalitis,1
2019,12,West Bengal,Kala-Azar,1
2019,12,West Bengal,Pneumonia,1
2019,12,West Bengal,Swine Flu (H1N1),3
2019,12,West Bengal,Typhoid,1
2020,1,Andhra Pradesh,Asthma,2
2020,1,Andhra Pradesh,Breast Cancer,1
2020,1,Andhra Pradesh,COPD,2
2020,1,Andhra Pradesh,Depression,1
2020,1,Andhra Pradesh,Diabetes (Type 2),1
2020,1,Andhra Pradesh,HIV/AIDS,1
2020,1,Andhra Pradesh,Heart Disease,1
2020,1,Andhra Pradesh,Kala-Azar,1
2020,1,Andhra Pradesh,Pneumonia,1
2020,1,Andhra Pradesh,Sickle Cell Anemia,1
2020,1,Andhra Pradesh,Typhoid,1
2020,1,Arunachal Pradesh,Stroke,1
2020,1,Assam,Anxiety Disorder,1
2020,1,Assam,Asthma,1
2020,1,Assam,Chikungunya,1
2020,1,Assam,Depression,2
2020,1,Assam,Diarrhea,1
2020,1,Assam,Stroke,1
2020,1,Bihar,Breast Cancer,1
2020,1,Bihar,COPD,2
2020,1,Bihar,COVID-19,1
2020,1,Bihar,Chronic Kidney Disease,2
2020,1,Bihar,Depression,1
2020,1,Bihar,Diarrhea,1
2020,1,Bihar,Filariasis,1
2020,1,Bihar,Heart Disease,1
2020,1,Bihar,Japanese Encephalitis,1
2020,1,Bihar,Leptospirosis,1
2020,1,Bihar,Lung Cancer,1
2020,1,Bihar,Tuberculosis,1
2020,1,Bihar,Typhoid,1
2020,1,Chhattisgarh,Asthma,2
2020,1,Chhattisgarh,HIV/AIDS,1
2020,1,Chhattisgarh,Sickle Cell Anemia,1
2020,1,Goa,Filariasis,1
2020,1,Gujarat,Breast Cancer,1
2020,1,Gujarat,Diabetes (Type 2),2
2020,1,Gujarat,Gastroenteritis,1
2020,1,Gujarat,HIV/AIDS,1
2020,1,Gujarat,Heart Disease,1
2020,1,Gujarat,Hypertension,1
2020,1,Gujarat,Kala-Azar,1
2020,1,Gujarat,Pneumonia,2
2020,1,Gujarat,Sickle Cell Anemia,2
2020,1,Gujarat,Stroke,1
2020,1,Gujarat,Swine Flu (H1N1),2
2020,1,Gujarat,Tuberculosis,1
2020,1,Haryana,Anxiety Disorder,1
2020,1,Haryana,Asthma,1
2020,1,Haryana,Breast Cancer,1
2020,1,Haryana,COVID-19,1
2020,1,Haryana,Stroke,1
2020,1,Haryana,Typhoid,1
2020,1,Jharkhand,Asthma,1
2020,1,Jharkhand,Depression,1
2020,1,Jharkhand,Kala-Azar,1
2020,1,Jharkhand,Pneumonia,2
2020,1,Jharkhand,Swine Flu (H1N1),1
2020,1,Jharkhand,Tuberculosis,1
2020,1,Karnataka,COPD,1
2020,1,Karnataka,COVID-19,1
2020,1,Karnataka,Chronic Kidney Disease,1
2020,1,Karnataka,Diarrhea,2
2020,1,Karnataka,Heart Disease,1
2020,1,Karnataka,Sickle Cell Anemia,1
2020,1,Karnataka,Thalassemia,1
2020,1,Karnataka,Tuberculosis,1
2020,1,Kerala,Asthma,1
2020,1,Kerala,Sickle Cell Anemia,1
2020,1,Kerala,Stroke,1
2020,1,Kerala,Swine Flu (H1N1),1
2020,1,Madhya Pradesh,Asthma,3
2020,1,Madhya Pradesh,Breast Cancer,1
2020,1,Madhya Pradesh,COPD,1
2020,1,Madhya Pradesh,Cholera,1
2020,1,Madhya Pradesh,Chronic Kidney Disease,1
2020,1,Madhya Pradesh,Depression,2
2020,1,Madhya Pradesh,Diabetes (Type 2),2
2020,1,Madhya Pradesh,Lung Cancer,2
2020,1,Madhya Pradesh,Malaria,1
2020,1,Madhya Pradesh,Pneumonia,1
2020,1,Madhya Pradesh,Sickle Cell Anemia,1
2020,1,Madhya Pradesh,Stroke,1
2020,1,Madhya Pradesh,Swine Flu (H1N1),2
2020,1,Madhya Pradesh,Tuberculosis,1
2020,1,Madhya Pradesh,Typhoid,1
2020,1,Maharashtra,Asthma,2
2020,1,Maharashtra,COPD,1
2020,1,Maharashtra,Chikungunya,1
2020,1,Maharashtra,Chronic Kidney Disease,1
2020,1,Maharashtra,Depression,1
2020,1,Maharashtra,Diabetes (Type 2),1
2020,1,Maharashtra,Diarrhea,1
2020,1,Maharashtra,Heart Disease,1
2020,1,Maharashtra,Hepatitis B,1
2020,1,Maharashtra,Japanese Encephalitis,1
2020,1,Maharashtra,Jaundice (Hepatitis A),1
2020,1,Maharashtra,Lung Cancer,2
2020,1,Maharashtra,Pneumonia,1
2020,1,Maharashtra,Stroke,2
2020,1,Maharashtra,Swine Flu (H1N1),3
2020,1,Maharashtra,Tuberculosis,1
2020,1,Meghalaya,Chronic Kidney Disease,1
2020,1,NCT of Delhi,Diabetes (Type 2),2
2020,1,NCT of Delhi,Pneumonia,1
2020,1,NCT of Delhi,Sickle Cell Anemia,1
2020,1,NCT of Delhi,Swine Flu (H1N1),1
2020,1,Nagaland,Dengue,1
2020,1,Nagaland,Stroke,1
2020,1,Odisha,Breast Cancer,2
2020,1,Odisha,Filariasis,1
2020,1,Odisha,HIV/AIDS,1
2020,1,Odisha,Hepatitis B,2
2020,1,Odisha,Lung Cancer,1
2020,1,Punjab,Anxiety Disorder,1
2020,1,Punjab,Depression,1
2020,1,Punjab,Diabetes (Type 2),1
2020,1,Punjab,HIV/AIDS,1
2020,1,Punjab,Hepatitis B,1
2020,1,Punjab,Pneumonia,2
2020,1,Rajasthan,Asthma,3
2020,1,Rajasthan,Diabetes (Type 2),2
2020,1,Rajasthan,HIV/AIDS,1
2020,1,Rajasthan,Hepatitis B,1
2020,1,Rajasthan,Japanese Encephalitis,2
2020,1,Rajasthan,Sickle Cell Anemia,1
2020,1,Rajasthan,Stroke,1
2020,1,Rajasthan,Thalassemia,1
2020,1,Rajasthan,Tuberculosis,1
2020,1,Sikkim,Asthma,1
2020,1,Tamil Nadu,Anxiety Disorder,1
2020,1,Tamil Nadu,Asthma,1
2020,1,Tamil Nadu,Breast Cancer,2
2020,1,Tamil Nadu,COVID-19,1
2020,1,Tamil Nadu,Chronic Kidney Disease,1
2020,1,Tamil Nadu,Depression,2
2020,1,Tamil Nadu,Gastroenteritis,1
2020,1,Tamil Nadu,Hepatitis B,1
2020,1,Tamil Nadu,Jaundice (Hepatitis A),1
2020,1,Tamil Nadu,Malaria,1
2020,1,Tamil Nadu,Oral Cancer,1
2020,1,Tamil Nadu,Sickle Cell Anemia,1
2020,1,Tamil Nadu,Swine Flu (H1N1),1
2020,1,Tamil Nadu,Thalassemia,1
2020,1,Tamil Nadu,Typhoid,1
2020,1,Telangana,COPD,1
2020,1,Telangana,COVID-19,1
2020,1,Telangana,Chronic Kidney Disease,1
2020,1,Telangana,Pneumonia,1
2020,1,Uttar Pradesh,Asthma,3
2020,1,Uttar Pradesh,COPD,1
2020,1,Uttar Pradesh,COVID-19,5
2020,1,Uttar Pradesh,Chronic Kidney Disease,2
2020,1,Uttar Pradesh,Dengue,1
2020,1,Uttar Pradesh,Depression,1
2020,1,Uttar Pradesh,Diarrhea,1
2020,1,Uttar Pradesh,Filariasis,1
2020,1,Uttar Pradesh,HIV/AIDS,4
2020,1,Uttar Pradesh,Heart Disease,1
2020,1,Uttar Pradesh,Hypertension,2
2020,1,Uttar Pradesh,Kala-Azar,1
2020,1,Uttar Pradesh,Leptospirosis,1
2020,1,Uttar Pradesh,Lung Cancer,2
2020,1,Uttar Pradesh,Pneumonia,3
2020,1,Uttar Pradesh,Sickle Cell Anemia,1
2020,1,Uttar Pradesh,Swine Flu (H1N1),5
2020,1,Uttar Pradesh,Typhoid,2
2020,1,Uttarakhand,Anxiety Disorder,1
2020,1,Uttarakhand,Asthma,1
2020,1,Uttarakhand,Lung Cancer,1
2020,1,West Bengal,Breast Cancer,1
2020,1,West Bengal,COPD,1
2020,1,West Bengal,Cholera,1
2020,1,West Bengal,HIV/AIDS,1
2020,1,West Bengal,Heart Disease,1
2020,1,West Bengal,Hypertension,2
2020,1,West Bengal,Japanese Encephalitis,1
2020,1,West Bengal,Leptospirosis,1
2020,1,West Bengal,Malaria,1
2020,1,West Bengal,Sickle Cell Anemia,1
2020,1,West Bengal,Swine Flu (H1N1),1
2020,1,West Bengal,Typhoid,1
2020,2,Andaman and Nicobar Islands,Asthma,1
2020,2,Andhra Pradesh,Breast Cancer,1
2020,2,Andhra Pradesh,COVID-19,1
2020,2,Andhra Pradesh,Chronic Kidney Disease,1
2020,2,Andhra Pradesh,Diabetes (Type 2),2
2020,2,Andhra Pradesh,Heart Disease,1
2020,2,Andhra Pradesh,Jaundice (Hepatitis A),1
2020,2,Andhra Pradesh,Leptospirosis,1
2020,2,Assam,COVID-19,1
2020,2,Assam,Pneumonia,1
2020,2,Assam,Swine Flu (H1N1),1
2020,2,Bihar,Asthma,1
2020,2,Bihar,COPD,2
2020,2,Bihar,COVID-19,1
2020,2,Bihar,Japanese Encephalitis,2
2020,2,Bihar,Kala-Azar,1
2020,2,Bihar,Leptospirosis,1
2020,2,Bihar,Lung Cancer,1
2020,2,Bihar,Malaria,1
2020,2,Bihar,Sickle Cell Anemia,2
2020,2,Bihar,Stroke,2
2020,2,Chhattisgarh,Asthma,1
2020,2,Chhattisgarh,HIV/AIDS,1
2020,2,Chhattisgarh,Hepatitis B,1
2020,2,Gujarat,Anxiety Disorder,1
2020,2,Gujarat,Asthma,2
2020,2,Gujarat,COPD,1
2020,2,Gujarat,Chronic Kidney Disease,1
2020,2,Gujarat,Diarrhea,1
2020,2,Gujarat,Swine Flu (H1N1),1
2020,2,Haryana,Cholera,1
2020,2,Haryana,Chronic Kidney Disease,1
2020,2,Haryana,Typhoid,1
2020,2,Himachal Pradesh,Asthma,1
2020,2,Jammu and Kashmir,Kala-Azar,1
2020,2,Jharkhand,Heart Disease,2
2020,2,Jharkhand,Pneumonia,1
2020,2,Jharkhand,Swine Flu (H1N1),1
2020,2,Jharkhand,Tuberculosis,1
2020,2,Karnataka,Chronic Kidney Disease,1
2020,2,Karnataka,Depression,1
2020,2,Karnataka,Diarrhea,1
2020,2,Karnataka,Filariasis,1
2020,2,Karnataka,HIV/AIDS,1
2020,2,Karnataka,Hypertension,1
2020,2,Karnataka,Kala-Azar,1
2020,2,Karnataka,Pneumonia,1
2020,2,Karnataka,Swine Flu (H1N1),1
2020,2,Kerala,COPD,1
2020,2,Kerala,COVID-19,1
2020,2,Kerala,Diarrhea,1
2020,2,Kerala,Gastroenteritis,1
2020,2,Kerala,Swine Flu (H1N1),1
2020,2,Madhya Pradesh,Asthma,2
2020,2,Madhya Pradesh,COPD,2
2020,2,Madhya Pradesh,COVID-19,1
2020,2,Madhya Pradesh,Cholera,1
2020,2,Madhya Pradesh,Depression,1
2020,2,Madhya Pradesh,Diarrhea,1
2020,2,Madhya Pradesh,HIV/AIDS,1
2020,2,Madhya Pradesh,Hepatitis B,1
2020,2,Madhya Pradesh,Swine Flu (H1N1),1
2020,2,Madhya Pradesh,Typhoid,1
2020,2,Maharashtra,Asthma,4
2020,2,Maharashtra,COPD,1
2020,2,Maharashtra,Chronic Kidney Disease,2
2020,2,Maharashtra,Filariasis,1
2020,2,Maharashtra,HIV/AIDS,2
2020,2,Maharashtra,Lung Cancer,1
2020,2,Maharashtra,Pneumonia,3
2020,2,Maharashtra,Swine Flu (H1N1),1
2020,2,Maharashtra,Typhoid,2
2020,2,Manipur,COVID-19,1
2020,2,Manipur,Heart Disease,1
2020,2,Mizoram,Anxiety Disorder,1
2020,2,NCT of Delhi,Breast Cancer,1
2020,2,NCT of Delhi,COVID-19,1
2020,2,NCT of Delhi,Chronic Kidney Disease,1
2020,2,NCT of Delhi,Pneumonia,1
2020,2,NCT of Delhi,Stroke,1
2020,2,Nagaland,Heart Disease,1
2020,2,Nagaland,Hepatitis B,1
2020,2,Odisha,COPD,4
2020,2,Odisha,HIV/AIDS,1
2020,2,Odisha,Hepatitis B,2
2020,2,Odisha,Japanese Encephalitis,3
2020,2,Odisha,Kala-Azar,1
2020,2,Odisha,Oral Cancer,1
2020,2,Odisha,Pneumonia,2
2020,2,Odisha,Swine Flu (H1N1),2
2020,2,Punjab,Breast Cancer,1
2020,2,Punjab,COPD,1
2020,2,Punjab,Diarrhea,1
2020,2,Punjab,Gastroenteritis,1
2020,2,Punjab,Hepatitis B,1
2020,2,Punjab,Swine Flu (H1N1),1
2020,2,Punjab,Thalassemia,1
2020,2,Rajasthan,Asthma,1
2020,2,Rajasthan,Breast Cancer,1
2020,2,Rajasthan,COVID-19,3
2020,2,Rajasthan,Chronic Kidney Disease,1
2020,2,Rajasthan,Depression,2
2020,2,Rajasthan,Diabetes (Type 2),1
2020,2,Rajasthan,Diarrhea,1
2020,2,Rajasthan,Heart Disease,1
2020,2,Rajasthan,Hepatitis B,2
2020,2,Rajasthan,Hypertension,2
2020,2,Rajasthan,Japanese Encephalitis,1
2020,2,Rajasthan,Jaundice (Hepatitis A),1
2020,2,Rajasthan,Lung Cancer,1
2020,2,Rajasthan,Oral Cancer,2
2020,2,Tamil Nadu,COVID-19,1
2020,2,Tamil Nadu,Chronic Kidney Disease,2
2020,2,Tamil Nadu,Diabetes (Type 2),1
2020,2,Tamil Nadu,Filariasis,1
2020,2,Tamil Nadu,Lung Cancer,1
2020,2,Tamil Nadu,Thalassemia,1
2020,2,Tamil Nadu,Typhoid,1
2020,2,Telangana,Asthma,1
2020,2,Telangana,COPD,1
2020,2,Telangana,COVID-19,1
2020,2,Telangana,Dengue,1
2020,2,Telangana,Depression,1
2020,2,Telangana,Hepatitis B,1
2020,2,Telangana,Pneumonia,1
2020,2,Telangana,Thalassemia,1
2020,2,Telangana,Typhoid,1
2020,2,Uttar Pradesh,Anxiety Disorder,1
2020,2,Uttar Pradesh,Asthma,2
2020,2,Uttar Pradesh,Breast Cancer,1
2020,2,Uttar Pradesh,COPD,2
2020,2,Uttar Pradesh,COVID-19,4
2020,2,Uttar Pradesh,Chikungunya,1
2020,2,Uttar Pradesh,Chronic Kidney Disease,2
2020,2,Uttar Pradesh,Dengue,1
2020,2,Uttar Pradesh,Depression,2
2020,2,Uttar Pradesh,Diabetes (Type 2),3
2020,2,Uttar Pradesh,Diarrhea,4
2020,2,Uttar Pradesh,Filariasis,2
2020,2,Uttar Pradesh,Hepatitis B,1
2020,2,Uttar Pradesh,Japanese Encephalitis,1
2020,2,Uttar Pradesh,Jaundice (Hepatitis A),1
2020,2,Uttar Pradesh,Kala-Azar,1
2020,2,Uttar Pradesh,Leptospirosis,1
2020,2,Uttar Pradesh,Sickle Cell Anemia,2
2020,2,Uttar Pradesh,Stroke,1
2020,2,Uttar Pradesh,Thalassemia,2
2020,2,Uttar Pradesh,Tuberculosis,2
2020,2,Uttar Pradesh,Typhoid,2
2020,2,Uttarakhand,Anxiety Disorder,1
2020,2,Uttarakhand,Asthma,1
2020,2,Uttarakhand,Diarrhea,1
2020,2,West Bengal,Anxiety Disorder,2
2020,2,West Bengal,Breast Cancer,1
2020,2,West Bengal,COVID-19,2
2020,2,West Bengal,Chikungunya,1
2020,2,West Bengal,Chronic Kidney Disease,1
2020,2,West Bengal,Dengue,1
2020,2,West Bengal,Filariasis,2
2020,2,West Bengal,HIV/AIDS,1
2020,2,West Bengal,Hepatitis B,1
2020,2,West Bengal,Japanese Encephalitis,1
2020,2,West Bengal,Oral Cancer,1
2020,2,West Bengal,Pneumonia,1
2020,2,West Bengal,Swine Flu (H1N1),2
2020,2,West Bengal,Thalassemia,1
2020,3,Andhra Pradesh,COVID-19,1
2020,3,Andhra Pradesh,Dengue,1
2020,3,Andhra Pradesh,Filariasis,1
2020,3,Andhra Pradesh,Hepatitis B,4
2020,3,Andhra Pradesh,Kala-Azar,3
2020,3,Andhra Pradesh,Leptospirosis,1
2020,3,Andhra Pradesh,Malaria,1
2020,3,Andhra Pradesh,Pneumonia,1
2020,3,Andhra Pradesh,Typhoid,1
2020,3,Assam,Heart Disease,1
2020,3,Assam,Hepatitis B,1
2020,3,Bihar,Anxiety Disorder,1
2020,3,Bihar,Asthma,1
2020,3,Bihar,Dengue,1
2020,3,Bihar,Diarrhea,1
2020,3,Bihar,Gastroenteritis,1
2020,3,Bihar,Heart Disease,3
2020,3,Bihar,Hepatitis B,1
2020,3,Bihar,Kala-Azar,1
2020,3,Bihar,Sickle Cell Anemia,1
2020,3,Bihar,Stroke,1
2020,3,Bihar,Tuberculosis,1
2020,3,Chhattisgarh,Breast Cancer,1
2020,3,Chhattisgarh,Diarrhea,1
2020,3,Chhattisgarh,Malaria,1
2020,3,Gujarat,COVID-19,1
2020,3,Gujarat,Chikungunya,1
2020,3,Gujarat,Depression,2
2020,3,Gujarat,Kala-Azar,1
2020,3,Gujarat,Lung Cancer,1
2020,3,Gujarat,Oral Cancer,1
2020,3,Gujarat,Typhoid,1
2020,3,Himachal Pradesh,Diarrhea,1
2020,3,Himachal Pradesh,HIV/AIDS,1
2020,3,Himachal Pradesh,Sickle Cell Anemia,1
2020,3,Himachal Pradesh,Swine Flu (H1N1),1
2020,3,Jammu and Kashmir,Pneumonia,1
2020,3,Jharkhand,Breast Cancer,1
2020,3,Jharkhand,Oral Cancer,1
2020,3,Jharkhand,Thalassemia,1
2020,3,Karnataka,Anxiety Disorder,2
2020,3,Karnataka,COPD,2
2020,3,Karnataka,COVID-19,1
2020,3,Karnataka,Diarrhea,1
2020,3,Karnataka,Japanese Encephalitis,1
2020,3,Karnataka,Kala-Azar,1
2020,3,Karnataka,Sickle Cell Anemia,1
2020,3,Karnataka,Stroke,1
2020,3,Kerala,Anxiety Disorder,1
2020,3,Kerala,Sickle Cell Anemia,1
2020,3,Kerala,Tuberculosis,1
2020,3,Madhya Pradesh,Breast Cancer,1
2020,3,Madhya Pradesh,Diabetes (Type 2),1
2020,3,Madhya Pradesh,Filariasis,1
2020,3,Madhya Pradesh,Hypertension,1
2020,3,Madhya Pradesh,Jaundice (Hepatitis A),1
2020,3,Madhya Pradesh,Pneumonia,1
2020,3,Madhya Pradesh,Sickle Cell Anemia,1
2020,3,Madhya Pradesh,Thalassemia,1
2020,3,Maharashtra,Anxiety Disorder,1
2020,3,Maharashtra,Depression,1
2020,3,Maharashtra,Filariasis,1
2020,3,Maharashtra,Hypertension,2
2020,3,Maharashtra,Japanese Encephalitis,1
2020,3,Maharashtra,Kala-Azar,1
2020,3,Maharashtra,Sickle Cell Anemia,2
2020,3,Maharashtra,Stroke,1
2020,3,Maharashtra,Swine Flu (H1N1),1
2020,3,Maharashtra,Tuberculosis,1
2020,3,Meghalaya,Anxiety Disorder,2
2020,3,NCT of Delhi,HIV/AIDS,1
2020,3,NCT of Delhi,Japanese Encephalitis,1
2020,3,Nagaland,Diabetes (Type 2),1
2020,3,Odisha,Hypertension,1
2020,3,Odisha,Kala-Azar,1
2020,3,Odisha,Lung Cancer,1
2020,3,Odisha,Thalassemia,2
2020,3,Punjab,Depression,1
2020,3,Punjab,Oral Cancer,1
2020,3,Rajasthan,Diabetes (Type 2),1
2020,3,Rajasthan,HIV/AIDS,2
2020,3,Rajasthan,Japanese Encephalitis,2
2020,3,Rajasthan,Lung Cancer,1
2020,3,Rajasthan,Oral Cancer,1
2020,3,Rajasthan,Tuberculosis,1
2020,3,Tamil Nadu,COPD,1
2020,3,Tamil Nadu,Depression,1
2020,3,Tamil Nadu,Diabetes (Type 2),1
2020,3,Tamil Nadu,Hepatitis B,1
2020,3,Tamil Nadu,Kala-Azar,1
2020,3,Tamil Nadu,Lung Cancer,1
2020,3,Tamil Nadu,Oral Cancer,1
2020,3,Tamil Nadu,Pneumonia,1
2020,3,Tamil Nadu,Stroke,1
2020,3,Tamil Nadu,Swine Flu (H1N1),2
2020,3,Telangana,Diabetes (Type 2),1
2020,3,Telangana,HIV/AIDS,1
2020,3,Telangana,Heart Disease,1
2020,3,Telangana,Lung Cancer,1
2020,3,Telangana,Sickle Cell Anemia,1
2020,3,Telangana,Stroke,1
2020,3,Uttar Pradesh,Anxiety Disorder,2
2020,3,Uttar Pradesh,Cholera,1
2020,3,Uttar Pradesh,Depression,1
2020,3,Uttar Pradesh,Diarrhea,1
2020,3,Uttar Pradesh,HIV/AIDS,3
2020,3,Uttar Pradesh,Hepatitis B,1
2020,3,Uttar Pradesh,Hypertension,1
2020,3,Uttar Pradesh,Japanese Encephalitis,4
2020,3,Uttar Pradesh,Kala-Azar,1
2020,3,Uttar Pradesh,Oral Cancer,2
2020,3,Uttar Pradesh,Pneumonia,1
2020,3,Uttar Pradesh,Sickle Cell Anemia,3
2020,3,Uttar Pradesh,Stroke,1
2020,3,Uttar Pradesh,Tuberculosis,3
2020,3,Uttar Pradesh,Typhoid,1
2020,3,Uttarakhand,Swine Flu (H1N1),1
2020,3,West Bengal,Anxiety Disorder,1
2020,3,West Bengal,Breast Cancer,1
2020,3,West Bengal,Chronic Kidney Disease,1
2020,3,West Bengal,Dengue,1
2020,3,West Bengal,Kala-Azar,1
2020,3,West Bengal,Lung Cancer,2
2020,3,West Bengal,Stroke,1
2020,4,Andhra Pradesh,Cholera,1
2020,4,Andhra Pradesh,Gastroenteritis,1
2020,4,Andhra Pradesh,Hypertension,1
2020,4,Andhra Pradesh,Jaundice (Hepatitis A),1
2020,4,Andhra Pradesh,Lung Cancer,1
2020,4,Andhra Pradesh,Malaria,1
2020,4,Andhra Pradesh,Swine Flu (H1N1),1
2020,4,Arunachal Pradesh,Filariasis,1
2020,4,Assam,Cholera,1
2020,4,Assam,Depression,1
2020,4,Assam,Gastroenteritis,2
2020,4,Assam,Hepatitis B,1
2020,4,Assam,Hypertension,1
2020,4,Assam,Sickle Cell Anemia,1
2020,4,Assam,Tuberculosis,1
2020,4,Bihar,Anxiety Disorder,1
2020,4,Bihar,Chikungunya,1
2020,4,Bihar,Cholera,1
2020,4,Bihar,Chronic Kidney Disease,1
2020,4,Bihar,Depression,1
2020,4,Bihar,Diarrhea,1
2020,4,Bihar,Filariasis,2
2020,4,Bihar,Heart Disease,1
2020,4,Bihar,Hepatitis B,1
2020,4,Bihar,Hypertension,1
2020,4,Bihar,Malaria,1
2020,4,Bihar,Sickle Cell Anemia,1
2020,4,Bihar,Thalassemia,2
2020,4,Chhattisgarh,Chikungunya,1
2020,4,Chhattisgarh,Jaundice (Hepatitis A),1
2020,4,Chhattisgarh,Kala-Azar,1
2020,4,Goa,Chronic Kidney Disease,1
2020,4,Goa,Gastroenteritis,1
2020,4,Goa,Hypertension,1
2020,4,Gujarat,Depression,1
2020,4,Gujarat,Diarrhea,1
2020,4,Gujarat,Filariasis,2
2020,4,Gujarat,Gastroenteritis,1
2020,4,Gujarat,HIV/AIDS,1
2020,4,Gujarat,Jaundice (Hepatitis A),3
2020,4,Gujarat,Swine Flu (H1N1),2
2020,4,Gujarat,Thalassemia,1
2020,4,Gujarat,Tuberculosis,1
2020,4,Gujarat,Typhoid,1
2020,4,Haryana,HIV/AIDS,1
2020,4,Haryana,Hepatitis B,1
2020,4,Haryana,Jaundice (Hepatitis A),1
2020,4,Haryana,Sickle Cell Anemia,1
2020,4,Himachal Pradesh,Hepatitis B,1
2020,4,Jharkhand,Breast Cancer,1
2020,4,Jharkhand,Depression,1
2020,4,Jharkhand,Heart Disease,1
2020,4,Jharkhand,Sickle Cell Anemia,1
2020,4,Karnataka,Anxiety Disorder,1
2020,4,Karnataka,Diabetes (Type 2),1
2020,4,Karnataka,Gastroenteritis,1
2020,4,Karnataka,Hepatitis B,2
2020,4,Karnataka,Jaundice (Hepatitis A),1
2020,4,Karnataka,Lung Cancer,3
2020,4,Karnataka,Oral Cancer,1
2020,4,Kerala,Asthma,1
2020,4,Kerala,Filariasis,1
2020,4,Kerala,Heart Disease,1
2020,4,Kerala,Thalassemia,1
2020,4,Madhya Pradesh,Anxiety Disorder,2
2020,4,Madhya Pradesh,Chronic Kidney Disease,1
2020,4,Madhya Pradesh,Gastroenteritis,2
2020,4,Madhya Pradesh,Heart Disease,1
2020,4,Madhya Pradesh,Japanese Encephalitis,1
2020,4,Madhya Pradesh,Jaundice (Hepatitis A),1
2020,4,Madhya Pradesh,Kala-Azar,1
2020,4,Madhya Pradesh,Pneumonia,1
2020,4,Madhya Pradesh,Sickle Cell Anemia,1
2020,4,Madhya Pradesh,Thalassemia,2
2020,4,Madhya Pradesh,Typhoid,1
2020,4,Maharashtra,Asthma,1
2020,4,Maharashtra,Breast Cancer,1
2020,4,Maharashtra,Chikungunya,1
2020,4,Maharashtra,Gastroenteritis,1
2020,4,Maharashtra,HIV/AIDS,1
2020,4,Maharashtra,Heart Disease,2
2020,4,Maharashtra,Jaundice (Hepatitis A),3
2020,4,Maharashtra,Kala-Azar,1
2020,4,Maharashtra,Leptospirosis,1
2020,4,Maharashtra,Lung Cancer,1
2020,4,Maharashtra,Malaria,1
2020,4,Maharashtra,Oral Cancer,1
2020,4,Maharashtra,Pneumonia,1
2020,4,Maharashtra,Thalassemia,1
2020,4,Maharashtra,Tuberculosis,1
2020,4,Mizoram,Swine Flu (H1N1),1
2020,4,NCT of Delhi,Depression,1
2020,4,NCT of Delhi,Swine Flu (H1N1),1
2020,4,Nagaland,Lung Cancer,1
2020,4,Odisha,Breast Cancer,1
2020,4,Odisha,Gastroenteritis,1
2020,4,Odisha,Japanese Encephalitis,1
2020,4,Odisha,Lung Cancer,1
2020,4,Punjab,COPD,1
2020,4,Punjab,Diarrhea,2
2020,4,Punjab,Filariasis,1
2020,4,Punjab,Hypertension,1
2020,4,Punjab,Japanese Encephalitis,1
2020,4,Punjab,Jaundice (Hepatitis A),2
2020,4,Punjab,Leptospirosis,1
2020,4,Punjab,Stroke,1
2020,4,Punjab,Swine Flu (H1N1),1
2020,4,Rajasthan,Breast Cancer,1
2020,4,Rajasthan,Chronic Kidney Disease,1
2020,4,Rajasthan,Diarrhea,1
2020,4,Rajasthan,HIV/AIDS,1
2020,4,Rajasthan,Hypertension,1
2020,4,Rajasthan,Jaundice (Hepatitis A),1
2020,4,Rajasthan,Thalassemia,1
2020,4,Tamil Nadu,Breast Cancer,2
2020,4,Tamil Nadu,COPD,2
2020,4,Tamil Nadu,Chronic Kidney Disease,2
2020,4,Tamil Nadu,Diabetes (Type 2),1
2020,4,Tamil Nadu,Gastroenteritis,1
2020,4,Tamil Nadu,HIV/AIDS,1
2020,4,Tamil Nadu,Hypertension,1
2020,4,Tamil Nadu,Jaundice (Hepatitis A),1
2020,4,Tamil Nadu,Lung Cancer,1
2020,4,Tamil Nadu,Stroke,1
2020,4,Tamil Nadu,Tuberculosis,1
2020,4,Tamil Nadu,Typhoid,1
2020,4,Telangana,Gastroenteritis,1
2020,4,Telangana,Japanese Encephalitis,1
2020,4,Telangana,Stroke,1
2020,4,Uttar Pradesh,COPD,1
2020,4,Uttar Pradesh,Depression,2
2020,4,Uttar Pradesh,Filariasis,1
2020,4,Uttar Pradesh,Gastroenteritis,2
2020,4,Uttar Pradesh,Hepatitis B,2
2020,4,Uttar Pradesh,Jaundice (Hepatitis A),3
2020,4,Uttar Pradesh,Lung Cancer,1
2020,4,Uttar Pradesh,Malaria,1
2020,4,Uttar Pradesh,Sickle Cell Anemia,1
2020,4,Uttar Pradesh,Thalassemia,2
2020,4,Uttar Pradesh,Typhoid,1
2020,4,Uttarakhand,Depression,1
2020,4,Uttarakhand,Sickle Cell Anemia,1
2020,4,West Bengal,Anxiety Disorder,1
2020,4,West Bengal,Breast Cancer,2
2020,4,West Bengal,Chikungunya,1
2020,4,West Bengal,Chronic Kidney Disease,1
2020,4,West Bengal,Diarrhea,2
2020,4,West Bengal,Filariasis,1
2020,4,West Bengal,Gastroenteritis,1
2020,4,West Bengal,HIV/AIDS,3
2020,4,West Bengal,Heart Disease,2
2020,4,West Bengal,Jaundice (Hepatitis A),3
2020,4,West Bengal,Lung Cancer,1
2020,4,West Bengal,Stroke,1
2020,4,West Bengal,Typhoid,1
2020,5,Andhra Pradesh,COPD,1
2020,5,Andhra Pradesh,Cholera,1
2020,5,Andhra Pradesh,Diabetes (Type 2),1
2020,5,Andhra Pradesh,Heart Disease,1
2020,5,Andhra Pradesh,Hepatitis B,1
2020,5,Andhra Pradesh,Hypertension,1
2020,5,Andhra Pradesh,Jaundice (Hepatitis A),2
2020,5,Andhra Pradesh,Malaria,1
2020,5,Andhra Pradesh,Sickle Cell Anemia,1
2020,5,Andhra Pradesh,Tuberculosis,2
2020,5,Assam,COVID-19,1
2020,5,Assam,Tuberculosis,1
2020,5,Bihar,Anxiety Disorder,1
2020,5,Bihar,Depression,1
2020,5,Bihar,Diabetes (Type 2),1
2020,5,Bihar,Gastroenteritis,2
2020,5,Bihar,HIV/AIDS,1
2020,5,Bihar,Kala-Azar,1
2020,5,Bihar,Malaria,1
2020,5,Bihar,Oral Cancer,1
2020,5,Bihar,Thalassemia,1
2020,5,Bihar,Typhoid,1
2020,5,Chhattisgarh,Anxiety Disorder,1
2020,5,Chhattisgarh,Diabetes (Type 2),1
2020,5,Chhattisgarh,HIV/AIDS,1
2020,5,Gujarat,Anxiety Disorder,1
2020,5,Gujarat,Breast Cancer,2
2020,5,Gujarat,Hepatitis B,1
2020,5,Gujarat,Oral Cancer,2
2020,5,Gujarat,Sickle Cell Anemia,1
2020,5,Gujarat,Thalassemia,1
2020,5,Gujarat,Tuberculosis,1
2020,5,Gujarat,Typhoid,1
2020,5,Haryana,Gastroenteritis,1
2020,5,Haryana,Lung Cancer,1
2020,5,Haryana,Stroke,1
2020,5,Haryana,Thalassemia,1
2020,5,Haryana,Typhoid,1
2020,5,Himachal Pradesh,Hypertension,1
2020,5,Himachal Pradesh,Oral Cancer,1
2020,5,Jammu and Kashmir,Typhoid,1
2020,5,Jharkhand,Asthma,1
2020,5,Jharkhand,Cholera,1
2020,5,Jharkhand,Diarrhea,1
2020,5,Jharkhand,Heart Disease,2
2020,5,Jharkhand,Thalassemia,1
2020,5,Karnataka,Anxiety Disorder,1
2020,5,Karnataka,Kala-Azar,1
2020,5,Karnataka,Malaria,1
2020,5,Karnataka,Sickle Cell Anemia,1
2020,5,Karnataka,Tuberculosis,1
2020,5,Karnataka,Typhoid,1
2020,5,Kerala,Jaundice (Hepatitis A),1
2020,5,Kerala,Kala-Azar,1
2020,5,Kerala,Oral Cancer,1
2020,5,Kerala,Thalassemia,1
2020,5,Kerala,Tuberculosis,1
2020,5,Madhya Pradesh,Anxiety Disorder,1
2020,5,Madhya Pradesh,Asthma,1
2020,5,Madhya Pradesh,Filariasis,1
2020,5,Madhya Pradesh,Gastroenteritis,2
2020,5,Madhya Pradesh,HIV/AIDS,1
2020,5,Madhya Pradesh,Heart Disease,1
2020,5,Madhya Pradesh,Hepatitis B,1
2020,5,Madhya Pradesh,Japanese Encephalitis,2
2020,5,Madhya Pradesh,Kala-Azar,1
2020,5,Madhya Pradesh,Oral Cancer,2
2020,5,Madhya Pradesh,Typhoid,1
2020,5,Maharashtra,Breast Cancer,1
2020,5,Maharashtra,Diabetes (Type 2),1
2020,5,Maharashtra,Diarrhea,2
2020,5,Maharashtra,Filariasis,1
2020,5,Maharashtra,Hepatitis B,1
2020,5,Maharashtra,Hypertension,1
2020,5,Maharashtra,Japanese Encephalitis,2
2020,5,Maharashtra,Oral Cancer,2
2020,5,Maharashtra,Typhoid,1
2020,5,Manipur,Depression,1
2020,5,Manipur,Diabetes (Type 2),1
2020,5,Manipur,Diarrhea,1
2020,5,NCT of Delhi,COVID-19,1
2020,5,NCT of Delhi,Jaundice (Hepatitis A),1
2020,5,NCT of Delhi,Swine Flu (H1N1),1
2020,5,Odisha,Breast Cancer,1
2020,5,Odisha,Gastroenteritis,2
2020,5,Odisha,Japanese Encephalitis,1
2020,5,Odisha,Jaundice (Hepatitis A),2
2020,5,Odisha,Lung Cancer,1
2020,5,Punjab,Asthma,1
2020,5,Punjab,Chikungunya,1
2020,5,Punjab,Depression,1
2020,5,Punjab,Japanese Encephalitis,1
2020,5,Punjab,Lung Cancer,1
2020,5,Punjab,Oral Cancer,1
2020,5,Rajasthan,Breast Cancer,1
2020,5,Rajasthan,Cholera,1
2020,5,Rajasthan,Diarrhea,1
2020,5,Rajasthan,HIV/AIDS,1
2020,5,Rajasthan,Japanese Encephalitis,2
2020,5,Rajasthan,Jaundice (Hepatitis A),2
2020,5,Rajasthan,Kala-Azar,2
2020,5,Rajasthan,Leptospirosis,1
2020,5,Rajasthan,Pneumonia,1
2020,5,Rajasthan,Thalassemia,1
2020,5,Tamil Nadu,Anxiety Disorder,1
2020,5,Tamil Nadu,Breast Cancer,1
2020,5,Tamil Nadu,Depression,1
2020,5,Tamil Nadu,Diarrhea,1
2020,5,Tamil Nadu,Hypertension,1
2020,5,Tamil Nadu,Japanese Encephalitis,1
2020,5,Tamil Nadu,Kala-Azar,1
2020,5,Tamil Nadu,Thalassemia,1
2020,5,Telangana,Chronic Kidney Disease,1
2020,5,Telangana,Diabetes (Type 2),1
2020,5,Telangana,Hypertension,1
2020,5,Telangana,Jaundice (Hepatitis A),1
2020,5,Telangana,Kala-Azar,1
2020,5,Telangana,Thalassemia,1
2020,5,Uttar Pradesh,Asthma,1
2020,5,Uttar Pradesh,Breast Cancer,2
2020,5,Uttar Pradesh,COPD,1
2020,5,Uttar Pradesh,Chronic Kidney Disease,2
2020,5,Uttar Pradesh,Depression,1
2020,5,Uttar Pradesh,Diabetes (Type 2),1
2020,5,Uttar Pradesh,Diarrhea,1
2020,5,Uttar Pradesh,Filariasis,1
2020,5,Uttar Pradesh,Gastroenteritis,2
2020,5,Uttar Pradesh,HIV/AIDS,1
2020,5,Uttar Pradesh,Hepatitis B,1
2020,5,Uttar Pradesh,Hypertension,1
2020,5,Uttar Pradesh,Jaundice (Hepatitis A),3
2020,5,Uttar Pradesh,Kala-Azar,1
2020,5,Uttar Pradesh,Lung Cancer,1
2020,5,Uttar Pradesh,Stroke,3
2020,5,Uttar Pradesh,Thalassemia,1
2020,5,Uttar Pradesh,Typhoid,2
2020,5,Uttarakhand,Jaundice (Hepatitis A),1
2020,5,West Bengal,Anxiety Disorder,1
2020,5,West Bengal,Breast Cancer,1
2020,5,West Bengal,COPD,1
2020,5,West Bengal,Chikungunya,1
2020,5,West Bengal,Cholera,1
2020,5,West Bengal,Chronic Kidney Disease,1
2020,5,West Bengal,Depression,1
2020,5,West Bengal,Gastroenteritis,1
2020,5,West Bengal,HIV/AIDS,1
2020,5,West Bengal,Hypertension,2
2020,5,West Bengal,Kala-Azar,1
2020,5,West Bengal,Stroke,1
2020,6,Andhra Pradesh,Breast Cancer,1
2020,6,Andhra Pradesh,Cholera,1
2020,6,Andhra Pradesh,Chronic Kidney Disease,2
2020,6,Andhra Pradesh,Gastroenteritis,1
2020,6,Andhra Pradesh,HIV/AIDS,1
2020,6,Andhra Pradesh,Thalassemia,1
2020,6,Andhra Pradesh,Tuberculosis,1
2020,6,Arunachal Pradesh,Depression,1
2020,6,Assam,Breast Cancer,2
2020,6,Assam,Chronic Kidney Disease,1
2020,6,Assam,Gastroenteritis,1
2020,6,Assam,Heart Disease,1
2020,6,Assam,Japanese Encephalitis,1
2020,6,Assam,Oral Cancer,2
2020,6,Assam,Thalassemia,1
2020,6,Bihar,Depression,4
2020,6,Bihar,Filariasis,1
2020,6,Bihar,Heart Disease,1
2020,6,Bihar,Hepatitis B,1
2020,6,Bihar,Hypertension,1
2020,6,Bihar,Japanese Encephalitis,1
2020,6,Bihar,Jaundice (Hepatitis A),1
2020,6,Bihar,Oral Cancer,1
2020,6,Bihar,Thalassemia,1
2020,6,Bihar,Tuberculosis,1
2020,6,Chhattisgarh,Heart Disease,1
2020,6,Chhattisgarh,Tuberculosis,1
2020,6,Goa,Swine Flu (H1N1),1
2020,6,Gujarat,Depression,1
2020,6,Gujarat,Diarrhea,1
2020,6,Gujarat,Japanese Encephalitis,1
2020,6,Gujarat,Pneumonia,1
2020,6,Gujarat,Stroke,1
2020,6,Gujarat,Tuberculosis,1
2020,6,Gujarat,Typhoid,1
2020,6,Haryana,Heart Disease,1
2020,6,Haryana,Tuberculosis,1
2020,6,Jammu and Kashmir,Jaundice (Hepatitis A),1
2020,6,Jharkhand,Asthma,1
2020,6,Jharkhand,Breast Cancer,1
2020,6,Jharkhand,Depression,1
2020,6,Jharkhand,Heart Disease,1
2020,6,Jharkhand,Japanese Encephalitis,1
2020,6,Karnataka,COPD,1
2020,6,Karnataka,Chronic Kidney Disease,1
2020,6,Karnataka,Diarrhea,1
2020,6,Karnataka,Heart Disease,1
2020,6,Karnataka,Malaria,1
2020,6,Karnataka,Pneumonia,1
2020,6,Karnataka,Thalassemia,1
2020,6,Karnataka,Tuberculosis,1
2020,6,Kerala,Filariasis,2
2020,6,Kerala,Gastroenteritis,1
2020,6,Kerala,Hepatitis B,1
2020,6,Kerala,Jaundice (Hepatitis A),1
2020,6,Kerala,Stroke,2
2020,6,Madhya Pradesh,Breast Cancer,1
2020,6,Madhya Pradesh,Chronic Kidney Disease,1
2020,6,Madhya Pradesh,Gastroenteritis,1
2020,6,Madhya Pradesh,Hepatitis B,1
2020,6,Madhya Pradesh,Hypertension,1
2020,6,Madhya Pradesh,Kala-Azar,1
2020,6,Madhya Pradesh,Oral Cancer,1
2020,6,Madhya Pradesh,Tuberculosis,1
2020,6,Madhya Pradesh,Typhoid,1
2020,6,Maharashtra,Anxiety Disorder,2
2020,6,Maharashtra,COPD,1
2020,6,Maharashtra,Chikungunya,1
2020,6,Maharashtra,Cholera,1
2020,6,Maharashtra,Depression,2
2020,6,Maharashtra,Diabetes (Type 2),2
2020,6,Maharashtra,Gastroenteritis,2
2020,6,Maharashtra,HIV/AIDS,1
2020,6,Maharashtra,Hepatitis B,1
2020,6,Maharashtra,Hypertension,1
2020,6,Maharashtra,Japanese Encephalitis,1
2020,6,Maharashtra,Jaundice (Hepatitis A),1
2020,6,Maharashtra,Kala-Azar,1
2020,6,Maharashtra,Malaria,2
2020,6,Maharashtra,Typhoid,2
2020,6,Manipur,Breast Cancer,1
2020,6,Mizoram,HIV/AIDS,1
2020,6,Mizoram,Thalassemia,1
2020,6,NCT of Delhi,Gastroenteritis,1
2020,6,Nagaland,Tuberculosis,1
2020,6,Nagaland,Typhoid,1
2020,6,Odisha,Gastroenteritis,1
2020,6,Odisha,HIV/AIDS,1
2020,6,Odisha,Stroke,1
2020,6,Punjab,Japanese Encephalitis,1
2020,6,Punjab,Jaundice (Hepatitis A),1
2020,6,Punjab,Sickle Cell Anemia,1
2020,6,Rajasthan,Anxiety Disorder,1
2020,6,Rajasthan,COPD,1
2020,6,Rajasthan,HIV/AIDS,1
2020,6,Rajasthan,Heart Disease,2
2020,6,Rajasthan,Hypertension,1
2020,6,Rajasthan,Japanese Encephalitis,1
2020,6,Rajasthan,Kala-Azar,1
2020,6,Rajasthan,Stroke,1
2020,6,Tamil Nadu,Asthma,1
2020,6,Tamil Nadu,Breast Cancer,2
2020,6,Tamil Nadu,Depression,1
2020,6,Tamil Nadu,Gastroenteritis,1
2020,6,Tamil Nadu,Hypertension,1
2020,6,Tamil Nadu,Jaundice (Hepatitis A),2
2020,6,Tamil Nadu,Tuberculosis,1
2020,6,Telangana,Anxiety Disorder,1
2020,6,Telangana,COPD,1
2020,6,Telangana,Chikungunya,1
2020,6,Telangana,Diarrhea,1
2020,6,Telangana,Hypertension,1
2020,6,Telangana,Japanese Encephalitis,2
2020,6,Telangana,Jaundice (Hepatitis A),2
2020,6,Telangana,Kala-Azar,1
2020,6,Telangana,Thalassemia,1
2020,6,Uttar Pradesh,Anxiety Disorder,1
2020,6,Uttar Pradesh,Breast Cancer,1
2020,6,Uttar Pradesh,Chikungunya,1
2020,6,Uttar Pradesh,Chronic Kidney Disease,2
2020,6,Uttar Pradesh,Depression,1
2020,6,Uttar Pradesh,Diarrhea,1
2020,6,Uttar Pradesh,Filariasis,1
2020,6,Uttar Pradesh,Gastroenteritis,1
2020,6,Uttar Pradesh,HIV/AIDS,2
2020,6,Uttar Pradesh,Heart Disease,1
2020,6,Uttar Pradesh,Hepatitis B,1
2020,6,Uttar Pradesh,Hypertension,2
2020,6,Uttar Pradesh,Japanese Encephalitis,1
2020,6,Uttar Pradesh,Kala-Azar,1
2020,6,Uttar Pradesh,Sickle Cell Anemia,1
2020,6,Uttar Pradesh,Thalassemia,2
2020,6,Uttar Pradesh,Tuberculosis,4
2020,6,Uttarakhand,Jaundice (Hepatitis A),1
2020,6,West Bengal,COPD,1
2020,6,West Bengal,Filariasis,3
2020,6,West Bengal,Gastroenteritis,1
2020,6,West Bengal,Jaundice (Hepatitis A),1
2020,6,West Bengal,Kala-Azar,1
2020,6,West Bengal,Thalassemia,1
2020,7,Andhra Pradesh,Cholera,1
2020,7,Andhra Pradesh,Chronic Kidney Disease,1
2020,7,Andhra Pradesh,Heart Disease,1
2020,7,Andhra Pradesh,Jaundice (Hepatitis A),1
2020,7,Andhra Pradesh,Kala-Azar,1
2020,7,Andhra Pradesh,Leptospirosis,1
2020,7,Andhra Pradesh,Swine Flu (H1N1),1
2020,7,Assam,Breast Cancer,1
2020,7,Assam,Cholera,1
2020,7,Assam,Chronic Kidney Disease,1
2020,7,Assam,Dengue,1
2020,7,Assam,Depression,1
2020,7,Assam,Diabetes (Type 2),2
2020,7,Assam,Japanese Encephalitis,1
2020,7,Assam,Leptospirosis,1
2020,7,Assam,Swine Flu (H1N1),1
2020,7,Assam,Thalassemia,1
2020,7,Bihar,Breast Cancer,1
2020,7,Bihar,Chikungunya,1
2020,7,Bihar,Dengue,1
2020,7,Bihar,Depression,2
2020,7,Bihar,Filariasis,2
2020,7,Bihar,Gastroenteritis,1
2020,7,Bihar,Hepatitis B,3
2020,7,Bihar,Japanese Encephalitis,1
2020,7,Bihar,Oral Cancer,1
2020,7,Chhattisgarh,Dengue,1
2020,7,Chhattisgarh,Depression,1
2020,7,Chhattisgarh,Malaria,1
2020,7,Chhattisgarh,Oral Cancer,2
2020,7,Gujarat,Asthma,1
2020,7,Gujarat,COPD,1
2020,7,Gujarat,COVID-19,1
2020,7,Gujarat,Chikungunya,1
2020,7,Gujarat,Diabetes (Type 2),1
2020,7,Gujarat,Diarrhea,1
2020,7,Gujarat,Filariasis,1
2020,7,Gujarat,Heart Disease,2
2020,7,Gujarat,Jaundice (Hepatitis A),2
2020,7,Gujarat,Kala-Azar,1
2020,7,Gujarat,Lung Cancer,1
2020,7,Gujarat,Oral Cancer,2
2020,7,Haryana,Diarrhea,1
2020,7,Haryana,Leptospirosis,1
2020,7,Himachal Pradesh,Lung Cancer,2
2020,7,Jammu and Kashmir,Jaundice (Hepatitis A),1
2020,7,Jharkhand,Chikungunya,1
2020,7,Jharkhand,Dengue,1
2020,7,Jharkhand,Malaria,1
2020,7,Jharkhand,Stroke,1
2020,7,Jharkhand,Tuberculosis,1
2020,7,Karnataka,Chikungunya,1
2020,7,Karnataka,Diarrhea,1
2020,7,Karnataka,Filariasis,1
2020,7,Karnataka,Hypertension,1
2020,7,Karnataka,Japanese Encephalitis,1
2020,7,Karnataka,Leptospirosis,1
2020,7,Karnataka,Malaria,2
2020,7,Karnataka,Oral Cancer,1
2020,7,Kerala,Chikungunya,1
2020,7,Kerala,Kala-Azar,1
2020,7,Kerala,Leptospirosis,1
2020,7,Kerala,Malaria,3
2020,7,Kerala,Typhoid,1
2020,7,Madhya Pradesh,Asthma,1
2020,7,Madhya Pradesh,Breast Cancer,1
2020,7,Madhya Pradesh,Cholera,1
2020,7,Madhya Pradesh,Filariasis,2
2020,7,Madhya Pradesh,Gastroenteritis,2
2020,7,Madhya Pradesh,Japanese Encephalitis,1
2020,7,Madhya Pradesh,Jaundice (Hepatitis A),1
2020,7,Madhya Pradesh,Leptospirosis,1
2020,7,Madhya Pradesh,Lung Cancer,1
2020,7,Madhya Pradesh,Oral Cancer,1
2020,7,Madhya Pradesh,Stroke,1
2020,7,Maharashtra,Chikungunya,3
2020,7,Maharashtra,Chronic Kidney Disease,2
2020,7,Maharashtra,Dengue,1
2020,7,Maharashtra,Depression,1
2020,7,Maharashtra,Diarrhea,2
2020,7,Maharashtra,Filariasis,1
2020,7,Maharashtra,HIV/AIDS,1
2020,7,Maharashtra,Japanese Encephalitis,1
2020,7,Maharashtra,Jaundice (Hepatitis A),1
2020,7,Maharashtra,Leptospirosis,1
2020,7,Maharashtra,Malaria,1
2020,7,Maharashtra,Tuberculosis,2
2020,7,Maharashtra,Typhoid,2
2020,7,Manipur,Anxiety Disorder,1
2020,7,NCT of Delhi,Dengue,1
2020,7,NCT of Delhi,Gastroenteritis,1
2020,7,NCT of Delhi,Hepatitis B,1
2020,7,NCT of Delhi,Japanese Encephalitis,1
2020,7,NCT of Delhi,Leptospirosis,1
2020,7,NCT of Delhi,Malaria,1
2020,7,NCT of Delhi,Sickle Cell Anemia,1
2020,7,NCT of Delhi,Thalassemia,1
2020,7,NCT of Delhi,Tuberculosis,1
2020,7,Nagaland,Chronic Kidney Disease,1
2020,7,Odisha,Chronic Kidney Disease,1
2020,7,Odisha,Dengue,2
2020,7,Odisha,Diarrhea,1
2020,7,Odisha,Filariasis,1
2020,7,Odisha,Heart Disease,1
2020,7,Odisha,Hepatitis B,1
2020,7,Odisha,Hypertension,1
2020,7,Odisha,Japanese Encephalitis,1
2020,7,Odisha,Kala-Azar,1
2020,7,Odisha,Malaria,1
2020,7,Odisha,Typhoid,1
2020,7,Punjab,Chronic Kidney Disease,1
2020,7,Punjab,Filariasis,1
2020,7,Punjab,Gastroenteritis,1
2020,7,Punjab,Kala-Azar,1
2020,7,Punjab,Sickle Cell Anemia,1
2020,7,Punjab,Stroke,2
2020,7,Rajasthan,Cholera,1
2020,7,Rajasthan,Dengue,1
2020,7,Rajasthan,Diabetes (Type 2),1
2020,7,Rajasthan,Hepatitis B,1
2020,7,Rajasthan,Kala-Azar,1
2020,7,Rajasthan,Leptospirosis,1
2020,7,Rajasthan,Malaria,1
2020,7,Tamil Nadu,Asthma,1
2020,7,Tamil Nadu,Breast Cancer,1
2020,7,Tamil Nadu,Chikungunya,4
2020,7,Tamil Nadu,Cholera,2
2020,7,Tamil Nadu,Chronic Kidney Disease,1
2020,7,Tamil Nadu,Dengue,1
2020,7,Tamil Nadu,Depression,1
2020,7,Tamil Nadu,Hepatitis B,1
2020,7,Tamil Nadu,Japanese Encephalitis,1
2020,7,Tamil Nadu,Jaundice (Hepatitis A),1
2020,7,Tamil Nadu,Kala-Azar,1
2020,7,Tamil Nadu,Malaria,2
2020,7,Tamil Nadu,Oral Cancer,1
2020,7,Tamil Nadu,Swine Flu (H1N1),1
2020,7,Tamil Nadu,Thalassemia,1
2020,7,Tamil Nadu,Typhoid,1
2020,7,Telangana,Breast Cancer,1
2020,7,Telangana,Chikungunya,1
2020,7,Telangana,Filariasis,2
2020,7,Telangana,Gastroenteritis,1
2020,7,Telangana,HIV/AIDS,1
2020,7,Telangana,Malaria,1
2020,7,Telangana,Oral Cancer,1
2020,7,Telangana,Pneumonia,1
2020,7,Tripura,Hypertension,1
2020,7,Tripura,Kala-Azar,1
2020,7,Uttar Pradesh,Chikungunya,4
2020,7,Uttar Pradesh,Cholera,1
2020,7,Uttar Pradesh,Chronic Kidney Disease,2
2020,7,Uttar Pradesh,Dengue,1
2020,7,Uttar Pradesh,Depression,1
2020,7,Uttar Pradesh,Diabetes (Type 2),2
2020,7,Uttar Pradesh,Diarrhea,2
2020,7,Uttar Pradesh,Filariasis,1
2020,7,Uttar Pradesh,Gastroenteritis,1
2020,7,Uttar Pradesh,HIV/AIDS,3
2020,7,Uttar Pradesh,Heart Disease,3
2020,7,Uttar Pradesh,Hypertension,1
2020,7,Uttar Pradesh,Japanese Encephalitis,1
2020,7,Uttar Pradesh,Jaundice (Hepatitis A),1
2020,7,Uttar Pradesh,Leptospirosis,1
2020,7,Uttar Pradesh,Lung Cancer,1
2020,7,Uttar Pradesh,Oral Cancer,1
2020,7,Uttar Pradesh,Sickle Cell Anemia,2
2020,7,Uttar Pradesh,Swine Flu (H1N1),1
2020,7,Uttar Pradesh,Thalassemia,1
2020,7,Uttar Pradesh,Tuberculosis,1
2020,7,Uttar Pradesh,Typhoid,1
2020,7,Uttarakhand,Thalassemia,1
2020,7,West Bengal,Chikungunya,2
2020,7,West Bengal,Cholera,1
2020,7,West Bengal,Chronic Kidney Disease,2
2020,7,West Bengal,Dengue,5
2020,7,West Bengal,Filariasis,1
2020,7,West Bengal,HIV/AIDS,2
2020,7,West Bengal,Hepatitis B,1
2020,7,West Bengal,Hypertension,1
2020,7,West Bengal,Leptospirosis,5
2020,7,West Bengal,Malaria,5
2020,7,West Bengal,Tuberculosis,1
2020,8,Andhra Pradesh,Breast Cancer,1
2020,8,Andhra Pradesh,Chikungunya,1
2020,8,Andhra Pradesh,Chronic Kidney Disease,1
2020,8,Andhra Pradesh,Dengue,1
2020,8,Andhra Pradesh,Depression,1
2020,8,Andhra Pradesh,Filariasis,1
2020,8,Andhra Pradesh,Gastroenteritis,1
2020,8,Andhra Pradesh,HIV/AIDS,1
2020,8,Andhra Pradesh,Jaundice (Hepatitis A),1
2020,8,Andhra Pradesh,Kala-Azar,1
2020,8,Andhra Pradesh,Swine Flu (H1N1),1
2020,8,Andhra Pradesh,Thalassemia,1
2020,8,Andhra Pradesh,Typhoid,1
2020,8,Assam,Anxiety Disorder,1
2020,8,Assam,Filariasis,1
2020,8,Assam,Stroke,2
2020,8,Bihar,Cholera,1
2020,8,Bihar,Chronic Kidney Disease,2
2020,8,Bihar,Dengue,2
2020,8,Bihar,Diarrhea,1
2020,8,Bihar,Gastroenteritis,1
2020,8,Bihar,HIV/AIDS,3
2020,8,Bihar,Jaundice (Hepatitis A),3
2020,8,Bihar,Leptospirosis,1
2020,8,Bihar,Lung Cancer,2
2020,8,Bihar,Malaria,3
2020,8,Bihar,Sickle Cell Anemia,1
2020,8,Chhattisgarh,Chikungunya,1
2020,8,Chhattisgarh,Cholera,1
2020,8,Chhattisgarh,Jaundice (Hepatitis A),1
2020,8,Gujarat,Asthma,1
2020,8,Gujarat,Chikungunya,2
2020,8,Gujarat,Chronic Kidney Disease,1
2020,8,Gujarat,Diarrhea,2
2020,8,Gujarat,Gastroenteritis,2
2020,8,Gujarat,Jaundice (Hepatitis A),3
2020,8,Gujarat,Kala-Azar,1
2020,8,Haryana,Cholera,1
2020,8,Haryana,Dengue,1
2020,8,Haryana,Leptospirosis,1
2020,8,Haryana,Stroke,1
2020,8,Himachal Pradesh,Jaundice (Hepatitis A),1
2020,8,Himachal Pradesh,Swine Flu (H1N1),1
2020,8,Jammu and Kashmir,Kala-Azar,1
2020,8,Jammu and Kashmir,Leptospirosis,1
2020,8,Jharkhand,Dengue,1
2020,8,Jharkhand,Gastroenteritis,2
2020,8,Karnataka,COPD,1
2020,8,Karnataka,COVID-19,1
2020,8,Karnataka,Cholera,3
2020,8,Karnataka,Heart Disease,1
2020,8,Karnataka,Hepatitis B,1
2020,8,Karnataka,Japanese Encephalitis,2
2020,8,Karnataka,Kala-Azar,1
2020,8,Karnataka,Leptospirosis,3
2020,8,Karnataka,Malaria,1
2020,8,Karnataka,Oral Cancer,1
2020,8,Kerala,Anxiety Disorder,1
2020,8,Kerala,Asthma,1
2020,8,Kerala,Chikungunya,1
2020,8,Kerala,Dengue,1
2020,8,Kerala,Gastroenteritis,1
2020,8,Kerala,Leptospirosis,1
2020,8,Kerala,Swine Flu (H1N1),1
2020,8,Madhya Pradesh,Anxiety Disorder,1
2020,8,Madhya Pradesh,Breast Cancer,1
2020,8,Madhya Pradesh,Chikungunya,2
2020,8,Madhya Pradesh,Cholera,1
2020,8,Madhya Pradesh,Dengue,2
2020,8,Madhya Pradesh,Hypertension,2
2020,8,Madhya Pradesh,Japanese Encephalitis,1
2020,8,Madhya Pradesh,Kala-Azar,1
2020,8,Madhya Pradesh,Leptospirosis,1
2020,8,Madhya Pradesh,Lung Cancer,1
2020,8,Madhya Pradesh,Malaria,2
2020,8,Madhya Pradesh,Oral Cancer,1
2020,8,Madhya Pradesh,Typhoid,2
2020,8,Maharashtra,Breast Cancer,1
2020,8,Maharashtra,Cholera,1
2020,8,Maharashtra,Dengue,1
2020,8,Maharashtra,Depression,2
2020,8,Maharashtra,Diabetes (Type 2),1
2020,8,Maharashtra,Gastroenteritis,3
2020,8,Maharashtra,Hepatitis B,1
2020,8,Maharashtra,Japanese Encephalitis,1
2020,8,Maharashtra,Jaundice (Hepatitis A),1
2020,8,Maharashtra,Kala-Azar,2
2020,8,Maharashtra,Leptospirosis,2
2020,8,Maharashtra,Lung Cancer,1
2020,8,Maharashtra,Malaria,2
2020,8,Maharashtra,Oral Cancer,3
2020,8,Maharashtra,Thalassemia,2
2020,8,Maharashtra,Tuberculosis,2
2020,8,NCT of Delhi,Japanese Encephalitis,1
2020,8,NCT of Delhi,Kala-Azar,1
2020,8,NCT of Delhi,Typhoid,1
2020,8,Nagaland,Cholera,1
2020,8,Nagaland,Chronic Kidney Disease,1
2020,8,Odisha,Breast Cancer,1
2020,8,Odisha,Cholera,1
2020,8,Odisha,Chronic Kidney Disease,1
2020,8,Odisha,Dengue,2
2020,8,Odisha,Diabetes (Type 2),2
2020,8,Odisha,Leptospirosis,1
2020,8,Odisha,Lung Cancer,1
2020,8,Odisha,Oral Cancer,1
2020,8,Odisha,Stroke,2
2020,8,Odisha,Typhoid,1
2020,8,Puducherry,Oral Cancer,1
2020,8,Punjab,Cholera,1
2020,8,Punjab,Dengue,1
2020,8,Punjab,Gastroenteritis,1
2020,8,Punjab,HIV/AIDS,1
2020,8,Punjab,Jaundice (Hepatitis A),1
2020,8,Punjab,Malaria,1
2020,8,Rajasthan,Breast Cancer,1
2020,8,Rajasthan,Chikungunya,1
2020,8,Rajasthan,Cholera,1
2020,8,Rajasthan,Chronic Kidney Disease,1
2020,8,Rajasthan,Dengue,1
2020,8,Rajasthan,Diarrhea,1
2020,8,Rajasthan,HIV/AIDS,1
2020,8,Rajasthan,Hypertension,1
2020,8,Rajasthan,Jaundice (Hepatitis A),1
2020,8,Rajasthan,Leptospirosis,2
2020,8,Rajasthan,Sickle Cell Anemia,1
2020,8,Rajasthan,Swine Flu (H1N1),1
2020,8,Rajasthan,Tuberculosis,2
2020,8,Tamil Nadu,Chikungunya,2
2020,8,Tamil Nadu,Dengue,1
2020,8,Tamil Nadu,Gastroenteritis,1
2020,8,Tamil Nadu,Hepatitis B,1
2020,8,Tamil Nadu,Hypertension,1
2020,8,Tamil Nadu,Leptospirosis,1
2020,8,Tamil Nadu,Malaria,1
2020,8,Tamil Nadu,Pneumonia,1
2020,8,Tamil Nadu,Stroke,1
2020,8,Tamil Nadu,Typhoid,1
2020,8,Telangana,Anxiety Disorder,1
2020,8,Telangana,Depression,1
2020,8,Telangana,Diarrhea,1
2020,8,Telangana,Heart Disease,1
2020,8,Telangana,Malaria,2
2020,8,Telangana,Thalassemia,1
2020,8,Uttar Pradesh,Breast Cancer,2
2020,8,Uttar Pradesh,COPD,1
2020,8,Uttar Pradesh,Chikungunya,2
2020,8,Uttar Pradesh,Cholera,5
2020,8,Uttar Pradesh,Chronic Kidney Disease,1
2020,8,Uttar Pradesh,Dengue,3
2020,8,Uttar Pradesh,Diarrhea,1
2020,8,Uttar Pradesh,Filariasis,1
2020,8,Uttar Pradesh,Heart Disease,1
2020,8,Uttar Pradesh,Hepatitis B,1
2020,8,Uttar Pradesh,Jaundice (Hepatitis A),1
2020,8,Uttar Pradesh,Kala-Azar,1
2020,8,Uttar Pradesh,Lung Cancer,3
2020,8,Uttar Pradesh,Malaria,2
2020,8,Uttar Pradesh,Oral Cancer,1
2020,8,Uttar Pradesh,Pneumonia,1
2020,8,Uttar Pradesh,Sickle Cell Anemia,3
2020,8,Uttar Pradesh,Stroke,1
2020,8,Uttar Pradesh,Tuberculosis,2
2020,8,Uttar Pradesh,Typhoid,1
2020,8,Uttarakhand,Cholera,1
2020,8,Uttarakhand,Dengue,1
2020,8,Uttarakhand,Diarrhea,1
2020,8,Uttarakhand,Japanese Encephalitis,1
2020,8,Uttarakhand,Kala-Azar,1
2020,8,Uttarakhand,Tuberculosis,1
2020,8,Uttarakhand,Typhoid,1
2020,8,West Bengal,COVID-19,1
2020,8,West Bengal,Cholera,5
2020,8,West Bengal,Dengue,1
2020,8,West Bengal,HIV/AIDS,1
2020,8,West Bengal,Hepatitis B,1
2020,8,West Bengal,Japanese Encephalitis,2
2020,8,West Bengal,Jaundice (Hepatitis A),1
2020,8,West Bengal,Malaria,1
2020,8,West Bengal,Typhoid,1
2020,9,Andhra Pradesh,Breast Cancer,1
2020,9,Andhra Pradesh,Chikungunya,1
2020,9,Andhra Pradesh,Dengue,2
2020,9,Andhra Pradesh,Filariasis,1
2020,9,Andhra Pradesh,Kala-Azar,1
2020,9,Andhra Pradesh,Leptospirosis,1
2020,9,Andhra Pradesh,Malaria,1
2020,9,Andhra Pradesh,Oral Cancer,1
2020,9,Andhra Pradesh,Sickle Cell Anemia,1
2020,9,Andhra Pradesh,Stroke,1
2020,9,Assam,Anxiety Disorder,1
2020,9,Assam,HIV/AIDS,1
2020,9,Assam,Tuberculosis,1
2020,9,Bihar,Anxiety Disorder,2
2020,9,Bihar,Chikungunya,1
2020,9,Bihar,Cholera,2
2020,9,Bihar,Dengue,1
2020,9,Bihar,Diabetes (Type 2),1
2020,9,Bihar,Filariasis,2
2020,9,Bihar,HIV/AIDS,3
2020,9,Bihar,Hepatitis B,1
2020,9,Bihar,Leptospirosis,2
2020,9,Bihar,Lung Cancer,1
2020,9,Bihar,Malaria,1
2020,9,Bihar,Thalassemia,1
2020,9,Chhattisgarh,Breast Cancer,1
2020,9,Chhattisgarh,Pneumonia,1
2020,9,Gujarat,Cholera,2
2020,9,Gujarat,Dengue,1
2020,9,Gujarat,Depression,1
2020,9,Gujarat,Diabetes (Type 2),2
2020,9,Gujarat,Diarrhea,1
2020,9,Gujarat,Filariasis,1
2020,9,Gujarat,Hypertension,1
2020,9,Gujarat,Leptospirosis,3
2020,9,Gujarat,Lung Cancer,1
2020,9,Gujarat,Malaria,1
2020,9,Gujarat,Sickle Cell Anemia,1
2020,9,Gujarat,Thalassemia,1
2020,9,Haryana,Chikungunya,2
2020,9,Haryana,Chronic Kidney Disease,1
2020,9,Haryana,Depression,1
2020,9,Haryana,Filariasis,1
2020,9,Haryana,Hypertension,1
2020,9,Haryana,Japanese Encephalitis,1
2020,9,Haryana,Leptospirosis,1
2020,9,Himachal Pradesh,Anxiety Disorder,1
2020,9,Jammu and Kashmir,Anxiety Disorder,1
2020,9,Jammu and Kashmir,Jaundice (Hepatitis A),1
2020,9,Jammu and Kashmir,Oral Cancer,1
2020,9,Jammu and Kashmir,Thalassemia,1
2020,9,Jharkhand,Anxiety Disorder,1
2020,9,Jharkhand,Breast Cancer,1
2020,9,Jharkhand,Chikungunya,1
2020,9,Jharkhand,Filariasis,1
2020,9,Jharkhand,Hypertension,1
2020,9,Jharkhand,Jaundice (Hepatitis A),1
2020,9,Jharkhand,Stroke,1
2020,9,Jharkhand,Typhoid,1
2020,9,Karnataka,Anxiety Disorder,1
2020,9,Karnataka,Breast Cancer,1
2020,9,Karnataka,Chikungunya,1
2020,9,Karnataka,Cholera,3
2020,9,Karnataka,Chronic Kidney Disease,1
2020,9,Karnataka,Dengue,1
2020,9,Karnataka,Depression,1
2020,9,Karnataka,Hepatitis B,1
2020,9,Karnataka,Hypertension,1
2020,9,Karnataka,Japanese Encephalitis,1
2020,9,Karnataka,Jaundice (Hepatitis A),1
2020,9,Karnataka,Lung Cancer,1
2020,9,Karnataka,Malaria,3
2020,9,Kerala,Anxiety Disorder,1
2020,9,Kerala,Chikungunya,1
2020,9,Kerala,Dengue,1
2020,9,Kerala,Heart Disease,1
2020,9,Kerala,Malaria,1
2020,9,Kerala,Typhoid,1
2020,9,Madhya Pradesh,Anxiety Disorder,1
2020,9,Madhya Pradesh,Asthma,1
2020,9,Madhya Pradesh,Chikungunya,2
2020,9,Madhya Pradesh,Cholera,1
2020,9,Madhya Pradesh,Dengue,4
2020,9,Madhya Pradesh,HIV/AIDS,1
2020,9,Madhya Pradesh,Heart Disease,1
2020,9,Madhya Pradesh,Leptospirosis,2
2020,9,Madhya Pradesh,Malaria,1
2020,9,Madhya Pradesh,Sickle Cell Anemia,1
2020,9,Madhya Pradesh,Stroke,1
2020,9,Madhya Pradesh,Tuberculosis,1
2020,9,Maharashtra,Cholera,1
2020,9,Maharashtra,Diabetes (Type 2),1
2020,9,Maharashtra,Diarrhea,2
2020,9,Maharashtra,Filariasis,1
2020,9,Maharashtra,HIV/AIDS,1
2020,9,Maharashtra,Hypertension,1
2020,9,Maharashtra,Jaundice (Hepatitis A),1
2020,9,Maharashtra,Kala-Azar,2
2020,9,Maharashtra,Leptospirosis,2
2020,9,Maharashtra,Tuberculosis,1
2020,9,Meghalaya,Diabetes (Type 2),1
2020,9,NCT of Delhi,Breast Cancer,1
2020,9,NCT of Delhi,Chikungunya,1
2020,9,NCT of Delhi,Diabetes (Type 2),1
2020,9,Nagaland,Oral Cancer,1
2020,9,Odisha,Dengue,1
2020,9,Odisha,Lung Cancer,1
2020,9,Odisha,Pneumonia,1
2020,9,Odisha,Sickle Cell Anemia,2
2020,9,Odisha,Typhoid,1
2020,9,Punjab,Cholera,1
2020,9,Punjab,Depression,1
2020,9,Punjab,Jaundice (Hepatitis A),1
2020,9,Punjab,Tuberculosis,1
2020,9,Rajasthan,Chikungunya,3
2020,9,Rajasthan,Cholera,1
2020,9,Rajasthan,Chronic Kidney Disease,1
2020,9,Rajasthan,Dengue,1
2020,9,Rajasthan,Depression,1
2020,9,Rajasthan,Heart Disease,1
2020,9,Rajasthan,Japanese Encephalitis,1
2020,9,Rajasthan,Stroke,1
2020,9,Rajasthan,Tuberculosis,1
2020,9,Tamil Nadu,Anxiety Disorder,1
2020,9,Tamil Nadu,Breast Cancer,1
2020,9,Tamil Nadu,Cholera,2
2020,9,Tamil Nadu,Chronic Kidney Disease,1
2020,9,Tamil Nadu,Depression,1
2020,9,Tamil Nadu,Diarrhea,1
2020,9,Tamil Nadu,Filariasis,2
2020,9,Tamil Nadu,Hypertension,1
2020,9,Tamil Nadu,Japanese Encephalitis,1
2020,9,Tamil Nadu,Jaundice (Hepatitis A),1
2020,9,Tamil Nadu,Leptospirosis,1
2020,9,Tamil Nadu,Lung Cancer,1
2020,9,Tamil Nadu,Malaria,2
2020,9,Tamil Nadu,Stroke,1
2020,9,Tamil Nadu,Tuberculosis,1
2020,9,Tamil Nadu,Typhoid,1
2020,9,Telangana,Anxiety Disorder,1
2020,9,Telangana,Chikungunya,1
2020,9,Telangana,Leptospirosis,1
2020,9,Telangana,Thalassemia,1
2020,9,Uttar Pradesh,Anxiety Disorder,1
2020,9,Uttar Pradesh,Breast Cancer,1
2020,9,Uttar Pradesh,Chikungunya,2
2020,9,Uttar Pradesh,Cholera,3
2020,9,Uttar Pradesh,Chronic Kidney Disease,1
2020,9,Uttar Pradesh,Dengue,2
2020,9,Uttar Pradesh,Depression,1
2020,9,Uttar Pradesh,Diabetes (Type 2),2
2020,9,Uttar Pradesh,Diarrhea,2
2020,9,Uttar Pradesh,Filariasis,1
2020,9,Uttar Pradesh,HIV/AIDS,1
2020,9,Uttar Pradesh,Hypertension,1
2020,9,Uttar Pradesh,Leptospirosis,3
2020,9,Uttar Pradesh,Lung Cancer,1
2020,9,Uttar Pradesh,Malaria,1
2020,9,Uttar Pradesh,Oral Cancer,1
2020,9,Uttar Pradesh,Thalassemia,2
2020,9,Uttar Pradesh,Typhoid,1
2020,9,Uttarakhand,Chikungunya,1
2020,9,West Bengal,Anxiety Disorder,1
2020,9,West Bengal,Chikungunya,1
2020,9,West Bengal,Chronic Kidney Disease,1
2020,9,West Bengal,Dengue,1
2020,9,West Bengal,Diarrhea,1
2020,9,West Bengal,Filariasis,1
2020,9,West Bengal,Hypertension,1
2020,9,West Bengal,Kala-Azar,1
2020,9,West Bengal,Leptospirosis,1
2020,9,West Bengal,Malaria,2
2020,9,West Bengal,Oral Cancer,1
2020,9,West Bengal,Thalassemia,1
2020,10,Andaman and Nicobar Islands,Cholera,1
2020,10,Andhra Pradesh,Breast Cancer,1
2020,10,Andhra Pradesh,Cholera,1
2020,10,Andhra Pradesh,Chronic Kidney Disease,1
2020,10,Andhra Pradesh,Dengue,3
2020,10,Andhra Pradesh,Hepatitis B,1
2020,10,Andhra Pradesh,Hypertension,1
2020,10,Andhra Pradesh,Kala-Azar,1
2020,10,Andhra Pradesh,Leptospirosis,3
2020,10,Andhra Pradesh,Lung Cancer,1
2020,10,Andhra Pradesh,Typhoid,2
2020,10,Assam,Chikungunya,1
2020,10,Assam,Japanese Encephalitis,2
2020,10,Assam,Leptospirosis,1
2020,10,Assam,Lung Cancer,1
2020,10,Assam,Thalassemia,1
2020,10,Bihar,Anxiety Disorder,1
2020,10,Bihar,Chikungunya,2
2020,10,Bihar,Cholera,1
2020,10,Bihar,Chronic Kidney Disease,2
2020,10,Bihar,Dengue,1
2020,10,Bihar,Depression,1
2020,10,Bihar,Diabetes (Type 2),1
2020,10,Bihar,Filariasis,1
2020,10,Bihar,HIV/AIDS,2
2020,10,Bihar,Heart Disease,1
2020,10,Bihar,Hepatitis B,1
2020,10,Bihar,Leptospirosis,1
2020,10,Bihar,Malaria,2
2020,10,Bihar,Oral Cancer,1
2020,10,Bihar,Pneumonia,2
2020,10,Bihar,Stroke,1
2020,10,Bihar,Thalassemia,1
2020,10,Chhattisgarh,Chronic Kidney Disease,1
2020,10,Chhattisgarh,Diabetes (Type 2),1
2020,10,Chhattisgarh,Heart Disease,1
2020,10,Chhattisgarh,Oral Cancer,1
2020,10,Chhattisgarh,Tuberculosis,1
2020,10,Gujarat,Anxiety Disorder,1
2020,10,Gujarat,Chikungunya,1
2020,10,Gujarat,Cholera,1
2020,10,Gujarat,Dengue,1
2020,10,Gujarat,Gastroenteritis,1
2020,10,Gujarat,Japanese Encephalitis,1
2020,10,Gujarat,Leptospirosis,1
2020,10,Gujarat,Oral Cancer,1
2020,10,Gujarat,Typhoid,1
2020,10,Haryana,Breast Cancer,1
2020,10,Haryana,Chikungunya,1
2020,10,Haryana,Diabetes (Type 2),1
2020,10,Haryana,Pneumonia,1
2020,10,Haryana,Tuberculosis,1
2020,10,Himachal Pradesh,Chikungunya,1
2020,10,Himachal Pradesh,Malaria,1
2020,10,Jammu and Kashmir,Dengue,1
2020,10,Jharkhand,Hepatitis B,1
2020,10,Jharkhand,Japanese Encephalitis,1
2020,10,Jharkhand,Lung Cancer,1
2020,10,Jharkhand,Malaria,1
2020,10,Jharkhand,Typhoid,1
2020,10,Karnataka,Chikungunya,3
2020,10,Karnataka,Cholera,1
2020,10,Karnataka,Depression,1
2020,10,Karnataka,Diarrhea,1
2020,10,Karnataka,Gastroenteritis,1
2020,10,Karnataka,HIV/AIDS,1
2020,10,Karnataka,Kala-Azar,1
2020,10,Karnataka,Leptospirosis,1
2020,10,Karnataka,Malaria,2
2020,10,Karnataka,Stroke,1
2020,10,Karnataka,Thalassemia,1
2020,10,Kerala,Breast Cancer,1
2020,10,Kerala,Chikungunya,1
2020,10,Kerala,Diabetes (Type 2),1
2020,10,Kerala,Gastroenteritis,1
2020,10,Kerala,Hepatitis B,1
2020,10,Kerala,Typhoid,1
2020,10,Madhya Pradesh,Anxiety Disorder,1
2020,10,Madhya Pradesh,Chikungunya,6
2020,10,Madhya Pradesh,Chronic Kidney Disease,1
2020,10,Madhya Pradesh,Dengue,2
2020,10,Madhya Pradesh,Depression,1
2020,10,Madhya Pradesh,Diarrhea,1
2020,10,Madhya Pradesh,Filariasis,2
2020,10,Madhya Pradesh,Leptospirosis,2
2020,10,Madhya Pradesh,Malaria,2
2020,10,Madhya Pradesh,Swine Flu (H1N1),1
2020,10,Maharashtra,Chikungunya,1
2020,10,Maharashtra,Dengue,3
2020,10,Maharashtra,HIV/AIDS,1
2020,10,Maharashtra,Hypertension,1
2020,10,Maharashtra,Japanese Encephalitis,2
2020,10,Maharashtra,Jaundice (Hepatitis A),1
2020,10,Maharashtra,Leptospirosis,1
2020,10,Maharashtra,Lung Cancer,1
2020,10,Maharashtra,Malaria,1
2020,10,Maharashtra,Sickle Cell Anemia,1
2020,10,Maharashtra,Swine Flu (H1N1),1
2020,10,Maharashtra,Tuberculosis,2
2020,10,Meghalaya,Kala-Azar,1
2020,10,Mizoram,Breast Cancer,1
2020,10,Mizoram,Depression,1
2020,10,NCT of Delhi,Diarrhea,1
2020,10,NCT of Delhi,HIV/AIDS,1
2020,10,NCT of Delhi,Hypertension,3
2020,10,NCT of Delhi,Malaria,1
2020,10,NCT of Delhi,Pneumonia,1
2020,10,NCT of Delhi,Typhoid,1
2020,10,Odisha,Breast Cancer,1
2020,10,Odisha,COVID-19,1
2020,10,Odisha,Diabetes (Type 2),1
2020,10,Odisha,Diarrhea,1
2020,10,Odisha,Jaundice (Hepatitis A),1
2020,10,Odisha,Lung Cancer,1
2020,10,Odisha,Malaria,1
2020,10,Odisha,Typhoid,1
2020,10,Punjab,Chikungunya,1
2020,10,Punjab,Dengue,1
2020,10,Punjab,Gastroenteritis,1
2020,10,Punjab,Thalassemia,1
2020,10,Rajasthan,Breast Cancer,1
2020,10,Rajasthan,Chikungunya,1
2020,10,Rajasthan,Cholera,1
2020,10,Rajasthan,Dengue,1
2020,10,Rajasthan,Diabetes (Type 2),1
2020,10,Rajasthan,Leptospirosis,2
2020,10,Rajasthan,Malaria,2
2020,10,Rajasthan,Sickle Cell Anemia,2
2020,10,Rajasthan,Tuberculosis,2
2020,10,Tamil Nadu,Asthma,1
2020,10,Tamil Nadu,COPD,1
2020,10,Tamil Nadu,Chronic Kidney Disease,1
2020,10,Tamil Nadu,Dengue,1
2020,10,Tamil Nadu,Depression,1
2020,10,Tamil Nadu,Diarrhea,1
2020,10,Tamil Nadu,HIV/AIDS,1
2020,10,Tamil Nadu,Japanese Encephalitis,1
2020,10,Tamil Nadu,Kala-Azar,1
2020,10,Tamil Nadu,Leptospirosis,2
2020,10,Tamil Nadu,Malaria,1
2020,10,Telangana,Chikungunya,2
2020,10,Telangana,Depression,1
2020,10,Telangana,Hepatitis B,1
2020,10,Telangana,Leptospirosis,1
2020,10,Telangana,Lung Cancer,1
2020,10,Telangana,Stroke,1
2020,10,Telangana,Tuberculosis,1
2020,10,Tripura,Anxiety Disorder,1
2020,10,Tripura,Sickle Cell Anemia,1
2020,10,Uttar Pradesh,Anxiety Disorder,1
2020,10,Uttar Pradesh,Breast Cancer,1
2020,10,Uttar Pradesh,Chikungunya,1
2020,10,Uttar Pradesh,Cholera,3
2020,10,Uttar Pradesh,Chronic Kidney Disease,1
2020,10,Uttar Pradesh,Dengue,5
2020,10,Uttar Pradesh,Depression,1
2020,10,Uttar Pradesh,Diabetes (Type 2),1
2020,10,Uttar Pradesh,Diarrhea,1
2020,10,Uttar Pradesh,Filariasis,1
2020,10,Uttar Pradesh,Gastroenteritis,1
2020,10,Uttar Pradesh,Heart Disease,1
2020,10,Uttar Pradesh,Japanese Encephalitis,1
2020,10,Uttar Pradesh,Jaundice (Hepatitis A),1
2020,10,Uttar Pradesh,Leptospirosis,3
2020,10,Uttar Pradesh,Malaria,2
2020,10,Uttar Pradesh,Oral Cancer,1
2020,10,Uttar Pradesh,Sickle Cell Anemia,2
2020,10,Uttar Pradesh,Stroke,1
2020,10,Uttar Pradesh,Thalassemia,1
2020,10,Uttar Pradesh,Tuberculosis,2
2020,10,Uttar Pradesh,Typhoid,1
2020,10,Uttarakhand,Sickle Cell Anemia,1
2020,10,West Bengal,Breast Cancer,1
2020,10,West Bengal,COPD,1
2020,10,West Bengal,Chikungunya,2
2020,10,West Bengal,Dengue,1
2020,10,West Bengal,Diabetes (Type 2),1
2020,10,West Bengal,Heart Disease,2
2020,10,West Bengal,Jaundice (Hepatitis A),1
2020,10,West Bengal,Leptospirosis,1
2020,10,West Bengal,Malaria,1
2020,10,West Bengal,Thalassemia,2
2020,11,Andhra Pradesh,COPD,2
2020,11,Andhra Pradesh,Chikungunya,1
2020,11,Andhra Pradesh,Chronic Kidney Disease,2
2020,11,Andhra Pradesh,Filariasis,2
2020,11,Andhra Pradesh,HIV/AIDS,2
2020,11,Andhra Pradesh,Hepatitis B,2
2020,11,Andhra Pradesh,Jaundice (Hepatitis A),1
2020,11,Andhra Pradesh,Kala-Azar,1
2020,11,Andhra Pradesh,Malaria,1
2020,11,Andhra Pradesh,Oral Cancer,2
2020,11,Andhra Pradesh,Swine Flu (H1N1),1
2020,11,Andhra Pradesh,Thalassemia,1
2020,11,Assam,HIV/AIDS,1
2020,11,Assam,Stroke,1
2020,11,Assam,Typhoid,1
2020,11,Bihar,Anxiety Disorder,1
2020,11,Bihar,Asthma,1
2020,11,Bihar,Breast Cancer,3
2020,11,Bihar,Diabetes (Type 2),1
2020,11,Bihar,Diarrhea,1
2020,11,Bihar,HIV/AIDS,1
2020,11,Bihar,Heart Disease,1
2020,11,Bihar,Jaundice (Hepatitis A),1
2020,11,Bihar,Pneumonia,2
2020,11,Bihar,Swine Flu (H1N1),3
2020,11,Bihar,Tuberculosis,1
2020,11,Bihar,Typhoid,2
2020,11,Chandigarh,Depression,1
2020,11,Chhattisgarh,Asthma,1
2020,11,Chhattisgarh,Heart Disease,1
2020,11,Chhattisgarh,Hypertension,1
2020,11,Chhattisgarh,Oral Cancer,1
2020,11,Chhattisgarh,Swine Flu (H1N1),1
2020,11,Gujarat,Asthma,1
2020,11,Gujarat,COPD,1
2020,11,Gujarat,Filariasis,1
2020,11,Gujarat,Pneumonia,1
2020,11,Gujarat,Sickle Cell Anemia,1
2020,11,Gujarat,Swine Flu (H1N1),1
2020,11,Gujarat,Tuberculosis,1
2020,11,Haryana,COPD,1
2020,11,Haryana,Heart Disease,1
2020,11,Haryana,Oral Cancer,1
2020,11,Haryana,Pneumonia,1
2020,11,Haryana,Swine Flu (H1N1),1
2020,11,Himachal Pradesh,COVID-19,1
2020,11,Jharkhand,COPD,1
2020,11,Jharkhand,COVID-19,1
2020,11,Jharkhand,Swine Flu (H1N1),2
2020,11,Karnataka,Anxiety Disorder,1
2020,11,Karnataka,Breast Cancer,1
2020,11,Karnataka,COVID-19,2
2020,11,Karnataka,Chikungunya,1
2020,11,Karnataka,Chronic Kidney Disease,1
2020,11,Karnataka,Lung Cancer,1
2020,11,Karnataka,Oral Cancer,1
2020,11,Karnataka,Pneumonia,1
2020,11,Karnataka,Swine Flu (H1N1),1
2020,11,Karnataka,Tuberculosis,2
2020,11,Kerala,COPD,1
2020,11,Kerala,HIV/AIDS,1
2020,11,Kerala,Heart Disease,1
2020,11,Kerala,Lung Cancer,1
2020,11,Kerala,Typhoid,1
2020,11,Madhya Pradesh,Asthma,2
2020,11,Madhya Pradesh,COPD,1
2020,11,Madhya Pradesh,Chronic Kidney Disease,2
2020,11,Madhya Pradesh,Diabetes (Type 2),1
2020,11,Madhya Pradesh,Filariasis,1
2020,11,Madhya Pradesh,HIV/AIDS,1
2020,11,Madhya Pradesh,Hepatitis B,1
2020,11,Madhya Pradesh,Lung Cancer,1
2020,11,Madhya Pradesh,Pneumonia,3
2020,11,Madhya Pradesh,Stroke,1
2020,11,Madhya Pradesh,Swine Flu (H1N1),1
2020,11,Madhya Pradesh,Tuberculosis,1
2020,11,Maharashtra,Asthma,4
2020,11,Maharashtra,COPD,1
2020,11,Maharashtra,Diarrhea,1
2020,11,Maharashtra,Filariasis,2
2020,11,Maharashtra,Heart Disease,1
2020,11,Maharashtra,Hepatitis B,1
2020,11,Maharashtra,Japanese Encephalitis,2
2020,11,Maharashtra,Kala-Azar,1
2020,11,Maharashtra,Lung Cancer,1
2020,11,Maharashtra,Sickle Cell Anemia,1
2020,11,Maharashtra,Stroke,1
2020,11,Maharashtra,Swine Flu (H1N1),1
2020,11,Maharashtra,Tuberculosis,1
2020,11,NCT of Delhi,COPD,1
2020,11,NCT of Delhi,Diabetes (Type 2),2
2020,11,NCT of Delhi,Leptospirosis,1
2020,11,NCT of Delhi,Lung Cancer,1
2020,11,Odisha,Breast Cancer,1
2020,11,Odisha,COPD,3
2020,11,Odisha,Hepatitis B,1
2020,11,Puducherry,Swine Flu (H1N1),1
2020,11,Punjab,Asthma,1
2020,11,Punjab,Breast Cancer,1
2020,11,Punjab,Diarrhea,1
2020,11,Punjab,Typhoid,1
2020,11,Rajasthan,Anxiety Disorder,1
2020,11,Rajasthan,Asthma,3
2020,11,Rajasthan,COPD,1
2020,11,Rajasthan,Hypertension,1
2020,11,Rajasthan,Japanese Encephalitis,1
2020,11,Rajasthan,Pneumonia,1
2020,11,Rajasthan,Swine Flu (H1N1),1
2020,11,Rajasthan,Thalassemia,2
2020,11,Tamil Nadu,Anxiety Disorder,1
2020,11,Tamil Nadu,Asthma,2
2020,11,Tamil Nadu,COVID-19,1
2020,11,Tamil Nadu,Depression,3
2020,11,Tamil Nadu,Filariasis,1
2020,11,Tamil Nadu,Heart Disease,2
2020,11,Tamil Nadu,Oral Cancer,2
2020,11,Tamil Nadu,Sickle Cell Anemia,2
2020,11,Tamil Nadu,Swine Flu (H1N1),2
2020,11,Telangana,Asthma,2
2020,11,Telangana,Jaundice (Hepatitis A),1
2020,11,Telangana,Sickle Cell Anemia,1
2020,11,Telangana,Typhoid,1
2020,11,Uttar Pradesh,Asthma,5
2020,11,Uttar Pradesh,Breast Cancer,1
2020,11,Uttar Pradesh,COPD,1
2020,11,Uttar Pradesh,COVID-19,3
2020,11,Uttar Pradesh,Chikungunya,1
2020,11,Uttar Pradesh,Chronic Kidney Disease,1
2020,11,Uttar Pradesh,Dengue,1
2020,11,Uttar Pradesh,Depression,1
2020,11,Uttar Pradesh,Diabetes (Type 2),1
2020,11,Uttar Pradesh,Diarrhea,4
2020,11,Uttar Pradesh,Filariasis,1
2020,11,Uttar Pradesh,HIV/AIDS,1
2020,11,Uttar Pradesh,Heart Disease,1
2020,11,Uttar Pradesh,Hepatitis B,3
2020,11,Uttar Pradesh,Hypertension,1
2020,11,Uttar Pradesh,Pneumonia,1
2020,11,Uttar Pradesh,Sickle Cell Anemia,2
2020,11,Uttar Pradesh,Stroke,1
2020,11,Uttar Pradesh,Swine Flu (H1N1),2
2020,11,Uttar Pradesh,Thalassemia,1
2020,11,Uttar Pradesh,Tuberculosis,1
2020,11,Uttarakhand,Asthma,1
2020,11,Uttarakhand,Stroke,1
2020,11,Uttarakhand,Swine Flu (H1N1),1
2020,11,Uttarakhand,Thalassemia,1
2020,11,West Bengal,Asthma,3
2020,11,West Bengal,Breast Cancer,1
2020,11,West Bengal,COPD,1
2020,11,West Bengal,COVID-19,1
2020,11,West Bengal,Dengue,1
2020,11,West Bengal,Depression,1
2020,11,West Bengal,Diabetes (Type 2),1
2020,11,West Bengal,Diarrhea,1
2020,11,West Bengal,HIV/AIDS,1
2020,11,West Bengal,Japanese Encephalitis,1
2020,11,West Bengal,Pneumonia,2
2020,11,West Bengal,Swine Flu (H1N1),1
2020,11,West Bengal,Thalassemia,1
2020,11,West Bengal,Typhoid,1
2020,12,Andhra Pradesh,Breast Cancer,1
2020,12,Andhra Pradesh,COPD,2
2020,12,Andhra Pradesh,COVID-19,1
2020,12,Andhra Pradesh,Dengue,1
2020,12,Andhra Pradesh,Filariasis,1
2020,12,Andhra Pradesh,Heart Disease,1
2020,12,Andhra Pradesh,Hepatitis B,1
2020,12,Andhra Pradesh,Jaundice (Hepatitis A),1
2020,12,Andhra Pradesh,Stroke,2
2020,12,Andhra Pradesh,Tuberculosis,1
2020,12,Assam,Anxiety Disorder,1
2020,12,Assam,Oral Cancer,1
2020,12,Assam,Tuberculosis,1
2020,12,Bihar,Anxiety Disorder,1
2020,12,Bihar,COVID-19,3
2020,12,Bihar,Cholera,2
2020,12,Bihar,Chronic Kidney Disease,1
2020,12,Bihar,Heart Disease,1
2020,12,Bihar,Japanese Encephalitis,1
2020,12,Bihar,Lung Cancer,1
2020,12,Bihar,Malaria,1
2020,12,Bihar,Pneumonia,4
2020,12,Bihar,Sickle Cell Anemia,1
2020,12,Bihar,Tuberculosis,1
2020,12,Bihar,Typhoid,1
2020,12,Chhattisgarh,Hepatitis B,1
2020,12,Chhattisgarh,Lung Cancer,1
2020,12,Chhattisgarh,Sickle Cell Anemia,1
2020,12,Chhattisgarh,Swine Flu (H1N1),1
2020,12,Gujarat,Asthma,2
2020,12,Gujarat,COPD,1
2020,12,Gujarat,Diabetes (Type 2),1
2020,12,Gujarat,Japanese Encephalitis,2
2020,12,Gujarat,Pneumonia,3
2020,12,Gujarat,Swine Flu (H1N1),2
2020,12,Gujarat,Thalassemia,1
2020,12,Haryana,COPD,1
2020,12,Haryana,COVID-19,1
2020,12,Haryana,Chronic Kidney Disease,1
2020,12,Haryana,Diabetes (Type 2),1
2020,12,Haryana,Leptospirosis,1
2020,12,Haryana,Pneumonia,1
2020,12,Jammu and Kashmir,Chronic Kidney Disease,1
2020,12,Jammu and Kashmir,Oral Cancer,1
2020,12,Jharkhand,Oral Cancer,1
2020,12,Jharkhand,Pneumonia,1
2020,12,Jharkhand,Swine Flu (H1N1),1
2020,12,Karnataka,Anxiety Disorder,3
2020,12,Karnataka,Asthma,2
2020,12,Karnataka,Breast Cancer,2
2020,12,Karnataka,COPD,1
2020,12,Karnataka,COVID-19,1
2020,12,Karnataka,Depression,1
2020,12,Karnataka,Diabetes (Type 2),1
2020,12,Karnataka,HIV/AIDS,1
2020,12,Karnataka,Pneumonia,1
2020,12,Karnataka,Stroke,2
2020,12,Karnataka,Swine Flu (H1N1),1
2020,12,Kerala,Chronic Kidney Disease,1
2020,12,Kerala,Diabetes (Type 2),1
2020,12,Kerala,Heart Disease,1
2020,12,Kerala,Hepatitis B,1
2020,12,Kerala,Japanese Encephalitis,1
2020,12,Kerala,Swine Flu (H1N1),1
2020,12,Madhya Pradesh,Asthma,2
2020,12,Madhya Pradesh,COPD,2
2020,12,Madhya Pradesh,COVID-19,3
2020,12,Madhya Pradesh,Gastroenteritis,1
2020,12,Madhya Pradesh,HIV/AIDS,1
2020,12,Madhya Pradesh,Hepatitis B,1
2020,12,Madhya Pradesh,Japanese Encephalitis,1
2020,12,Madhya Pradesh,Pneumonia,1
2020,12,Madhya Pradesh,Swine Flu (H1N1),1
2020,12,Maharashtra,Anxiety Disorder,1
2020,12,Maharashtra,COPD,2
2020,12,Maharashtra,COVID-19,5
2020,12,Maharashtra,Chikungunya,1
2020,12,Maharashtra,Diabetes (Type 2),1
2020,12,Maharashtra,HIV/AIDS,2
2020,12,Maharashtra,Jaundice (Hepatitis A),2
2020,12,Maharashtra,Lung Cancer,1
2020,12,Maharashtra,Malaria,1
2020,12,Maharashtra,Pneumonia,3
2020,12,Maharashtra,Swine Flu (H1N1),2
2020,12,Maharashtra,Thalassemia,1
2020,12,NCT of Delhi,COPD,3
2020,12,NCT of Delhi,Chronic Kidney Disease,1
2020,12,NCT of Delhi,Pneumonia,2
2020,12,NCT of Delhi,Thalassemia,1
2020,12,NCT of Delhi,Tuberculosis,1
2020,12,Nagaland,Tuberculosis,1
2020,12,Odisha,Asthma,1
2020,12,Odisha,Gastroenteritis,1
2020,12,Odisha,Japanese Encephalitis,1
2020,12,Odisha,Sickle Cell Anemia,1
2020,12,Odisha,Thalassemia,1
2020,12,Punjab,Asthma,1
2020,12,Punjab,Japanese Encephalitis,1
2020,12,Punjab,Jaundice (Hepatitis A),1
2020,12,Punjab,Tuberculosis,1
2020,12,Rajasthan,Asthma,1
2020,12,Rajasthan,Breast Cancer,1
2020,12,Rajasthan,COPD,1
2020,12,Rajasthan,Chronic Kidney Disease,2
2020,12,Rajasthan,Diabetes (Type 2),1
2020,12,Rajasthan,Gastroenteritis,1
2020,12,Rajasthan,HIV/AIDS,1
2020,12,Rajasthan,Hypertension,1
2020,12,Rajasthan,Lung Cancer,3
2020,12,Rajasthan,Pneumonia,2
2020,12,Rajasthan,Swine Flu (H1N1),2
2020,12,Rajasthan,Tuberculosis,1
2020,12,Sikkim,Leptospirosis,1
2020,12,Tamil Nadu,Anxiety Disorder,2
2020,12,Tamil Nadu,COPD,1
2020,12,Tamil Nadu,Depression,1
2020,12,Tamil Nadu,Diarrhea,1
2020,12,Tamil Nadu,Hepatitis B,1
2020,12,Tamil Nadu,Hypertension,1
2020,12,Tamil Nadu,Kala-Azar,1
2020,12,Tamil Nadu,Lung Cancer,1
2020,12,Tamil Nadu,Pneumonia,2
2020,12,Tamil Nadu,Stroke,1
2020,12,Telangana,Asthma,1
2020,12,Telangana,Japanese Encephalitis,1
2020,12,Telangana,Stroke,1
2020,12,Telangana,Swine Flu (H1N1),1
2020,12,Telangana,Thalassemia,1
2020,12,Uttar Pradesh,Anxiety Disorder,2
2020,12,Uttar Pradesh,Asthma,5
2020,12,Uttar Pradesh,Breast Cancer,1
2020,12,Uttar Pradesh,COPD,2
2020,12,Uttar Pradesh,COVID-19,1
2020,12,Uttar Pradesh,Chikungunya,2
2020,12,Uttar Pradesh,Chronic Kidney Disease,1
2020,12,Uttar Pradesh,Dengue,1
2020,12,Uttar Pradesh,Depression,1
2020,12,Uttar Pradesh,Diarrhea,2
2020,12,Uttar Pradesh,HIV/AIDS,1
2020,12,Uttar Pradesh,Hepatitis B,3
2020,12,Uttar Pradesh,Lung Cancer,1
2020,12,Uttar Pradesh,Pneumonia,1
2020,12,Uttar Pradesh,Tuberculosis,1
2020,12,Uttarakhand,Kala-Azar,1
2020,12,West Bengal,Asthma,2
2020,12,West Bengal,COPD,3
2020,12,West Bengal,COVID-19,2
2020,12,West Bengal,Diabetes (Type 2),1
2020,12,West Bengal,HIV/AIDS,1
2020,12,West Bengal,Hypertension,2
2020,12,West Bengal,Kala-Azar,2
2020,12,West Bengal,Pneumonia,2
2021,1,Andhra Pradesh,COPD,1
2021,1,Andhra Pradesh,COVID-19,1
2021,1,Andhra Pradesh,Sickle Cell Anemia,1
2021,1,Andhra Pradesh,Stroke,2
2021,1,Andhra Pradesh,Swine Flu (H1N1),1
2021,1,Assam,Kala-Azar,2
2021,1,Bihar,Anxiety Disorder,2
2021,1,Bihar,Asthma,1
2021,1,Bihar,COVID-19,1
2021,1,Bihar,Chronic Kidney Disease,1
2021,1,Bihar,Depression,1
2021,1,Bihar,Diabetes (Type 2),1
2021,1,Bihar,Diarrhea,3
2021,1,Bihar,Gastroenteritis,1
2021,1,Bihar,Hepatitis B,1
2021,1,Bihar,Hypertension,3
2021,1,Bihar,Kala-Azar,1
2021,1,Bihar,Leptospirosis,1
2021,1,Bihar,Pneumonia,3
2021,1,Bihar,Swine Flu (H1N1),1
2021,1,Chhattisgarh,COPD,1
2021,1,Chhattisgarh,Chronic Kidney Disease,1
2021,1,Chhattisgarh,Diabetes (Type 2),1
2021,1,Chhattisgarh,Hypertension,1
2021,1,Chhattisgarh,Malaria,1
2021,1,Chhattisgarh,Pneumonia,1
2021,1,Chhattisgarh,Sickle Cell Anemia,1
2021,1,Chhattisgarh,Typhoid,1
2021,1,Goa,Sickle Cell Anemia,1
2021,1,Gujarat,Breast Cancer,1
2021,1,Gujarat,COVID-19,2
2021,1,Gujarat,Diarrhea,2
2021,1,Gujarat,Heart Disease,1
2021,1,Gujarat,Hypertension,1
2021,1,Gujarat,Pneumonia,1
2021,1,Haryana,Breast Cancer,1
2021,1,Haryana,COPD,1
2021,1,Haryana,Diabetes (Type 2),1
2021,1,Haryana,Lung Cancer,1
2021,1,Haryana,Pneumonia,1
2021,1,Himachal Pradesh,Stroke,1
2021,1,Jammu and Kashmir,Dengue,1
2021,1,Jammu and Kashmir,Diabetes (Type 2),1
2021,1,Jammu and Kashmir,Gastroenteritis,1
2021,1,Jharkhand,Chronic Kidney Disease,1
2021,1,Jharkhand,Filariasis,1
2021,1,Jharkhand,Oral Cancer,1
2021,1,Karnataka,Anxiety Disorder,1
2021,1,Karnataka,Breast Cancer,1
2021,1,Karnataka,COVID-19,2
2021,1,Karnataka,Cholera,1
2021,1,Karnataka,Filariasis,1
2021,1,Karnataka,Hepatitis B,2
2021,1,Karnataka,Hypertension,2
2021,1,Karnataka,Lung Cancer,1
2021,1,Karnataka,Sickle Cell Anemia,2
2021,1,Karnataka,Swine Flu (H1N1),1
2021,1,Karnataka,Typhoid,2
2021,1,Kerala,Chronic Kidney Disease,1
2021,1,Kerala,Hypertension,1
2021,1,Kerala,Pneumonia,1
2021,1,Madhya Pradesh,Breast Cancer,1
2021,1,Madhya Pradesh,COVID-19,2
2021,1,Madhya Pradesh,Chikungunya,1
2021,1,Madhya Pradesh,Filariasis,1
2021,1,Madhya Pradesh,Heart Disease,1
2021,1,Madhya Pradesh,Hepatitis B,1
2021,1,Madhya Pradesh,Hypertension,1
2021,1,Madhya Pradesh,Jaundice (Hepatitis A),1
2021,1,Madhya Pradesh,Kala-Azar,2
2021,1,Madhya Pradesh,Pneumonia,1
2021,1,Madhya Pradesh,Swine Flu (H1N1),2
2021,1,Maharashtra,Asthma,1
2021,1,Maharashtra,Breast Cancer,2
2021,1,Maharashtra,COPD,1
2021,1,Maharashtra,COVID-19,1
2021,1,Maharashtra,Dengue,1
2021,1,Maharashtra,Diabetes (Type 2),1
2021,1,Maharashtra,Diarrhea,1
2021,1,Maharashtra,Filariasis,1
2021,1,Maharashtra,Gastroenteritis,2
2021,1,Maharashtra,Hepatitis B,1
2021,1,Maharashtra,Malaria,1
2021,1,Maharashtra,Pneumonia,2
2021,1,Maharashtra,Swine Flu (H1N1),2
2021,1,Maharashtra,Tuberculosis,1
2021,1,Manipur,Lung Cancer,1
2021,1,Mizoram,Heart Disease,1
2021,1,NCT of Delhi,Anxiety Disorder,1
2021,1,NCT of Delhi,Diabetes (Type 2),1
2021,1,NCT of Delhi,Gastroenteritis,1
2021,1,NCT of Delhi,Tuberculosis,1
2021,1,Nagaland,Depression,1
2021,1,Nagaland,HIV/AIDS,1
2021,1,Odisha,Chronic Kidney Disease,1
2021,1,Odisha,HIV/AIDS,1
2021,1,Odisha,Hepatitis B,1
2021,1,Odisha,Oral Cancer,1
2021,1,Odisha,Pneumonia,1
2021,1,Odisha,Stroke,1
2021,1,Punjab,Breast Cancer,1
2021,1,Punjab,COPD,1
2021,1,Punjab,Sickle Cell Anemia,1
2021,1,Rajasthan,Anxiety Disorder,1
2021,1,Rajasthan,Asthma,1
2021,1,Rajasthan,COVID-19,1
2021,1,Rajasthan,Dengue,1
2021,1,Rajasthan,Depression,1
2021,1,Rajasthan,Filariasis,1
2021,1,Rajasthan,Japanese Encephalitis,1
2021,1,Rajasthan,Malaria,1
2021,1,Rajasthan,Sickle Cell Anemia,1
2021,1,Rajasthan,Stroke,2
2021,1,Rajasthan,Swine Flu (H1N1),1
2021,1,Tamil Nadu,Anxiety Disorder,1
2021,1,Tamil Nadu,Breast Cancer,1
2021,1,Tamil Nadu,COPD,1
2021,1,Tamil Nadu,COVID-19,1
2021,1,Tamil Nadu,Depression,1
2021,1,Tamil Nadu,Lung Cancer,1
2021,1,Tamil Nadu,Sickle Cell Anemia,1
2021,1,Tamil Nadu,Swine Flu (H1N1),1
2021,1,Tamil Nadu,Tuberculosis,1
2021,1,Telangana,Anxiety Disorder,1
2021,1,Telangana,Asthma,1
2021,1,Telangana,Chronic Kidney Disease,1
2021,1,Telangana,Kala-Azar,1
2021,1,Telangana,Pneumonia,4
2021,1,Telangana,Stroke,1
2021,1,Uttar Pradesh,Asthma,3
2021,1,Uttar Pradesh,Breast Cancer,2
2021,1,Uttar Pradesh,COPD,2
2021,1,Uttar Pradesh,Chikungunya,2
2021,1,Uttar Pradesh,Cholera,1
2021,1,Uttar Pradesh,Chronic Kidney Disease,2
2021,1,Uttar Pradesh,Diarrhea,2
2021,1,Uttar Pradesh,Filariasis,1
2021,1,Uttar Pradesh,HIV/AIDS,3
2021,1,Uttar Pradesh,Hypertension,1
2021,1,Uttar Pradesh,Japanese Encephalitis,1
2021,1,Uttar Pradesh,Jaundice (Hepatitis A),1
2021,1,Uttar Pradesh,Kala-Azar,1
2021,1,Uttar Pradesh,Lung Cancer,2
2021,1,Uttar Pradesh,Oral Cancer,2
2021,1,Uttar Pradesh,Pneumonia,1
2021,1,Uttar Pradesh,Stroke,1
2021,1,Uttar Pradesh,Swine Flu (H1N1),3
2021,1,Uttar Pradesh,Thalassemia,1
2021,1,Uttar Pradesh,Typhoid,1
2021,1,West Bengal,Asthma,1
2021,1,West Bengal,COPD,1
2021,1,West Bengal,Depression,3
2021,1,West Bengal,Diabetes (Type 2),1
2021,1,West Bengal,Diarrhea,2
2021,1,West Bengal,Heart Disease,2
2021,1,West Bengal,Hepatitis B,1
2021,1,West Bengal,Japanese Encephalitis,1
2021,1,West Bengal,Kala-Azar,3
2021,1,West Bengal,Sickle Cell Anemia,1
2021,1,West Bengal,Stroke,1
2021,1,West Bengal,Thalassemia,1
2021,1,West Bengal,Tuberculosis,2
2021,1,West Bengal,Typhoid,1
2021,2,Andhra Pradesh,Breast Cancer,1
2021,2,Andhra Pradesh,Diabetes (Type 2),1
2021,2,Andhra Pradesh,Heart Disease,1
2021,2,Andhra Pradesh,Kala-Azar,1
2021,2,Andhra Pradesh,Lung Cancer,1
2021,2,Andhra Pradesh,Swine Flu (H1N1),1
2021,2,Assam,Asthma,1
2021,2,Assam,Breast Cancer,1
2021,2,Assam,COPD,1
2021,2,Assam,COVID-19,1
2021,2,Assam,Depression,1
2021,2,Assam,Hypertension,1
2021,2,Assam,Oral Cancer,1
2021,2,Assam,Stroke,1
2021,2,Assam,Swine Flu (H1N1),1
2021,2,Bihar,COVID-19,2
2021,2,Bihar,Chikungunya,1
2021,2,Bihar,Chronic Kidney Disease,1
2021,2,Bihar,Depression,1
2021,2,Bihar,Filariasis,1
2021,2,Bihar,HIV/AIDS,1
2021,2,Bihar,Hepatitis B,1
2021,2,Bihar,Hypertension,2
2021,2,Bihar,Japanese Encephalitis,2
2021,2,Bihar,Pneumonia,2
2021,2,Bihar,Sickle Cell Anemia,1
2021,2,Bihar,Swine Flu (H1N1),2
2021,2,Bihar,Typhoid,1
2021,2,Chhattisgarh,Anxiety Disorder,1
2021,2,Chhattisgarh,Cholera,1
2021,2,Chhattisgarh,Depression,1
2021,2,Chhattisgarh,Diarrhea,1
2021,2,Chhattisgarh,Japanese Encephalitis,1
2021,2,Chhattisgarh,Lung Cancer,1
2021,2,Chhattisgarh,Oral Cancer,2
2021,2,Chhattisgarh,Pneumonia,2
2021,2,Chhattisgarh,Stroke,1
2021,2,Chhattisgarh,Swine Flu (H1N1),1
2021,2,Goa,Asthma,1
2021,2,Goa,Diabetes (Type 2),1
2021,2,Gujarat,Asthma,2
2021,2,Gujarat,Gastroenteritis,1
2021,2,Gujarat,Heart Disease,1
2021,2,Gujarat,Hepatitis B,1
2021,2,Gujarat,Lung Cancer,1
2021,2,Gujarat,Pneumonia,1
2021,2,Haryana,COVID-19,2
2021,2,Haryana,Leptospirosis,1
2021,2,Haryana,Pneumonia,2
2021,2,Haryana,Stroke,1
2021,2,Himachal Pradesh,Kala-Azar,1
2021,2,Himachal Pradesh,Sickle Cell Anemia,1
2021,2,Jammu and Kashmir,Anxiety Disorder,1
2021,2,Jharkhand,Anxiety Disorder,1
2021,2,Jharkhand,Chronic Kidney Disease,1
2021,2,Jharkhand,Filariasis,1
2021,2,Jharkhand,Typhoid,1
2021,2,Karnataka,Anxiety Disorder,1
2021,2,Karnataka,Asthma,2
2021,2,Karnataka,COPD,1
2021,2,Karnataka,COVID-19,1
2021,2,Karnataka,Filariasis,1
2021,2,Karnataka,HIV/AIDS,1
2021,2,Karnataka,Leptospirosis,1
2021,2,Karnataka,Thalassemia,1
2021,2,Kerala,Asthma,1
2021,2,Kerala,Diarrhea,1
2021,2,Kerala,Heart Disease,1
2021,2,Kerala,Hypertension,1
2021,2,Kerala,Oral Cancer,1
2021,2,Kerala,Stroke,1
2021,2,Madhya Pradesh,Asthma,1
2021,2,Madhya Pradesh,COVID-19,1
2021,2,Madhya Pradesh,Diabetes (Type 2),1
2021,2,Madhya Pradesh,Japanese Encephalitis,1
2021,2,Madhya Pradesh,Pneumonia,3
2021,2,Madhya Pradesh,Stroke,1
2021,2,Madhya Pradesh,Swine Flu (H1N1),1
2021,2,Maharashtra,Asthma,3
2021,2,Maharashtra,Breast Cancer,1
2021,2,Maharashtra,Chronic Kidney Disease,2
2021,2,Maharashtra,Diabetes (Type 2),1
2021,2,Maharashtra,Diarrhea,2
2021,2,Maharashtra,Japanese Encephalitis,1
2021,2,Maharashtra,Lung Cancer,1
2021,2,Maharashtra,Oral Cancer,1
2021,2,Maharashtra,Swine Flu (H1N1),1
2021,2,Maharashtra,Thalassemia,1
2021,2,Maharashtra,Typhoid,1
2021,2,Manipur,Japanese Encephalitis,1
2021,2,Manipur,Pneumonia,1
2021,2,Meghalaya,Dengue,1
2021,2,Meghalaya,Swine Flu (H1N1),1
2021,2,Mizoram,Swine Flu (H1N1),1
2021,2,NCT of Delhi,COPD,1
2021,2,NCT of Delhi,Chronic Kidney Disease,1
2021,2,NCT of Delhi,Depression,1
2021,2,NCT of Delhi,Oral Cancer,1
2021,2,NCT of Delhi,Pneumonia,1
2021,2,NCT of Delhi,Stroke,1
2021,2,Nagaland,COVID-19,1
2021,2,Odisha,Anxiety Disorder,1
2021,2,Odisha,Asthma,1
2021,2,Odisha,Diabetes (Type 2),1
2021,2,Odisha,Filariasis,1
2021,2,Odisha,Malaria,1
2021,2,Odisha,Pneumonia,1
2021,2,Odisha,Thalassemia,1
2021,2,Punjab,COPD,1
2021,2,Punjab,Depression,1
2021,2,Punjab,Typhoid,1
2021,2,Rajasthan,Anxiety Disorder,1
2021,2,Rajasthan,Asthma,2
2021,2,Rajasthan,Cholera,1
2021,2,Rajasthan,Dengue,1
2021,2,Rajasthan,Diabetes (Type 2),1
2021,2,Rajasthan,Diarrhea,1
2021,2,Rajasthan,Hypertension,1
2021,2,Rajasthan,Japanese Encephalitis,1
2021,2,Rajasthan,Tuberculosis,1
2021,2,Tamil Nadu,Anxiety Disorder,1
2021,2,Tamil Nadu,Asthma,1
2021,2,Tamil Nadu,Breast Cancer,1
2021,2,Tamil Nadu,COVID-19,1
2021,2,Tamil Nadu,Heart Disease,2
2021,2,Tamil Nadu,Hypertension,1
2021,2,Tamil Nadu,Japanese Encephalitis,2
2021,2,Tamil Nadu,Lung Cancer,1
2021,2,Tamil Nadu,Sickle Cell Anemia,1
2021,2,Tamil Nadu,Swine Flu (H1N1),3
2021,2,Tamil Nadu,Tuberculosis,1
2021,2,Tamil Nadu,Typhoid,1
2021,2,Telangana,Asthma,2
2021,2,Telangana,Breast Cancer,2
2021,2,Telangana,Diabetes (Type 2),1
2021,2,Telangana,Hepatitis B,1
2021,2,Telangana,Kala-Azar,2
2021,2,Uttar Pradesh,Anxiety Disorder,1
2021,2,Uttar Pradesh,Asthma,3
2021,2,Uttar Pradesh,COPD,4
2021,2,Uttar Pradesh,COVID-19,1
2021,2,Uttar Pradesh,Chronic Kidney Disease,1
2021,2,Uttar Pradesh,Diabetes (Type 2),2
2021,2,Uttar Pradesh,Diarrhea,1
2021,2,Uttar Pradesh,Filariasis,3
2021,2,Uttar Pradesh,Heart Disease,1
2021,2,Uttar Pradesh,Hepatitis B,3
2021,2,Uttar Pradesh,Hypertension,2
2021,2,Uttar Pradesh,Jaundice (Hepatitis A),1
2021,2,Uttar Pradesh,Kala-Azar,2
2021,2,Uttar Pradesh,Malaria,1
2021,2,Uttar Pradesh,Oral Cancer,1
2021,2,Uttar Pradesh,Pneumonia,3
2021,2,Uttar Pradesh,Sickle Cell Anemia,1
2021,2,Uttar Pradesh,Stroke,1
2021,2,Uttar Pradesh,Swine Flu (H1N1),2
2021,2,Uttar Pradesh,Thalassemia,1
2021,2,Uttar Pradesh,Tuberculosis,2
2021,2,Uttarakhand,Oral Cancer,1
2021,2,Uttarakhand,Sickle Cell Anemia,1
2021,2,West Bengal,Anxiety Disorder,1
2021,2,West Bengal,Asthma,2
2021,2,West Bengal,COVID-19,2
2021,2,West Bengal,Depression,2
2021,2,West Bengal,Gastroenteritis,1
2021,2,West Bengal,Hepatitis B,1
2021,2,West Bengal,Jaundice (Hepatitis A),1
2021,2,West Bengal,Oral Cancer,1
2021,2,West Bengal,Pneumonia,1
2021,2,West Bengal,Thalassemia,1
2021,3,Andaman and Nicobar Islands,Leptospirosis,1
2021,3,Andhra Pradesh,Asthma,1
2021,3,Andhra Pradesh,Depression,2
2021,3,Andhra Pradesh,Diarrhea,1
2021,3,Andhra Pradesh,Filariasis,2
2021,3,Andhra Pradesh,Gastroenteritis,1
2021,3,Andhra Pradesh,Heart Disease,1
2021,3,Andhra Pradesh,Japanese Encephalitis,1
2021,3,Andhra Pradesh,Sickle Cell Anemia,1
2021,3,Assam,Asthma,1
2021,3,Assam,Heart Disease,1
2021,3,Assam,Kala-Azar,1
2021,3,Assam,Stroke,1
2021,3,Bihar,Anxiety Disorder,1
2021,3,Bihar,Breast Cancer,1
2021,3,Bihar,COPD,1
2021,3,Bihar,Chronic Kidney Disease,1
2021,3,Bihar,Dengue,2
2021,3,Bihar,HIV/AIDS,1
2021,3,Bihar,Hypertension,2
2021,3,Bihar,Lung Cancer,1
2021,3,Bihar,Pneumonia,1
2021,3,Bihar,Stroke,1
2021,3,Bihar,Thalassemia,1
2021,3,Bihar,Tuberculosis,1
2021,3,Chhattisgarh,Chronic Kidney Disease,1
2021,3,Goa,Cholera,1
2021,3,Gujarat,Breast Cancer,1
2021,3,Gujarat,Diarrhea,1
2021,3,Gujarat,Heart Disease,1
2021,3,Gujarat,Hypertension,1
2021,3,Gujarat,Japanese Encephalitis,1
2021,3,Gujarat,Lung Cancer,1
2021,3,Gujarat,Oral Cancer,4
2021,3,Gujarat,Thalassemia,1
2021,3,Gujarat,Tuberculosis,1
2021,3,Haryana,Chronic Kidney Disease,1
2021,3,Haryana,Depression,1
2021,3,Haryana,Kala-Azar,1
2021,3,Himachal Pradesh,Lung Cancer,1
2021,3,Jammu and Kashmir,Hepatitis B,1
2021,3,Jammu and Kashmir,Tuberculosis,1
2021,3,Jharkhand,Diarrhea,1
2021,3,Jharkhand,Hepatitis B,1
2021,3,Jharkhand,Japanese Encephalitis,1
2021,3,Jharkhand,Pneumonia,1
2021,3,Karnataka,Breast Cancer,1
2021,3,Karnataka,Chronic Kidney Disease,3
2021,3,Karnataka,Pneumonia,1
2021,3,Kerala,Diabetes (Type 2),1
2021,3,Madhya Pradesh,Anxiety Disorder,1
2021,3,Madhya Pradesh,Chronic Kidney Disease,1
2021,3,Madhya Pradesh,Depression,2
2021,3,Madhya Pradesh,Diabetes (Type 2),1
2021,3,Madhya Pradesh,Filariasis,2
2021,3,Madhya Pradesh,HIV/AIDS,1
2021,3,Madhya Pradesh,Japanese Encephalitis,2
2021,3,Madhya Pradesh,Kala-Azar,2
2021,3,Madhya Pradesh,Oral Cancer,1
2021,3,Madhya Pradesh,Pneumonia,1
2021,3,Madhya Pradesh,Sickle Cell Anemia,2
2021,3,Madhya Pradesh,Tuberculosis,1
2021,3,Madhya Pradesh,Typhoid,1
2021,3,Maharashtra,Heart Disease,2
2021,3,Maharashtra,Hepatitis B,2
2021,3,Maharashtra,Hypertension,2
2021,3,Maharashtra,Jaundice (Hepatitis A),1
2021,3,Maharashtra,Kala-Azar,1
2021,3,Maharashtra,Oral Cancer,1
2021,3,Maharashtra,Sickle Cell Anemia,1
2021,3,Maharashtra,Tuberculosis,1
2021,3,Maharashtra,Typhoid,1
2021,3,Manipur,Chronic Kidney Disease,1
2021,3,Manipur,Kala-Azar,1
2021,3,Meghalaya,Dengue,1
2021,3,NCT of Delhi,Hepatitis B,1
2021,3,NCT of Delhi,Oral Cancer,1
2021,3,Odisha,Gastroenteritis,1
2021,3,Odisha,Oral Cancer,2
2021,3,Puducherry,Kala-Azar,1
2021,3,Punjab,Anxiety Disorder,1
2021,3,Punjab,Chikungunya,1
2021,3,Punjab,Stroke,1
2021,3,Punjab,Tuberculosis,2
2021,3,Rajasthan,Breast Cancer,1
2021,3,Rajasthan,Cholera,1
2021,3,Rajasthan,Chronic Kidney Disease,1
2021,3,Rajasthan,Diarrhea,1
2021,3,Rajasthan,Hepatitis B,1
2021,3,Rajasthan,Hypertension,1
2021,3,Rajasthan,Typhoid,2
2021,3,Tamil Nadu,Chronic Kidney Disease,1
2021,3,Tamil Nadu,Diabetes (Type 2),1
2021,3,Tamil Nadu,Heart Disease,1
2021,3,Tamil Nadu,Japanese Encephalitis,1
2021,3,Tamil Nadu,Jaundice (Hepatitis A),1
2021,3,Tamil Nadu,Sickle Cell Anemia,1
2021,3,Tamil Nadu,Stroke,1
2021,3,Tamil Nadu,Thalassemia,1
2021,3,Tamil Nadu,Typhoid,2
2021,3,Telangana,COPD,1
2021,3,Telangana,Chikungunya,1
2021,3,Telangana,Diabetes (Type 2),1
2021,3,Telangana,Oral Cancer,1
2021,3,Tripura,Typhoid,1
2021,3,Uttar Pradesh,Asthma,1
2021,3,Uttar Pradesh,Breast Cancer,3
2021,3,Uttar Pradesh,COVID-19,2
2021,3,Uttar Pradesh,Hepatitis B,1
2021,3,Uttar Pradesh,Japanese Encephalitis,2
2021,3,Uttar Pradesh,Jaundice (Hepatitis A),1
2021,3,Uttar Pradesh,Lung Cancer,1
2021,3,Uttar Pradesh,Oral Cancer,1
2021,3,Uttar Pradesh,Pneumonia,1
2021,3,Uttar Pradesh,Sickle Cell Anemia,3
2021,3,Uttar Pradesh,Swine Flu (H1N1),1
2021,3,Uttar Pradesh,Thalassemia,1
2021,3,Uttar Pradesh,Tuberculosis,1
2021,3,Uttarakhand,Chikungunya,1
2021,3,Uttarakhand,Oral Cancer,1
2021,3,West Bengal,Chronic Kidney Disease,1
2021,3,West Bengal,Diabetes (Type 2),1
2021,3,West Bengal,Diarrhea,1
2021,3,West Bengal,Hepatitis B,1
2021,3,West Bengal,Hypertension,1
2021,3,West Bengal,Oral Cancer,1
2021,3,West Bengal,Thalassemia,1
2021,4,Andaman and Nicobar Islands,Anxiety Disorder,1
2021,4,Andaman and Nicobar Islands,COVID-19,1
2021,4,Andhra Pradesh,Filariasis,1
2021,4,Andhra Pradesh,HIV/AIDS,1
2021,4,Andhra Pradesh,Heart Disease,1
2021,4,Andhra Pradesh,Japanese Encephalitis,1
2021,4,Andhra Pradesh,Thalassemia,1
2021,4,Andhra Pradesh,Tuberculosis,1
2021,4,Arunachal Pradesh,Breast Cancer,1
2021,4,Assam,Breast Cancer,1
2021,4,Assam,Dengue,1
2021,4,Assam,Filariasis,1
2021,4,Assam,Heart Disease,1
2021,4,Assam,Hypertension,1
2021,4,Assam,Kala-Azar,1
2021,4,Assam,Oral Cancer,2
2021,4,Assam,Tuberculosis,1
2021,4,Bihar,Anxiety Disorder,2
2021,4,Bihar,COVID-19,1
2021,4,Bihar,Diabetes (Type 2),1
2021,4,Bihar,Diarrhea,1
2021,4,Bihar,Gastroenteritis,3
2021,4,Bihar,Hepatitis B,1
2021,4,Bihar,Jaundice (Hepatitis A),2
2021,4,Bihar,Lung Cancer,1
2021,4,Bihar,Oral Cancer,1
2021,4,Bihar,Pneumonia,1
2021,4,Bihar,Thalassemia,2
2021,4,Bihar,Tuberculosis,1
2021,4,Bihar,Typhoid,1
2021,4,Chhattisgarh,Breast Cancer,1
2021,4,Chhattisgarh,Chronic Kidney Disease,2
2021,4,Chhattisgarh,Diarrhea,1
2021,4,Chhattisgarh,HIV/AIDS,1
2021,4,Chhattisgarh,Lung Cancer,1
2021,4,Chhattisgarh,Oral Cancer,1
2021,4,Gujarat,Breast Cancer,1
2021,4,Gujarat,Chikungunya,1
2021,4,Gujarat,Filariasis,1
2021,4,Gujarat,Japanese Encephalitis,1
2021,4,Gujarat,Jaundice (Hepatitis A),1
2021,4,Gujarat,Oral Cancer,1
2021,4,Gujarat,Sickle Cell Anemia,1
2021,4,Gujarat,Thalassemia,2
2021,4,Gujarat,Typhoid,1
2021,4,Haryana,Anxiety Disorder,1
2021,4,Haryana,Breast Cancer,1
2021,4,Himachal Pradesh,Heart Disease,1
2021,4,Jammu and Kashmir,Cholera,1
2021,4,Jharkhand,Anxiety Disorder,1
2021,4,Jharkhand,Breast Cancer,1
2021,4,Jharkhand,Diarrhea,1
2021,4,Jharkhand,Gastroenteritis,1
2021,4,Jharkhand,Stroke,1
2021,4,Karnataka,Diabetes (Type 2),1
2021,4,Karnataka,Diarrhea,1
2021,4,Karnataka,Gastroenteritis,1
2021,4,Karnataka,Heart Disease,2
2021,4,Karnataka,Hepatitis B,1
2021,4,Karnataka,Jaundice (Hepatitis A),2
2021,4,Karnataka,Kala-Azar,1
2021,4,Karnataka,Sickle Cell Anemia,1
2021,4,Karnataka,Thalassemia,1
2021,4,Karnataka,Tuberculosis,1
2021,4,Kerala,Anxiety Disorder,1
2021,4,Kerala,Depression,1
2021,4,Madhya Pradesh,Anxiety Disorder,1
2021,4,Madhya Pradesh,Chronic Kidney Disease,1
2021,4,Madhya Pradesh,HIV/AIDS,1
2021,4,Madhya Pradesh,Hepatitis B,1
2021,4,Madhya Pradesh,Japanese Encephalitis,1
2021,4,Madhya Pradesh,Jaundice (Hepatitis A),1
2021,4,Madhya Pradesh,Lung Cancer,1
2021,4,Madhya Pradesh,Stroke,1
2021,4,Madhya Pradesh,Thalassemia,1
2021,4,Maharashtra,Asthma,1
2021,4,Maharashtra,Diarrhea,1
2021,4,Maharashtra,Gastroenteritis,2
2021,4,Maharashtra,Jaundice (Hepatitis A),2
2021,4,Maharashtra,Lung Cancer,2
2021,4,Maharashtra,Sickle Cell Anemia,1
2021,4,Maharashtra,Stroke,1
2021,4,Maharashtra,Tuberculosis,1
2021,4,Maharashtra,Typhoid,2
2021,4,Meghalaya,Asthma,1
2021,4,NCT of Delhi,Breast Cancer,1
2021,4,NCT of Delhi,Jaundice (Hepatitis A),1
2021,4,Nagaland,Kala-Azar,1
2021,4,Nagaland,Sickle Cell Anemia,1
2021,4,Odisha,Asthma,1
2021,4,Odisha,Japanese Encephalitis,1
2021,4,Odisha,Tuberculosis,1
2021,4,Punjab,Chronic Kidney Disease,1
2021,4,Punjab,Gastroenteritis,1
2021,4,Punjab,Hypertension,1
2021,4,Punjab,Lung Cancer,1
2021,4,Punjab,Thalassemia,1
2021,4,Punjab,Tuberculosis,1
2021,4,Rajasthan,Anxiety Disorder,2
2021,4,Rajasthan,Cholera,1
2021,4,Rajasthan,Chronic Kidney Disease,1
2021,4,Rajasthan,Diabetes (Type 2),1
2021,4,Rajasthan,Gastroenteritis,1
2021,4,Rajasthan,HIV/AIDS,1
2021,4,Rajasthan,Hypertension,1
2021,4,Tamil Nadu,Anxiety Disorder,1
2021,4,Tamil Nadu,Cholera,1
2021,4,Tamil Nadu,Chronic Kidney Disease,1
2021,4,Tamil Nadu,Filariasis,1
2021,4,Tamil Nadu,Kala-Azar,1
2021,4,Tamil Nadu,Malaria,1
2021,4,Tamil Nadu,Swine Flu (H1N1),1
2021,4,Tamil Nadu,Tuberculosis,1
2021,4,Telangana,COPD,1
2021,4,Telangana,COVID-19,1
2021,4,Telangana,Cholera,1
2021,4,Telangana,Chronic Kidney Disease,1
2021,4,Telangana,Diabetes (Type 2),1
2021,4,Telangana,Filariasis,1
2021,4,Telangana,Gastroenteritis,1
2021,4,Telangana,Hypertension,1
2021,4,Telangana,Leptospirosis,1
2021,4,Tripura,Diabetes (Type 2),1
2021,4,Uttar Pradesh,Anxiety Disorder,1
2021,4,Uttar Pradesh,Cholera,1
2021,4,Uttar Pradesh,Chronic Kidney Disease,2
2021,4,Uttar Pradesh,Dengue,1
2021,4,Uttar Pradesh,Depression,1
2021,4,Uttar Pradesh,Diabetes (Type 2),1
2021,4,Uttar Pradesh,Diarrhea,2
2021,4,Uttar Pradesh,Filariasis,1
2021,4,Uttar Pradesh,Gastroenteritis,1
2021,4,Uttar Pradesh,HIV/AIDS,2
2021,4,Uttar Pradesh,Heart Disease,2
2021,4,Uttar Pradesh,Hypertension,1
2021,4,Uttar Pradesh,Japanese Encephalitis,1
2021,4,Uttar Pradesh,Jaundice (Hepatitis A),1
2021,4,Uttar Pradesh,Leptospirosis,1
2021,4,Uttar Pradesh,Lung Cancer,1
2021,4,Uttar Pradesh,Stroke,1
2021,4,Uttar Pradesh,Swine Flu (H1N1),1
2021,4,Uttar Pradesh,Thalassemia,1
2021,4,West Bengal,Breast Cancer,1
2021,4,West Bengal,COVID-19,1
2021,4,West Bengal,Chronic Kidney Disease,1
2021,4,West Bengal,Depression,1
2021,4,West Bengal,Diarrhea,3
2021,4,West Bengal,Heart Disease,1
2021,4,West Bengal,Kala-Azar,1
2021,4,West Bengal,Oral Cancer,1
2021,4,West Bengal,Stroke,1
2021,4,West Bengal,Thalassemia,1
2021,4,West Bengal,Tuberculosis,1
2021,5,Andhra Pradesh,Anxiety Disorder,1
2021,5,Andhra Pradesh,Breast Cancer,2
2021,5,Andhra Pradesh,Filariasis,1
2021,5,Andhra Pradesh,Gastroenteritis,1
2021,5,Andhra Pradesh,Jaundice (Hepatitis A),1
2021,5,Andhra Pradesh,Kala-Azar,1
2021,5,Andhra Pradesh,Sickle Cell Anemia,1
2021,5,Andhra Pradesh,Stroke,1
2021,5,Andhra Pradesh,Thalassemia,1
2021,5,Andhra Pradesh,Typhoid,3
2021,5,Assam,Asthma,1
2021,5,Assam,Filariasis,1
2021,5,Assam,Gastroenteritis,1
2021,5,Assam,Lung Cancer,1
2021,5,Assam,Thalassemia,1
2021,5,Bihar,Anxiety Disorder,2
2021,5,Bihar,Breast Cancer,2
2021,5,Bihar,Dengue,1
2021,5,Bihar,Diabetes (Type 2),1
2021,5,Bihar,Gastroenteritis,3
2021,5,Bihar,Heart Disease,2
2021,5,Bihar,Hepatitis B,1
2021,5,Bihar,Hypertension,1
2021,5,Bihar,Jaundice (Hepatitis A),2
2021,5,Bihar,Kala-Azar,1
2021,5,Bihar,Lung Cancer,1
2021,5,Bihar,Malaria,1
2021,5,Bihar,Pneumonia,1
2021,5,Bihar,Thalassemia,1
2021,5,Bihar,Tuberculosis,2
2021,5,Chhattisgarh,COPD,1
2021,5,Chhattisgarh,Heart Disease,1
2021,5,Chhattisgarh,Lung Cancer,1
2021,5,Chhattisgarh,Thalassemia,1
2021,5,Goa,Anxiety Disorder,1
2021,5,Goa,Jaundice (Hepatitis A),1
2021,5,Gujarat,Anxiety Disorder,2
2021,5,Gujarat,Chronic Kidney Disease,1
2021,5,Gujarat,Diarrhea,1
2021,5,Gujarat,Gastroenteritis,1
2021,5,Gujarat,HIV/AIDS,1
2021,5,Gujarat,Hypertension,1
2021,5,Gujarat,Jaundice (Hepatitis A),1
2021,5,Haryana,Asthma,1
2021,5,Haryana,Chikungunya,1
2021,5,Haryana,Cholera,1
2021,5,Haryana,Chronic Kidney Disease,1
2021,5,Haryana,Gastroenteritis,1
2021,5,Himachal Pradesh,Diarrhea,1
2021,5,Himachal Pradesh,Jaundice (Hepatitis A),1
2021,5,Jammu and Kashmir,Leptospirosis,1
2021,5,Jammu and Kashmir,Tuberculosis,1
2021,5,Jharkhand,COVID-19,1
2021,5,Jharkhand,Depression,1
2021,5,Jharkhand,Diabetes (Type 2),1
2021,5,Karnataka,Breast Cancer,2
2021,5,Karnataka,COVID-19,1
2021,5,Karnataka,Filariasis,1
2021,5,Karnataka,HIV/AIDS,1
2021,5,Karnataka,Hepatitis B,1
2021,5,Karnataka,Kala-Azar,1
2021,5,Karnataka,Malaria,1
2021,5,Karnataka,Pneumonia,1
2021,5,Karnataka,Stroke,1
2021,5,Karnataka,Tuberculosis,1
2021,5,Karnataka,Typhoid,1
2021,5,Kerala,Diarrhea,1
2021,5,Kerala,Gastroenteritis,2
2021,5,Kerala,Pneumonia,1
2021,5,Kerala,Stroke,1
2021,5,Madhya Pradesh,Anxiety Disorder,1
2021,5,Madhya Pradesh,Dengue,1
2021,5,Madhya Pradesh,Diarrhea,2
2021,5,Madhya Pradesh,Gastroenteritis,1
2021,5,Madhya Pradesh,Heart Disease,1
2021,5,Madhya Pradesh,Jaundice (Hepatitis A),1
2021,5,Madhya Pradesh,Lung Cancer,1
2021,5,Madhya Pradesh,Malaria,2
2021,5,Madhya Pradesh,Sickle Cell Anemia,1
2021,5,Madhya Pradesh,Thalassemia,1
2021,5,Maharashtra,Anxiety Disorder,1
2021,5,Maharashtra,Breast Cancer,1
2021,5,Maharashtra,Chikungunya,1
2021,5,Maharashtra,Depression,2
2021,5,Maharashtra,Filariasis,3
2021,5,Maharashtra,Gastroenteritis,2
2021,5,Maharashtra,Hypertension,1
2021,5,Maharashtra,Jaundice (Hepatitis A),1
2021,5,Maharashtra,Kala-Azar,1
2021,5,Maharashtra,Lung Cancer,1
2021,5,Maharashtra,Oral Cancer,1
2021,5,Maharashtra,Sickle Cell Anemia,1
2021,5,Maharashtra,Swine Flu (H1N1),1
2021,5,Maharashtra,Typhoid,1
2021,5,Meghalaya,Chronic Kidney Disease,1
2021,5,NCT of Delhi,Anxiety Disorder,1
2021,5,NCT of Delhi,Jaundice (Hepatitis A),1
2021,5,Odisha,Chronic Kidney Disease,1
2021,5,Odisha,Heart Disease,1
2021,5,Odisha,Oral Cancer,1
2021,5,Odisha,Pneumonia,1
2021,5,Odisha,Sickle Cell Anemia,1
2021,5,Punjab,Diarrhea,2
2021,5,Punjab,Hypertension,1
2021,5,Punjab,Oral Cancer,2
2021,5,Punjab,Thalassemia,1
2021,5,Punjab,Tuberculosis,1
2021,5,Rajasthan,COVID-19,1
2021,5,Rajasthan,Diarrhea,1
2021,5,Rajasthan,Jaundice (Hepatitis A),1
2021,5,Rajasthan,Stroke,1
2021,5,Rajasthan,Swine Flu (H1N1),1
2021,5,Rajasthan,Thalassemia,1
2021,5,Tamil Nadu,Anxiety Disorder,1
2021,5,Tamil Nadu,Breast Cancer,1
2021,5,Tamil Nadu,Depression,1
2021,5,Tamil Nadu,Hypertension,1
2021,5,Tamil Nadu,Japanese Encephalitis,2
2021,5,Tamil Nadu,Tuberculosis,2
2021,5,Telangana,Anxiety Disorder,1
2021,5,Telangana,Asthma,1
2021,5,Telangana,Hypertension,1
2021,5,Telangana,Oral Cancer,1
2021,5,Telangana,Swine Flu (H1N1),1
2021,5,Telangana,Typhoid,1
2021,5,Uttar Pradesh,Anxiety Disorder,2
2021,5,Uttar Pradesh,COVID-19,1
2021,5,Uttar Pradesh,Chikungunya,1
2021,5,Uttar Pradesh,Chronic Kidney Disease,1
2021,5,Uttar Pradesh,Dengue,1
2021,5,Uttar Pradesh,Depression,1
2021,5,Uttar Pradesh,Filariasis,2
2021,5,Uttar Pradesh,Gastroenteritis,1
2021,5,Uttar Pradesh,Heart Disease,1
2021,5,Uttar Pradesh,Hepatitis B,2
2021,5,Uttar Pradesh,Hypertension,1
2021,5,Uttar Pradesh,Kala-Azar,1
2021,5,Uttar Pradesh,Lung Cancer,1
2021,5,Uttar Pradesh,Oral Cancer,2
2021,5,Uttar Pradesh,Pneumonia,1
2021,5,Uttar Pradesh,Sickle Cell Anemia,1
2021,5,Uttar Pradesh,Tuberculosis,1
2021,5,Uttar Pradesh,Typhoid,1
2021,5,Uttarakhand,Thalassemia,1
2021,5,West Bengal,Breast Cancer,2
2021,5,West Bengal,COVID-19,1
2021,5,West Bengal,Chronic Kidney Disease,1
2021,5,West Bengal,Depression,1
2021,5,West Bengal,Gastroenteritis,1
2021,5,West Bengal,Hepatitis B,1
2021,5,West Bengal,Jaundice (Hepatitis A),1
2021,5,West Bengal,Lung Cancer,1
2021,5,West Bengal,Pneumonia,2
2021,5,West Bengal,Stroke,1
2021,6,Andhra Pradesh,Filariasis,1
2021,6,Andhra Pradesh,HIV/AIDS,1
2021,6,Andhra Pradesh,Hepatitis B,2
2021,6,Andhra Pradesh,Kala-Azar,1
2021,6,Andhra Pradesh,Oral Cancer,2
2021,6,Assam,Heart Disease,1
2021,6,Assam,Leptospirosis,1
2021,6,Assam,Sickle Cell Anemia,1
2021,6,Assam,Tuberculosis,1
2021,6,Bihar,Anxiety Disorder,1
2021,6,Bihar,COVID-19,1
2021,6,Bihar,Chikungunya,1
2021,6,Bihar,Cholera,1
2021,6,Bihar,Depression,1
2021,6,Bihar,Diarrhea,1
2021,6,Bihar,Gastroenteritis,1
2021,6,Bihar,HIV/AIDS,1
2021,6,Bihar,Heart Disease,1
2021,6,Bihar,Hepatitis B,1
2021,6,Bihar,Hypertension,1
2021,6,Bihar,Sickle Cell Anemia,1
2021,6,Chhattisgarh,Filariasis,1
2021,6,Chhattisgarh,Japanese Encephalitis,1
2021,6,Chhattisgarh,Jaundice (Hepatitis A),1
2021,6,Chhattisgarh,Pneumonia,1
2021,6,Chhattisgarh,Tuberculosis,1
2021,6,Chhattisgarh,Typhoid,1
2021,6,Goa,Chikungunya,1
2021,6,Goa,Tuberculosis,1
2021,6,Goa,Typhoid,1
2021,6,Gujarat,Chronic Kidney Disease,1
2021,6,Gujarat,Kala-Azar,2
2021,6,Gujarat,Leptospirosis,1
2021,6,Gujarat,Stroke,1
2021,6,Haryana,Dengue,1
2021,6,Haryana,Diabetes (Type 2),1
2021,6,Haryana,Jaundice (Hepatitis A),1
2021,6,Haryana,Oral Cancer,1
2021,6,Haryana,Tuberculosis,1
2021,6,Himachal Pradesh,Gastroenteritis,1
2021,6,Himachal Pradesh,Japanese Encephalitis,1
2021,6,Himachal Pradesh,Thalassemia,1
2021,6,Jammu and Kashmir,Leptospirosis,1
2021,6,Jammu and Kashmir,Tuberculosis,1
2021,6,Jharkhand,Filariasis,1
2021,6,Jharkhand,Gastroenteritis,1
2021,6,Jharkhand,HIV/AIDS,1
2021,6,Jharkhand,Jaundice (Hepatitis A),1
2021,6,Jharkhand,Malaria,1
2021,6,Karnataka,COPD,1
2021,6,Karnataka,Chronic Kidney Disease,1
2021,6,Karnataka,Depression,1
2021,6,Karnataka,Diarrhea,1
2021,6,Karnataka,HIV/AIDS,1
2021,6,Karnataka,Pneumonia,1
2021,6,Kerala,HIV/AIDS,1
2021,6,Kerala,Heart Disease,1
2021,6,Kerala,Hypertension,1
2021,6,Kerala,Tuberculosis,1
2021,6,Madhya Pradesh,Anxiety Disorder,1
2021,6,Madhya Pradesh,Breast Cancer,1
2021,6,Madhya Pradesh,COVID-19,1
2021,6,Madhya Pradesh,Chronic Kidney Disease,1
2021,6,Madhya Pradesh,Diabetes (Type 2),1
2021,6,Maharashtra,Asthma,1
2021,6,Maharashtra,COPD,1
2021,6,Maharashtra,Depression,2
2021,6,Maharashtra,Diabetes (Type 2),3
2021,6,Maharashtra,Gastroenteritis,1
2021,6,Maharashtra,HIV/AIDS,1
2021,6,Maharashtra,Hepatitis B,1
2021,6,Maharashtra,Hypertension,1
2021,6,Maharashtra,Japanese Encephalitis,1
2021,6,Maharashtra,Jaundice (Hepatitis A),2
2021,6,Maharashtra,Kala-Azar,1
2021,6,Maharashtra,Stroke,1
2021,6,Maharashtra,Swine Flu (H1N1),1
2021,6,Maharashtra,Thalassemia,2
2021,6,Manipur,Cholera,1
2021,6,Manipur,Heart Disease,1
2021,6,Meghalaya,Chronic Kidney Disease,1
2021,6,NCT of Delhi,Cholera,1
2021,6,NCT of Delhi,Jaundice (Hepatitis A),1
2021,6,Nagaland,Typhoid,1
2021,6,Odisha,Chronic Kidney Disease,1
2021,6,Odisha,Oral Cancer,1
2021,6,Odisha,Pneumonia,1
2021,6,Punjab,Depression,1
2021,6,Punjab,Diarrhea,1
2021,6,Punjab,Heart Disease,1
2021,6,Rajasthan,COVID-19,1
2021,6,Rajasthan,Dengue,1
2021,6,Rajasthan,Hepatitis B,1
2021,6,Rajasthan,Hypertension,1
2021,6,Rajasthan,Jaundice (Hepatitis A),1
2021,6,Rajasthan,Kala-Azar,1
2021,6,Rajasthan,Leptospirosis,1
2021,6,Rajasthan,Oral Cancer,1
2021,6,Rajasthan,Sickle Cell Anemia,2
2021,6,Rajasthan,Stroke,1
2021,6,Rajasthan,Thalassemia,1
2021,6,Rajasthan,Tuberculosis,1
2021,6,Tamil Nadu,Diabetes (Type 2),1
2021,6,Tamil Nadu,Diarrhea,2
2021,6,Tamil Nadu,Filariasis,1
2021,6,Tamil Nadu,Gastroenteritis,3
2021,6,Tamil Nadu,Hypertension,1
2021,6,Tamil Nadu,Jaundice (Hepatitis A),1
2021,6,Tamil Nadu,Lung Cancer,2
2021,6,Tamil Nadu,Oral Cancer,1
2021,6,Tamil Nadu,Stroke,2
2021,6,Tamil Nadu,Swine Flu (H1N1),1
2021,6,Tamil Nadu,Thalassemia,2
2021,6,Tamil Nadu,Tuberculosis,1
2021,6,Telangana,Chronic Kidney Disease,1
2021,6,Telangana,Diarrhea,1
2021,6,Telangana,Gastroenteritis,1
2021,6,Telangana,HIV/AIDS,1
2021,6,Telangana,Lung Cancer,1
2021,6,Telangana,Sickle Cell Anemia,1
2021,6,Uttar Pradesh,Anxiety Disorder,1
2021,6,Uttar Pradesh,COPD,1
2021,6,Uttar Pradesh,Chronic Kidney Disease,1
2021,6,Uttar Pradesh,Dengue,2
2021,6,Uttar Pradesh,Depression,1
2021,6,Uttar Pradesh,Diabetes (Type 2),1
2021,6,Uttar Pradesh,Filariasis,2
2021,6,Uttar Pradesh,Gastroenteritis,2
2021,6,Uttar Pradesh,Hypertension,1
2021,6,Uttar Pradesh,Jaundice (Hepatitis A),3
2021,6,Uttar Pradesh,Kala-Azar,3
2021,6,Uttar Pradesh,Lung Cancer,1
2021,6,Uttar Pradesh,Oral Cancer,2
2021,6,Uttar Pradesh,Pneumonia,1
2021,6,Uttar Pradesh,Sickle Cell Anemia,2
2021,6,Uttar Pradesh,Stroke,2
2021,6,Uttar Pradesh,Swine Flu (H1N1),1
2021,6,Uttar Pradesh,Tuberculosis,1
2021,6,West Bengal,Chikungunya,1
2021,6,West Bengal,Chronic Kidney Disease,1
2021,6,West Bengal,Hypertension,1
2021,6,West Bengal,Jaundice (Hepatitis A),3
2021,6,West Bengal,Kala-Azar,1
2021,6,West Bengal,Leptospirosis,1
2021,6,West Bengal,Sickle Cell Anemia,2
2021,6,West Bengal,Thalassemia,1
2021,7,Andhra Pradesh,Anxiety Disorder,2
2021,7,Andhra Pradesh,Breast Cancer,1
2021,7,Andhra Pradesh,COVID-19,1
2021,7,Andhra Pradesh,Cholera,1
2021,7,Andhra Pradesh,Depression,1
2021,7,Andhra Pradesh,Japanese Encephalitis,1
2021,7,Andhra Pradesh,Leptospirosis,2
2021,7,Andhra Pradesh,Lung Cancer,1
2021,7,Andhra Pradesh,Sickle Cell Anemia,1
2021,7,Andhra Pradesh,Thalassemia,1
2021,7,Assam,Breast Cancer,1
2021,7,Assam,Heart Disease,1
2021,7,Assam,Hypertension,1
2021,7,Assam,Oral Cancer,1
2021,7,Assam,Sickle Cell Anemia,1
2021,7,Assam,Stroke,1
2021,7,Bihar,Chikungunya,1
2021,7,Bihar,Cholera,1
2021,7,Bihar,Chronic Kidney Disease,1
2021,7,Bihar,Dengue,1
2021,7,Bihar,Diarrhea,1
2021,7,Bihar,HIV/AIDS,1
2021,7,Bihar,Hypertension,1
2021,7,Bihar,Jaundice (Hepatitis A),1
2021,7,Bihar,Leptospirosis,3
2021,7,Bihar,Lung Cancer,1
2021,7,Bihar,Thalassemia,2
2021,7,Bihar,Tuberculosis,1
2021,7,Chhattisgarh,Anxiety Disorder,1
2021,7,Chhattisgarh,Cholera,1
2021,7,Chhattisgarh,HIV/AIDS,1
2021,7,Chhattisgarh,Hepatitis B,1
2021,7,Chhattisgarh,Hypertension,1
2021,7,Chhattisgarh,Jaundice (Hepatitis A),1
2021,7,Chhattisgarh,Oral Cancer,1
2021,7,Chhattisgarh,Stroke,2
2021,7,Chhattisgarh,Swine Flu (H1N1),1
2021,7,Goa,Stroke,1
2021,7,Goa,Thalassemia,1
2021,7,Gujarat,Chikungunya,1
2021,7,Gujarat,Cholera,1
2021,7,Gujarat,Dengue,1
2021,7,Gujarat,Diabetes (Type 2),1
2021,7,Gujarat,Gastroenteritis,1
2021,7,Gujarat,Heart Disease,1
2021,7,Gujarat,Hepatitis B,1
2021,7,Gujarat,Jaundice (Hepatitis A),3
2021,7,Gujarat,Kala-Azar,1
2021,7,Gujarat,Leptospirosis,1
2021,7,Gujarat,Malaria,1
2021,7,Gujarat,Oral Cancer,1
2021,7,Gujarat,Thalassemia,1
2021,7,Gujarat,Tuberculosis,1
2021,7,Gujarat,Typhoid,1
2021,7,Haryana,Leptospirosis,1
2021,7,Haryana,Thalassemia,1
2021,7,Himachal Pradesh,Heart Disease,1
2021,7,Himachal Pradesh,Swine Flu (H1N1),1
2021,7,Jammu and Kashmir,Typhoid,1
2021,7,Jharkhand,Chikungunya,1
2021,7,Jharkhand,Leptospirosis,1
2021,7,Jharkhand,Malaria,1
2021,7,Karnataka,Anxiety Disorder,1
2021,7,Karnataka,Asthma,1
2021,7,Karnataka,Breast Cancer,1
2021,7,Karnataka,Dengue,2
2021,7,Karnataka,Gastroenteritis,1
2021,7,Karnataka,HIV/AIDS,1
2021,7,Karnataka,Japanese Encephalitis,2
2021,7,Karnataka,Jaundice (Hepatitis A),2
2021,7,Karnataka,Malaria,1
2021,7,Karnataka,Pneumonia,1
2021,7,Karnataka,Swine Flu (H1N1),1
2021,7,Kerala,Asthma,1
2021,7,Kerala,COPD,1
2021,7,Kerala,Heart Disease,1
2021,7,Kerala,Leptospirosis,1
2021,7,Kerala,Stroke,1
2021,7,Madhya Pradesh,Anxiety Disorder,2
2021,7,Madhya Pradesh,Chikungunya,5
2021,7,Madhya Pradesh,Cholera,3
2021,7,Madhya Pradesh,Dengue,3
2021,7,Madhya Pradesh,Depression,1
2021,7,Madhya Pradesh,Diarrhea,1
2021,7,Madhya Pradesh,HIV/AIDS,1
2021,7,Madhya Pradesh,Hepatitis B,1
2021,7,Madhya Pradesh,Hypertension,1
2021,7,Madhya Pradesh,Japanese Encephalitis,1
2021,7,Madhya Pradesh,Lung Cancer,2
2021,7,Madhya Pradesh,Sickle Cell Anemia,2
2021,7,Madhya Pradesh,Thalassemia,1
2021,7,Maharashtra,Anxiety Disorder,1
2021,7,Maharashtra,Chikungunya,2
2021,7,Maharashtra,Cholera,2
2021,7,Maharashtra,Dengue,1
2021,7,Maharashtra,Depression,3
2021,7,Maharashtra,HIV/AIDS,1
2021,7,Maharashtra,Heart Disease,1
2021,7,Maharashtra,Japanese Encephalitis,1
2021,7,Maharashtra,Jaundice (Hepatitis A),1
2021,7,Maharashtra,Kala-Azar,1
2021,7,Maharashtra,Leptospirosis,1
2021,7,Maharashtra,Lung Cancer,1
2021,7,Maharashtra,Oral Cancer,1
2021,7,Maharashtra,Tuberculosis,1
2021,7,Maharashtra,Typhoid,2
2021,7,Meghalaya,Leptospirosis,1
2021,7,Meghalaya,Stroke,1
2021,7,NCT of Delhi,Filariasis,1
2021,7,NCT of Delhi,Stroke,1
2021,7,Nagaland,Chikungunya,1
2021,7,Nagaland,Filariasis,1
2021,7,Odisha,Asthma,2
2021,7,Odisha,Breast Cancer,1
2021,7,Odisha,Chikungunya,1
2021,7,Odisha,Cholera,1
2021,7,Odisha,Heart Disease,1
2021,7,Odisha,Hypertension,1
2021,7,Odisha,Kala-Azar,1
2021,7,Odisha,Malaria,1
2021,7,Odisha,Pneumonia,1
2021,7,Punjab,Dengue,1
2021,7,Punjab,Diarrhea,1
2021,7,Punjab,Leptospirosis,1
2021,7,Punjab,Pneumonia,1
2021,7,Punjab,Tuberculosis,1
2021,7,Rajasthan,Asthma,1
2021,7,Rajasthan,Chikungunya,1
2021,7,Rajasthan,Cholera,2
2021,7,Rajasthan,Depression,1
2021,7,Rajasthan,Diabetes (Type 2),1
2021,7,Rajasthan,Filariasis,1
2021,7,Rajasthan,Gastroenteritis,3
2021,7,Rajasthan,Hypertension,1
2021,7,Rajasthan,Japanese Encephalitis,1
2021,7,Rajasthan,Kala-Azar,1
2021,7,Rajasthan,Leptospirosis,1
2021,7,Rajasthan,Malaria,1
2021,7,Rajasthan,Oral Cancer,2
2021,7,Rajasthan,Sickle Cell Anemia,1
2021,7,Rajasthan,Thalassemia,1
2021,7,Tamil Nadu,Dengue,1
2021,7,Tamil Nadu,Diabetes (Type 2),1
2021,7,Tamil Nadu,Gastroenteritis,1
2021,7,Tamil Nadu,HIV/AIDS,1
2021,7,Tamil Nadu,Heart Disease,1
2021,7,Tamil Nadu,Hepatitis B,2
2021,7,Tamil Nadu,Jaundice (Hepatitis A),1
2021,7,Tamil Nadu,Leptospirosis,1
2021,7,Tamil Nadu,Lung Cancer,1
2021,7,Tamil Nadu,Malaria,1
2021,7,Tamil Nadu,Sickle Cell Anemia,1
2021,7,Telangana,COVID-19,1
2021,7,Telangana,Chronic Kidney Disease,1
2021,7,Telangana,Filariasis,2
2021,7,Telangana,Gastroenteritis,1
2021,7,Telangana,Heart Disease,1
2021,7,Telangana,Hypertension,1
2021,7,Telangana,Japanese Encephalitis,1
2021,7,Telangana,Jaundice (Hepatitis A),1
2021,7,Telangana,Malaria,1
2021,7,Telangana,Typhoid,1
2021,7,Tripura,Japanese Encephalitis,1
2021,7,Tripura,Jaundice (Hepatitis A),1
2021,7,Uttar Pradesh,Anxiety Disorder,2
2021,7,Uttar Pradesh,Breast Cancer,1
2021,7,Uttar Pradesh,COVID-19,1
2021,7,Uttar Pradesh,Chikungunya,3
2021,7,Uttar Pradesh,Cholera,2
2021,7,Uttar Pradesh,Dengue,1
2021,7,Uttar Pradesh,Depression,1
2021,7,Uttar Pradesh,Filariasis,2
2021,7,Uttar Pradesh,Hepatitis B,2
2021,7,Uttar Pradesh,Hypertension,1
2021,7,Uttar Pradesh,Japanese Encephalitis,2
2021,7,Uttar Pradesh,Jaundice (Hepatitis A),2
2021,7,Uttar Pradesh,Kala-Azar,2
2021,7,Uttar Pradesh,Leptospirosis,3
2021,7,Uttar Pradesh,Malaria,2
2021,7,Uttar Pradesh,Sickle Cell Anemia,2
2021,7,Uttar Pradesh,Tuberculosis,1
2021,7,Uttarakhand,Gastroenteritis,1
2021,7,Uttarakhand,HIV/AIDS,1
2021,7,Uttarakhand,Japanese Encephalitis,1
2021,7,Uttarakhand,Malaria,1
2021,7,West Bengal,Asthma,1
2021,7,West Bengal,COPD,1
2021,7,West Bengal,Chikungunya,1
2021,7,West Bengal,Cholera,1
2021,7,West Bengal,Dengue,1
2021,7,West Bengal,Diabetes (Type 2),1
2021,7,West Bengal,Gastroenteritis,1
2021,7,West Bengal,Japanese Encephalitis,1
2021,7,West Bengal,Jaundice (Hepatitis A),2
2021,7,West Bengal,Leptospirosis,1
2021,7,West Bengal,Malaria,1
2021,7,West Bengal,Sickle Cell Anemia,3
2021,7,West Bengal,Stroke,1
2021,8,Andhra Pradesh,Breast Cancer,1
2021,8,Andhra Pradesh,Chronic Kidney Disease,1
2021,8,Andhra Pradesh,Diabetes (Type 2),1
2021,8,Andhra Pradesh,Filariasis,1
2021,8,Andhra Pradesh,Leptospirosis,2
2021,8,Andhra Pradesh,Malaria,1
2021,8,Andhra Pradesh,Stroke,1
2021,8,Andhra Pradesh,Thalassemia,1
2021,8,Assam,Jaundice (Hepatitis A),1
2021,8,Assam,Lung Cancer,1
2021,8,Assam,Malaria,1
2021,8,Bihar,Breast Cancer,2
2021,8,Bihar,Chikungunya,1
2021,8,Bihar,Chronic Kidney Disease,1
2021,8,Bihar,Depression,1
2021,8,Bihar,Diarrhea,4
2021,8,Bihar,Filariasis,2
2021,8,Bihar,Gastroenteritis,2
2021,8,Bihar,HIV/AIDS,1
2021,8,Bihar,Heart Disease,1
2021,8,Bihar,Hepatitis B,1
2021,8,Bihar,Hypertension,1
2021,8,Bihar,Jaundice (Hepatitis A),1
2021,8,Bihar,Leptospirosis,1
2021,8,Bihar,Lung Cancer,2
2021,8,Bihar,Malaria,1
2021,8,Bihar,Oral Cancer,1
2021,8,Bihar,Sickle Cell Anemia,1
2021,8,Bihar,Swine Flu (H1N1),1
2021,8,Bihar,Thalassemia,1
2021,8,Bihar,Typhoid,1
2021,8,Chhattisgarh,Chikungunya,1
2021,8,Chhattisgarh,Hypertension,2
2021,8,Chhattisgarh,Oral Cancer,1
2021,8,Chhattisgarh,Thalassemia,1
2021,8,Goa,Chikungunya,1
2021,8,Goa,Cholera,3
2021,8,Goa,Swine Flu (H1N1),1
2021,8,Gujarat,Anxiety Disorder,2
2021,8,Gujarat,Breast Cancer,1
2021,8,Gujarat,Cholera,3
2021,8,Gujarat,Dengue,4
2021,8,Gujarat,Diabetes (Type 2),1
2021,8,Gujarat,Hypertension,1
2021,8,Gujarat,Jaundice (Hepatitis A),1
2021,8,Gujarat,Kala-Azar,1
2021,8,Gujarat,Malaria,1
2021,8,Gujarat,Pneumonia,1
2021,8,Gujarat,Thalassemia,1
2021,8,Gujarat,Typhoid,1
2021,8,Haryana,Anxiety Disorder,1
2021,8,Haryana,Breast Cancer,1
2021,8,Haryana,Dengue,1
2021,8,Haryana,Filariasis,1
2021,8,Haryana,Gastroenteritis,2
2021,8,Haryana,HIV/AIDS,1
2021,8,Haryana,Hepatitis B,1
2021,8,Haryana,Leptospirosis,1
2021,8,Haryana,Lung Cancer,1
2021,8,Haryana,Malaria,1
2021,8,Haryana,Sickle Cell Anemia,2
2021,8,Himachal Pradesh,Japanese Encephalitis,1
2021,8,Himachal Pradesh,Stroke,1
2021,8,Himachal Pradesh,Thalassemia,1
2021,8,Jammu and Kashmir,HIV/AIDS,1
2021,8,Jharkhand,Malaria,1
2021,8,Jharkhand,Typhoid,1
2021,8,Karnataka,Asthma,1
2021,8,Karnataka,Cholera,1
2021,8,Karnataka,Chronic Kidney Disease,1
2021,8,Karnataka,Dengue,1
2021,8,Karnataka,Diabetes (Type 2),1
2021,8,Karnataka,Japanese Encephalitis,2
2021,8,Karnataka,Kala-Azar,2
2021,8,Karnataka,Leptospirosis,4
2021,8,Kerala,Anxiety Disorder,1
2021,8,Kerala,Diarrhea,1
2021,8,Kerala,Filariasis,1
2021,8,Kerala,Oral Cancer,1
2021,8,Kerala,Swine Flu (H1N1),1
2021,8,Madhya Pradesh,Anxiety Disorder,1
2021,8,Madhya Pradesh,Chikungunya,4
2021,8,Madhya Pradesh,Cholera,1
2021,8,Madhya Pradesh,Hepatitis B,1
2021,8,Madhya Pradesh,Hypertension,1
2021,8,Madhya Pradesh,Japanese Encephalitis,2
2021,8,Madhya Pradesh,Leptospirosis,1
2021,8,Madhya Pradesh,Malaria,2
2021,8,Madhya Pradesh,Pneumonia,1
2021,8,Madhya Pradesh,Sickle Cell Anemia,1
2021,8,Madhya Pradesh,Stroke,1
2021,8,Madhya Pradesh,Swine Flu (H1N1),1
2021,8,Maharashtra,Anxiety Disorder,1
2021,8,Maharashtra,Asthma,1
2021,8,Maharashtra,COPD,1
2021,8,Maharashtra,Chikungunya,2
2021,8,Maharashtra,Dengue,2
2021,8,Maharashtra,Diabetes (Type 2),1
2021,8,Maharashtra,Diarrhea,1
2021,8,Maharashtra,Gastroenteritis,2
2021,8,Maharashtra,Heart Disease,1
2021,8,Maharashtra,Japanese Encephalitis,1
2021,8,Maharashtra,Leptospirosis,1
2021,8,Maharashtra,Typhoid,1
2021,8,Manipur,Oral Cancer,1
2021,8,NCT of Delhi,Breast Cancer,1
2021,8,NCT of Delhi,Malaria,1
2021,8,NCT of Delhi,Tuberculosis,1
2021,8,Odisha,COVID-19,1
2021,8,Odisha,Jaundice (Hepatitis A),1
2021,8,Odisha,Malaria,1
2021,8,Odisha,Typhoid,1
2021,8,Punjab,Gastroenteritis,1
2021,8,Punjab,Heart Disease,1
2021,8,Punjab,Lung Cancer,1
2021,8,Punjab,Malaria,1
2021,8,Punjab,Swine Flu (H1N1),1
2021,8,Punjab,Typhoid,1
2021,8,Rajasthan,Chikungunya,2
2021,8,Rajasthan,Cholera,1
2021,8,Rajasthan,Dengue,2
2021,8,Rajasthan,Diarrhea,1
2021,8,Rajasthan,Filariasis,1
2021,8,Rajasthan,HIV/AIDS,1
2021,8,Rajasthan,Heart Disease,1
2021,8,Rajasthan,Hepatitis B,1
2021,8,Rajasthan,Jaundice (Hepatitis A),1
2021,8,Rajasthan,Leptospirosis,1
2021,8,Rajasthan,Malaria,1
2021,8,Rajasthan,Sickle Cell Anemia,1
2021,8,Rajasthan,Typhoid,1
2021,8,Sikkim,Tuberculosis,1
2021,8,Tamil Nadu,Anxiety Disorder,1
2021,8,Tamil Nadu,Breast Cancer,1
2021,8,Tamil Nadu,Chikungunya,2
2021,8,Tamil Nadu,Cholera,2
2021,8,Tamil Nadu,Gastroenteritis,1
2021,8,Tamil Nadu,HIV/AIDS,2
2021,8,Tamil Nadu,Jaundice (Hepatitis A),1
2021,8,Tamil Nadu,Leptospirosis,3
2021,8,Tamil Nadu,Sickle Cell Anemia,1
2021,8,Tamil Nadu,Tuberculosis,1
2021,8,Telangana,Anxiety Disorder,2
2021,8,Telangana,Cholera,1
2021,8,Telangana,Depression,1
2021,8,Telangana,Lung Cancer,1
2021,8,Telangana,Swine Flu (H1N1),1
2021,8,Telangana,Thalassemia,1
2021,8,Tripura,Diabetes (Type 2),1
2021,8,Uttar Pradesh,Asthma,1
2021,8,Uttar Pradesh,Chikungunya,3
2021,8,Uttar Pradesh,Cholera,2
2021,8,Uttar Pradesh,Dengue,2
2021,8,Uttar Pradesh,Diabetes (Type 2),1
2021,8,Uttar Pradesh,Filariasis,1
2021,8,Uttar Pradesh,Gastroenteritis,2
2021,8,Uttar Pradesh,HIV/AIDS,2
2021,8,Uttar Pradesh,Heart Disease,1
2021,8,Uttar Pradesh,Hypertension,1
2021,8,Uttar Pradesh,Japanese Encephalitis,1
2021,8,Uttar Pradesh,Jaundice (Hepatitis A),3
2021,8,Uttar Pradesh,Kala-Azar,1
2021,8,Uttar Pradesh,Lung Cancer,3
2021,8,Uttar Pradesh,Malaria,2
2021,8,Uttar Pradesh,Thalassemia,1
2021,8,West Bengal,Anxiety Disorder,1
2021,8,West Bengal,Breast Cancer,2
2021,8,West Bengal,COPD,2
2021,8,West Bengal,COVID-19,1
2021,8,West Bengal,Cholera,2
2021,8,West Bengal,Depression,2
2021,8,West Bengal,Hypertension,1
2021,8,West Bengal,Jaundice (Hepatitis A),1
2021,8,West Bengal,Kala-Azar,1
2021,8,West Bengal,Leptospirosis,1
2021,8,West Bengal,Lung Cancer,1
2021,8,West Bengal,Malaria,1
2021,8,West Bengal,Pneumonia,1
2021,8,West Bengal,Sickle Cell Anemia,1
2021,8,West Bengal,Thalassemia,1
2021,8,West Bengal,Typhoid,1
2021,9,Andaman and Nicobar Islands,Cholera,1
2021,9,Andhra Pradesh,Asthma,1
2021,9,Andhra Pradesh,Cholera,1
2021,9,Andhra Pradesh,Dengue,1
2021,9,Andhra Pradesh,Diabetes (Type 2),2
2021,9,Andhra Pradesh,Gastroenteritis,1
2021,9,Andhra Pradesh,Hypertension,1
2021,9,Andhra Pradesh,Leptospirosis,1
2021,9,Assam,Asthma,1
2021,9,Assam,Gastroenteritis,1
2021,9,Assam,Malaria,1
2021,9,Assam,Oral Cancer,1
2021,9,Assam,Stroke,1
2021,9,Bihar,Chikungunya,4
2021,9,Bihar,Chronic Kidney Disease,1
2021,9,Bihar,Dengue,4
2021,9,Bihar,Depression,1
2021,9,Bihar,Diarrhea,1
2021,9,Bihar,Hepatitis B,2
2021,9,Bihar,Hypertension,1
2021,9,Bihar,Kala-Azar,1
2021,9,Bihar,Leptospirosis,1
2021,9,Bihar,Malaria,1
2021,9,Bihar,Pneumonia,1
2021,9,Bihar,Stroke,4
2021,9,Chandigarh,Leptospirosis,1
2021,9,Chhattisgarh,Thalassemia,1
2021,9,Goa,Malaria,1
2021,9,Gujarat,Breast Cancer,1
2021,9,Gujarat,Cholera,1
2021,9,Gujarat,Dengue,1
2021,9,Gujarat,Diarrhea,1
2021,9,Gujarat,HIV/AIDS,1
2021,9,Gujarat,Heart Disease,2
2021,9,Gujarat,Leptospirosis,2
2021,9,Gujarat,Malaria,1
2021,9,Gujarat,Oral Cancer,1
2021,9,Gujarat,Sickle Cell Anemia,1
2021,9,Gujarat,Tuberculosis,1
2021,9,Haryana,Cholera,1
2021,9,Haryana,Dengue,1
2021,9,Haryana,HIV/AIDS,1
2021,9,Haryana,Hepatitis B,1
2021,9,Haryana,Hypertension,1
2021,9,Haryana,Japanese Encephalitis,1
2021,9,Haryana,Swine Flu (H1N1),1
2021,9,Haryana,Thalassemia,1
2021,9,Himachal Pradesh,Heart Disease,1
2021,9,Himachal Pradesh,Leptospirosis,2
2021,9,Jammu and Kashmir,Dengue,1
2021,9,Jammu and Kashmir,Diabetes (Type 2),1
2021,9,Jammu and Kashmir,Filariasis,1
2021,9,Jammu and Kashmir,Leptospirosis,1
2021,9,Jharkhand,Cholera,1
2021,9,Jharkhand,Hepatitis B,1
2021,9,Jharkhand,Leptospirosis,1
2021,9,Jharkhand,Oral Cancer,1
2021,9,Jharkhand,Tuberculosis,1
2021,9,Karnataka,Chikungunya,1
2021,9,Karnataka,Cholera,2
2021,9,Karnataka,Chronic Kidney Disease,1
2021,9,Karnataka,Dengue,3
2021,9,Karnataka,Diarrhea,1
2021,9,Karnataka,Filariasis,1
2021,9,Karnataka,Hepatitis B,2
2021,9,Karnataka,Kala-Azar,1
2021,9,Karnataka,Malaria,2
2021,9,Karnataka,Sickle Cell Anemia,2
2021,9,Karnataka,Thalassemia,1
2021,9,Kerala,Breast Cancer,1
2021,9,Kerala,COVID-19,1
2021,9,Kerala,Diarrhea,1
2021,9,Kerala,Hypertension,1
2021,9,Kerala,Oral Cancer,2
2021,9,Madhya Pradesh,Asthma,1
2021,9,Madhya Pradesh,Breast Cancer,1
2021,9,Madhya Pradesh,Chikungunya,3
2021,9,Madhya Pradesh,Cholera,1
2021,9,Madhya Pradesh,Dengue,1
2021,9,Madhya Pradesh,Hypertension,1
2021,9,Madhya Pradesh,Japanese Encephalitis,2
2021,9,Madhya Pradesh,Jaundice (Hepatitis A),1
2021,9,Madhya Pradesh,Kala-Azar,2
2021,9,Madhya Pradesh,Leptospirosis,2
2021,9,Madhya Pradesh,Malaria,2
2021,9,Madhya Pradesh,Oral Cancer,1
2021,9,Madhya Pradesh,Stroke,3
2021,9,Maharashtra,Anxiety Disorder,2
2021,9,Maharashtra,COVID-19,1
2021,9,Maharashtra,Chikungunya,2
2021,9,Maharashtra,Cholera,4
2021,9,Maharashtra,Chronic Kidney Disease,1
2021,9,Maharashtra,Dengue,1
2021,9,Maharashtra,Depression,1
2021,9,Maharashtra,Diarrhea,1
2021,9,Maharashtra,HIV/AIDS,1
2021,9,Maharashtra,Heart Disease,1
2021,9,Maharashtra,Hepatitis B,1
2021,9,Maharashtra,Hypertension,1
2021,9,Maharashtra,Kala-Azar,1
2021,9,Maharashtra,Leptospirosis,3
2021,9,Maharashtra,Malaria,1
2021,9,Maharashtra,Oral Cancer,1
2021,9,Maharashtra,Stroke,3
2021,9,Manipur,Gastroenteritis,1
2021,9,NCT of Delhi,Swine Flu (H1N1),1
2021,9,Odisha,Dengue,1
2021,9,Odisha,Filariasis,1
2021,9,Odisha,Gastroenteritis,1
2021,9,Odisha,HIV/AIDS,1
2021,9,Odisha,Swine Flu (H1N1),1
2021,9,Odisha,Tuberculosis,1
2021,9,Punjab,Depression,2
2021,9,Punjab,Diarrhea,1
2021,9,Punjab,Kala-Azar,1
2021,9,Rajasthan,Chikungunya,2
2021,9,Rajasthan,Cholera,2
2021,9,Rajasthan,Depression,1
2021,9,Rajasthan,Diabetes (Type 2),1
2021,9,Rajasthan,HIV/AIDS,1
2021,9,Rajasthan,Heart Disease,1
2021,9,Rajasthan,Kala-Azar,1
2021,9,Rajasthan,Leptospirosis,1
2021,9,Rajasthan,Tuberculosis,1
2021,9,Tamil Nadu,Breast Cancer,1
2021,9,Tamil Nadu,Chikungunya,1
2021,9,Tamil Nadu,Chronic Kidney Disease,1
2021,9,Tamil Nadu,Dengue,1
2021,9,Tamil Nadu,Diabetes (Type 2),1
2021,9,Tamil Nadu,Heart Disease,1
2021,9,Tamil Nadu,Hypertension,1
2021,9,Tamil Nadu,Leptospirosis,1
2021,9,Tamil Nadu,Malaria,1
2021,9,Tamil Nadu,Thalassemia,1
2021,9,Tamil Nadu,Tuberculosis,1
2021,9,Tamil Nadu,Typhoid,1
2021,9,Telangana,Anxiety Disorder,1
2021,9,Telangana,Cholera,1
2021,9,Telangana,Dengue,1
2021,9,Telangana,Diarrhea,1
2021,9,Telangana,Heart Disease,1
2021,9,Telangana,Hepatitis B,1
2021,9,Telangana,Kala-Azar,1
2021,9,Telangana,Malaria,1
2021,9,Telangana,Oral Cancer,1
2021,9,Telangana,Thalassemia,1
2021,9,Tripura,Anxiety Disorder,1
2021,9,Tripura,Chikungunya,1
2021,9,Uttar Pradesh,Breast Cancer,2
2021,9,Uttar Pradesh,COVID-19,1
2021,9,Uttar Pradesh,Chikungunya,1
2021,9,Uttar Pradesh,Cholera,1
2021,9,Uttar Pradesh,Chronic Kidney Disease,1
2021,9,Uttar Pradesh,Dengue,3
2021,9,Uttar Pradesh,Diabetes (Type 2),1
2021,9,Uttar Pradesh,Diarrhea,1
2021,9,Uttar Pradesh,Gastroenteritis,1
2021,9,Uttar Pradesh,HIV/AIDS,1
2021,9,Uttar Pradesh,Hepatitis B,3
2021,9,Uttar Pradesh,Japanese Encephalitis,1
2021,9,Uttar Pradesh,Kala-Azar,1
2021,9,Uttar Pradesh,Leptospirosis,2
2021,9,Uttar Pradesh,Malaria,3
2021,9,Uttar Pradesh,Oral Cancer,1
2021,9,Uttar Pradesh,Stroke,3
2021,9,Uttar Pradesh,Thalassemia,1
2021,9,Uttar Pradesh,Typhoid,2
2021,9,Uttarakhand,HIV/AIDS,1
2021,9,Uttarakhand,Japanese Encephalitis,1
2021,9,Uttarakhand,Malaria,1
2021,9,Uttarakhand,Sickle Cell Anemia,1
2021,9,West Bengal,Chikungunya,2
2021,9,West Bengal,Dengue,1
2021,9,West Bengal,Depression,1
2021,9,West Bengal,Gastroenteritis,1
2021,9,West Bengal,Kala-Azar,1
2021,9,West Bengal,Leptospirosis,1
2021,9,West Bengal,Lung Cancer,1
2021,9,West Bengal,Swine Flu (H1N1),1
2021,10,Andaman and Nicobar Islands,Chikungunya,1
2021,10,Andhra Pradesh,Anxiety Disorder,1
2021,10,Andhra Pradesh,Cholera,1
2021,10,Andhra Pradesh,Chronic Kidney Disease,1
2021,10,Andhra Pradesh,Hypertension,1
2021,10,Andhra Pradesh,Kala-Azar,1
2021,10,Andhra Pradesh,Lung Cancer,1
2021,10,Andhra Pradesh,Malaria,1
2021,10,Assam,COVID-19,1
2021,10,Assam,Malaria,1
2021,10,Assam,Typhoid,1
2021,10,Bihar,Anxiety Disorder,1
2021,10,Bihar,Breast Cancer,4
2021,10,Bihar,COVID-19,1
2021,10,Bihar,Chikungunya,1
2021,10,Bihar,Dengue,4
2021,10,Bihar,Depression,2
2021,10,Bihar,Hypertension,2
2021,10,Bihar,Japanese Encephalitis,1
2021,10,Bihar,Leptospirosis,1
2021,10,Bihar,Malaria,3
2021,10,Bihar,Oral Cancer,2
2021,10,Bihar,Stroke,1
2021,10,Bihar,Thalassemia,2
2021,10,Chhattisgarh,Anxiety Disorder,1
2021,10,Chhattisgarh,Malaria,1
2021,10,Chhattisgarh,Pneumonia,1
2021,10,Chhattisgarh,Stroke,1
2021,10,Goa,Filariasis,1
2021,10,Goa,Gastroenteritis,1
2021,10,Gujarat,Asthma,1
2021,10,Gujarat,Cholera,1
2021,10,Gujarat,Diarrhea,1
2021,10,Gujarat,Heart Disease,3
2021,10,Gujarat,Hypertension,1
2021,10,Gujarat,Pneumonia,1
2021,10,Gujarat,Stroke,3
2021,10,Haryana,Anxiety Disorder,1
2021,10,Haryana,Breast Cancer,1
2021,10,Haryana,Dengue,1
2021,10,Haryana,Diarrhea,1
2021,10,Haryana,Hypertension,1
2021,10,Haryana,Kala-Azar,1
2021,10,Himachal Pradesh,Cholera,1
2021,10,Himachal Pradesh,Malaria,2
2021,10,Jammu and Kashmir,Dengue,1
2021,10,Jharkhand,Chikungunya,1
2021,10,Jharkhand,Cholera,1
2021,10,Jharkhand,HIV/AIDS,1
2021,10,Jharkhand,Hypertension,1
2021,10,Jharkhand,Kala-Azar,1
2021,10,Jharkhand,Leptospirosis,1
2021,10,Jharkhand,Sickle Cell Anemia,1
2021,10,Karnataka,Anxiety Disorder,1
2021,10,Karnataka,COVID-19,1
2021,10,Karnataka,Chikungunya,1
2021,10,Karnataka,Cholera,2
2021,10,Karnataka,Dengue,1
2021,10,Karnataka,Diarrhea,1
2021,10,Karnataka,Filariasis,1
2021,10,Karnataka,HIV/AIDS,1
2021,10,Karnataka,Leptospirosis,1
2021,10,Karnataka,Stroke,1
2021,10,Karnataka,Thalassemia,1
2021,10,Karnataka,Typhoid,2
2021,10,Kerala,Breast Cancer,1
2021,10,Kerala,Dengue,1
2021,10,Kerala,Depression,1
2021,10,Kerala,HIV/AIDS,1
2021,10,Kerala,Japanese Encephalitis,1
2021,10,Kerala,Thalassemia,1
2021,10,Madhya Pradesh,Chikungunya,2
2021,10,Madhya Pradesh,Cholera,1
2021,10,Madhya Pradesh,Depression,3
2021,10,Madhya Pradesh,Diabetes (Type 2),1
2021,10,Madhya Pradesh,Filariasis,1
2021,10,Madhya Pradesh,Hepatitis B,1
2021,10,Madhya Pradesh,Hypertension,1
2021,10,Madhya Pradesh,Japanese Encephalitis,2
2021,10,Madhya Pradesh,Kala-Azar,1
2021,10,Madhya Pradesh,Lung Cancer,1
2021,10,Madhya Pradesh,Tuberculosis,1
2021,10,Maharashtra,Anxiety Disorder,1
2021,10,Maharashtra,Chikungunya,1
2021,10,Maharashtra,Cholera,1
2021,10,Maharashtra,Chronic Kidney Disease,1
2021,10,Maharashtra,Dengue,4
2021,10,Maharashtra,Depression,1
2021,10,Maharashtra,Filariasis,1
2021,10,Maharashtra,Gastroenteritis,1
2021,10,Maharashtra,HIV/AIDS,1
2021,10,Maharashtra,Hepatitis B,1
2021,10,Maharashtra,Hypertension,1
2021,10,Maharashtra,Leptospirosis,2
2021,10,Maharashtra,Oral Cancer,1
2021,10,Manipur,Sickle Cell Anemia,1
2021,10,Manipur,Swine Flu (H1N1),1
2021,10,Meghalaya,Leptospirosis,1
2021,10,NCT of Delhi,Breast Cancer,1
2021,10,NCT of Delhi,Cholera,2
2021,10,NCT of Delhi,Filariasis,1
2021,10,NCT of Delhi,HIV/AIDS,1
2021,10,NCT of Delhi,Leptospirosis,1
2021,10,NCT of Delhi,Lung Cancer,1
2021,10,NCT of Delhi,Malaria,1
2021,10,NCT of Delhi,Stroke,1
2021,10,NCT of Delhi,Thalassemia,1
2021,10,Odisha,Cholera,2
2021,10,Odisha,Diarrhea,2
2021,10,Odisha,Gastroenteritis,1
2021,10,Odisha,HIV/AIDS,1
2021,10,Odisha,Leptospirosis,1
2021,10,Odisha,Oral Cancer,1
2021,10,Punjab,Breast Cancer,1
2021,10,Punjab,COPD,1
2021,10,Punjab,Diarrhea,2
2021,10,Punjab,Filariasis,2
2021,10,Punjab,Malaria,2
2021,10,Punjab,Tuberculosis,1
2021,10,Rajasthan,COPD,1
2021,10,Rajasthan,Chikungunya,2
2021,10,Rajasthan,Cholera,2
2021,10,Rajasthan,Diabetes (Type 2),1
2021,10,Rajasthan,Leptospirosis,1
2021,10,Rajasthan,Oral Cancer,1
2021,10,Tamil Nadu,Chikungunya,1
2021,10,Tamil Nadu,Cholera,3
2021,10,Tamil Nadu,Dengue,1
2021,10,Tamil Nadu,Diabetes (Type 2),1
2021,10,Tamil Nadu,Lung Cancer,1
2021,10,Tamil Nadu,Malaria,3
2021,10,Tamil Nadu,Oral Cancer,1
2021,10,Tamil Nadu,Sickle Cell Anemia,1
2021,10,Tamil Nadu,Thalassemia,1
2021,10,Tamil Nadu,Tuberculosis,1
2021,10,Telangana,Asthma,1
2021,10,Telangana,Dengue,1
2021,10,Telangana,Diabetes (Type 2),2
2021,10,Telangana,Diarrhea,1
2021,10,Telangana,Swine Flu (H1N1),1
2021,10,Telangana,Tuberculosis,1
2021,10,Tripura,Dengue,1
2021,10,Uttar Pradesh,Anxiety Disorder,1
2021,10,Uttar Pradesh,Asthma,1
2021,10,Uttar Pradesh,Breast Cancer,1
2021,10,Uttar Pradesh,Cholera,2
2021,10,Uttar Pradesh,Chronic Kidney Disease,1
2021,10,Uttar Pradesh,Dengue,1
2021,10,Uttar Pradesh,Diabetes (Type 2),2
2021,10,Uttar Pradesh,Gastroenteritis,1
2021,10,Uttar Pradesh,HIV/AIDS,2
2021,10,Uttar Pradesh,Hepatitis B,2
2021,10,Uttar Pradesh,Japanese Encephalitis,1
2021,10,Uttar Pradesh,Kala-Azar,1
2021,10,Uttar Pradesh,Leptospirosis,5
2021,10,Uttar Pradesh,Lung Cancer,2
2021,10,Uttar Pradesh,Malaria,1
2021,10,Uttar Pradesh,Thalassemia,4
2021,10,Uttar Pradesh,Tuberculosis,1
2021,10,Uttar Pradesh,Typhoid,1
2021,10,Uttarakhand,Diarrhea,1
2021,10,West Bengal,Chikungunya,3
2021,10,West Bengal,Chronic Kidney Disease,1
2021,10,West Bengal,Dengue,2
2021,10,West Bengal,Diarrhea,1
2021,10,West Bengal,Gastroenteritis,1
2021,10,West Bengal,Hypertension,1
2021,10,West Bengal,Lung Cancer,1
2021,10,West Bengal,Thalassemia,1
2021,10,West Bengal,Tuberculosis,1
2021,11,Andhra Pradesh,Breast Cancer,2
2021,11,Andhra Pradesh,Gastroenteritis,1
2021,11,Andhra Pradesh,HIV/AIDS,1
2021,11,Andhra Pradesh,Heart Disease,1
2021,11,Andhra Pradesh,Hepatitis B,1
2021,11,Andhra Pradesh,Jaundice (Hepatitis A),1
2021,11,Andhra Pradesh,Oral Cancer,1
2021,11,Andhra Pradesh,Sickle Cell Anemia,1
2021,11,Andhra Pradesh,Tuberculosis,1
2021,11,Andhra Pradesh,Typhoid,1
2021,11,Assam,Oral Cancer,1
2021,11,Assam,Pneumonia,1
2021,11,Assam,Swine Flu (H1N1),1
2021,11,Bihar,Breast Cancer,1
2021,11,Bihar,COPD,3
2021,11,Bihar,COVID-19,1
2021,11,Bihar,Depression,1
2021,11,Bihar,Filariasis,2
2021,11,Bihar,HIV/AIDS,1
2021,11,Bihar,Japanese Encephalitis,1
2021,11,Bihar,Kala-Azar,2
2021,11,Bihar,Oral Cancer,2
2021,11,Bihar,Pneumonia,1
2021,11,Bihar,Swine Flu (H1N1),1
2021,11,Bihar,Typhoid,1
2021,11,Chhattisgarh,Diarrhea,1
2021,11,Chhattisgarh,HIV/AIDS,1
2021,11,Chhattisgarh,Hypertension,1
2021,11,Chhattisgarh,Malaria,1
2021,11,Chhattisgarh,Swine Flu (H1N1),1
2021,11,Chhattisgarh,Tuberculosis,1
2021,11,Chhattisgarh,Typhoid,1
2021,11,Gujarat,Asthma,1
2021,11,Gujarat,Cholera,1
2021,11,Gujarat,Chronic Kidney Disease,3
2021,11,Gujarat,Depression,1
2021,11,Gujarat,Diarrhea,1
2021,11,Gujarat,Gastroenteritis,1
2021,11,Gujarat,Heart Disease,1
2021,11,Gujarat,Hepatitis B,1
2021,11,Gujarat,Japanese Encephalitis,1
2021,11,Gujarat,Leptospirosis,1
2021,11,Gujarat,Pneumonia,1
2021,11,Haryana,Japanese Encephalitis,1
2021,11,Haryana,Jaundice (Hepatitis A),1
2021,11,Himachal Pradesh,Anxiety Disorder,1
2021,11,Himachal Pradesh,Asthma,1
2021,11,Himachal Pradesh,Stroke,1
2021,11,Jammu and Kashmir,Chikungunya,1
2021,11,Jammu and Kashmir,Hypertension,1
2021,11,Jammu and Kashmir,Pneumonia,1
2021,11,Jharkhand,Asthma,1
2021,11,Jharkhand,COVID-19,2
2021,11,Jharkhand,Leptospirosis,1
2021,11,Jharkhand,Stroke,1
2021,11,Karnataka,Anxiety Disorder,1
2021,11,Karnataka,Asthma,2
2021,11,Karnataka,COVID-19,1
2021,11,Karnataka,Chronic Kidney Disease,1
2021,11,Karnataka,Diarrhea,1
2021,11,Karnataka,Filariasis,1
2021,11,Karnataka,Hepatitis B,2
2021,11,Karnataka,Oral Cancer,1
2021,11,Karnataka,Sickle Cell Anemia,1
2021,11,Karnataka,Swine Flu (H1N1),3
2021,11,Kerala,Anxiety Disorder,1
2021,11,Kerala,Asthma,1
2021,11,Kerala,COPD,1
2021,11,Kerala,Filariasis,1
2021,11,Kerala,Hypertension,1
2021,11,Kerala,Lung Cancer,1
2021,11,Kerala,Oral Cancer,1
2021,11,Kerala,Thalassemia,1
2021,11,Madhya Pradesh,COPD,1
2021,11,Madhya Pradesh,COVID-19,1
2021,11,Madhya Pradesh,Chronic Kidney Disease,2
2021,11,Madhya Pradesh,Filariasis,2
2021,11,Madhya Pradesh,HIV/AIDS,2
2021,11,Madhya Pradesh,Heart Disease,1
2021,11,Madhya Pradesh,Hepatitis B,1
2021,11,Madhya Pradesh,Hypertension,1
2021,11,Madhya Pradesh,Kala-Azar,1
2021,11,Madhya Pradesh,Malaria,3
2021,11,Madhya Pradesh,Pneumonia,1
2021,11,Madhya Pradesh,Swine Flu (H1N1),1
2021,11,Madhya Pradesh,Typhoid,1
2021,11,Maharashtra,Anxiety Disorder,1
2021,11,Maharashtra,Breast Cancer,2
2021,11,Maharashtra,COPD,5
2021,11,Maharashtra,COVID-19,5
2021,11,Maharashtra,Dengue,1
2021,11,Maharashtra,Depression,2
2021,11,Maharashtra,Diabetes (Type 2),1
2021,11,Maharashtra,Malaria,1
2021,11,Maharashtra,Pneumonia,2
2021,11,Maharashtra,Sickle Cell Anemia,1
2021,11,Maharashtra,Stroke,1
2021,11,Maharashtra,Swine Flu (H1N1),2
2021,11,Maharashtra,Thalassemia,1
2021,11,Maharashtra,Typhoid,2
2021,11,Manipur,HIV/AIDS,1
2021,11,Meghalaya,COPD,1
2021,11,NCT of Delhi,COPD,1
2021,11,NCT of Delhi,Lung Cancer,1
2021,11,Nagaland,Japanese Encephalitis,1
2021,11,Odisha,Chikungunya,1
2021,11,Odisha,Kala-Azar,1
2021,11,Odisha,Leptospirosis,1
2021,11,Odisha,Malaria,1
2021,11,Odisha,Oral Cancer,1
2021,11,Odisha,Pneumonia,1
2021,11,Odisha,Thalassemia,1
2021,11,Odisha,Typhoid,1
2021,11,Punjab,Asthma,1
2021,11,Punjab,Diarrhea,1
2021,11,Punjab,Pneumonia,1
2021,11,Rajasthan,Asthma,2
2021,11,Rajasthan,COPD,2
2021,11,Rajasthan,Depression,1
2021,11,Rajasthan,Diabetes (Type 2),1
2021,11,Rajasthan,Hepatitis B,1
2021,11,Rajasthan,Hypertension,2
2021,11,Rajasthan,Kala-Azar,1
2021,11,Rajasthan,Swine Flu (H1N1),2
2021,11,Rajasthan,Tuberculosis,1
2021,11,Tamil Nadu,Asthma,3
2021,11,Tamil Nadu,COPD,1
2021,11,Tamil Nadu,COVID-19,1
2021,11,Tamil Nadu,Kala-Azar,1
2021,11,Tamil Nadu,Lung Cancer,1
2021,11,Tamil Nadu,Oral Cancer,1
2021,11,Tamil Nadu,Pneumonia,1
2021,11,Tamil Nadu,Swine Flu (H1N1),1
2021,11,Tamil Nadu,Typhoid,1
2021,11,Telangana,Anxiety Disorder,1
2021,11,Telangana,COVID-19,1
2021,11,Telangana,Hepatitis B,1
2021,11,Telangana,Sickle Cell Anemia,1
2021,11,Telangana,Typhoid,1
2021,11,Uttar Pradesh,Asthma,1
2021,11,Uttar Pradesh,Breast Cancer,1
2021,11,Uttar Pradesh,COPD,5
2021,11,Uttar Pradesh,COVID-19,2
2021,11,Uttar Pradesh,Cholera,1
2021,11,Uttar Pradesh,Chronic Kidney Disease,3
2021,11,Uttar Pradesh,Depression,2
2021,11,Uttar Pradesh,Diabetes (Type 2),3
2021,11,Uttar Pradesh,Filariasis,1
2021,11,Uttar Pradesh,Gastroenteritis,1
2021,11,Uttar Pradesh,Hepatitis B,2
2021,11,Uttar Pradesh,Hypertension,1
2021,11,Uttar Pradesh,Japanese Encephalitis,2
2021,11,Uttar Pradesh,Oral Cancer,2
2021,11,Uttar Pradesh,Pneumonia,2
2021,11,Uttar Pradesh,Sickle Cell Anemia,1
2021,11,Uttar Pradesh,Stroke,1
2021,11,Uttar Pradesh,Swine Flu (H1N1),3
2021,11,Uttar Pradesh,Thalassemia,1
2021,11,Uttar Pradesh,Typhoid,1
2021,11,Uttarakhand,COVID-19,1
2021,11,West Bengal,COPD,2
2021,11,West Bengal,COVID-19,1
2021,11,West Bengal,Gastroenteritis,1
2021,11,West Bengal,Oral Cancer,1
2021,11,West Bengal,Pneumonia,2
2021,11,West Bengal,Swine Flu (H1N1),1
2021,11,West Bengal,Thalassemia,1
2021,12,Andaman and Nicobar Islands,Tuberculosis,1
2021,12,Andhra Pradesh,COVID-19,1
2021,12,Andhra Pradesh,Dengue,1
2021,12,Andhra Pradesh,Filariasis,1
2021,12,Andhra Pradesh,Pneumonia,2
2021,12,Assam,COPD,1
2021,12,Assam,COVID-19,1
2021,12,Assam,Gastroenteritis,1
2021,12,Assam,HIV/AIDS,1
2021,12,Assam,Hepatitis B,1
2021,12,Assam,Japanese Encephalitis,1
2021,12,Assam,Pneumonia,1
2021,12,Assam,Sickle Cell Anemia,1
2021,12,Bihar,Breast Cancer,1
2021,12,Bihar,COPD,2
2021,12,Bihar,COVID-19,2
2021,12,Bihar,Chronic Kidney Disease,1
2021,12,Bihar,Diabetes (Type 2),3
2021,12,Bihar,Diarrhea,1
2021,12,Bihar,Heart Disease,1
2021,12,Bihar,Japanese Encephalitis,1
2021,12,Bihar,Malaria,1
2021,12,Bihar,Pneumonia,2
2021,12,Bihar,Swine Flu (H1N1),1
2021,12,Bihar,Tuberculosis,2
2021,12,Chhattisgarh,COVID-19,2
2021,12,Chhattisgarh,Hypertension,1
2021,12,Chhattisgarh,Japanese Encephalitis,1
2021,12,Chhattisgarh,Jaundice (Hepatitis A),1
2021,12,Chhattisgarh,Kala-Azar,1
2021,12,Chhattisgarh,Sickle Cell Anemia,1
2021,12,Chhattisgarh,Swine Flu (H1N1),3
2021,12,Chhattisgarh,Typhoid,2
2021,12,Goa,Swine Flu (H1N1),1
2021,12,Gujarat,COPD,1
2021,12,Gujarat,Dengue,1
2021,12,Gujarat,Filariasis,1
2021,12,Gujarat,Heart Disease,1
2021,12,Gujarat,Japanese Encephalitis,1
2021,12,Gujarat,Jaundice (Hepatitis A),1
2021,12,Gujarat,Malaria,1
2021,12,Gujarat,Pneumonia,1
2021,12,Gujarat,Sickle Cell Anemia,1
2021,12,Gujarat,Stroke,2
2021,12,Haryana,Asthma,2
2021,12,Haryana,Leptospirosis,1
2021,12,Haryana,Lung Cancer,1
2021,12,Haryana,Oral Cancer,1
2021,12,Haryana,Pneumonia,2
2021,12,Haryana,Swine Flu (H1N1),1
2021,12,Haryana,Typhoid,1
2021,12,Himachal Pradesh,Diabetes (Type 2),1
2021,12,Himachal Pradesh,Heart Disease,1
2021,12,Himachal Pradesh,Jaundice (Hepatitis A),1
2021,12,Jammu and Kashmir,COVID-19,1
2021,12,Jharkhand,COPD,1
2021,12,Jharkhand,Filariasis,1
2021,12,Jharkhand,Malaria,1
2021,12,Jharkhand,Typhoid,1
2021,12,Karnataka,Anxiety Disorder,2
2021,12,Karnataka,Asthma,1
2021,12,Karnataka,Breast Cancer,1
2021,12,Karnataka,COPD,2
2021,12,Karnataka,Filariasis,2
2021,12,Karnataka,HIV/AIDS,1
2021,12,Karnataka,Malaria,1
2021,12,Karnataka,Stroke,1
2021,12,Kerala,Breast Cancer,1
2021,12,Kerala,COVID-19,1
2021,12,Kerala,HIV/AIDS,1
2021,12,Kerala,Heart Disease,1
2021,12,Kerala,Pneumonia,4
2021,12,Madhya Pradesh,Asthma,1
2021,12,Madhya Pradesh,COPD,2
2021,12,Madhya Pradesh,COVID-19,1
2021,12,Madhya Pradesh,Diabetes (Type 2),1
2021,12,Madhya Pradesh,Filariasis,1
2021,12,Madhya Pradesh,Kala-Azar,2
2021,12,Madhya Pradesh,Lung Cancer,1
2021,12,Madhya Pradesh,Malaria,1
2021,12,Madhya Pradesh,Pneumonia,1
2021,12,Madhya Pradesh,Sickle Cell Anemia,1
2021,12,Madhya Pradesh,Stroke,1
2021,12,Madhya Pradesh,Swine Flu (H1N1),2
2021,12,Madhya Pradesh,Typhoid,1
2021,12,Maharashtra,Anxiety Disorder,1
2021,12,Maharashtra,Asthma,3
2021,12,Maharashtra,Breast Cancer,1
2021,12,Maharashtra,Chronic Kidney Disease,1
2021,12,Maharashtra,Diarrhea,2
2021,12,Maharashtra,Filariasis,1
2021,12,Maharashtra,HIV/AIDS,5
2021,12,Maharashtra,Lung Cancer,1
2021,12,Maharashtra,Pneumonia,3
2021,12,Maharashtra,Swine Flu (H1N1),1
2021,12,Maharashtra,Thalassemia,2
2021,12,Maharashtra,Tuberculosis,2
2021,12,Manipur,Pneumonia,1
2021,12,Manipur,Sickle Cell Anemia,1
2021,12,Meghalaya,Thalassemia,1
2021,12,Mizoram,Asthma,1
2021,12,Mizoram,Cholera,1
2021,12,NCT of Delhi,Diarrhea,1
2021,12,NCT of Delhi,Pneumonia,1
2021,12,NCT of Delhi,Tuberculosis,1
2021,12,Odisha,Asthma,2
2021,12,Odisha,Breast Cancer,1
2021,12,Odisha,COPD,1
2021,12,Odisha,Heart Disease,1
2021,12,Odisha,Pneumonia,1
2021,12,Odisha,Typhoid,1
2021,12,Punjab,Filariasis,1
2021,12,Punjab,Oral Cancer,1
2021,12,Punjab,Swine Flu (H1N1),2
2021,12,Punjab,Typhoid,1
2021,12,Rajasthan,Asthma,1
2021,12,Rajasthan,Chronic Kidney Disease,1
2021,12,Rajasthan,Diabetes (Type 2),1
2021,12,Rajasthan,Filariasis,1
2021,12,Rajasthan,HIV/AIDS,1
2021,12,Rajasthan,Kala-Azar,2
2021,12,Rajasthan,Pneumonia,1
2021,12,Rajasthan,Stroke,2
2021,12,Rajasthan,Swine Flu (H1N1),1
2021,12,Tamil Nadu,Anxiety Disorder,1
2021,12,Tamil Nadu,Asthma,1
2021,12,Tamil Nadu,COPD,2
2021,12,Tamil Nadu,COVID-19,1
2021,12,Tamil Nadu,Diabetes (Type 2),2
2021,12,Tamil Nadu,Filariasis,1
2021,12,Tamil Nadu,Hepatitis B,1
2021,12,Tamil Nadu,Kala-Azar,2
2021,12,Tamil Nadu,Pneumonia,1
2021,12,Tamil Nadu,Thalassemia,1
2021,12,Telangana,Anxiety Disorder,1
2021,12,Telangana,Asthma,3
2021,12,Telangana,Chronic Kidney Disease,1
2021,12,Telangana,Diabetes (Type 2),1
2021,12,Telangana,Diarrhea,1
2021,12,Telangana,Heart Disease,1
2021,12,Telangana,Hypertension,1
2021,12,Telangana,Lung Cancer,1
2021,12,Telangana,Malaria,1
2021,12,Telangana,Swine Flu (H1N1),1
2021,12,Tripura,Asthma,1
2021,12,Uttar Pradesh,Asthma,3
2021,12,Uttar Pradesh,Breast Cancer,1
2021,12,Uttar Pradesh,COVID-19,3
2021,12,Uttar Pradesh,Chronic Kidney Disease,2
2021,12,Uttar Pradesh,HIV/AIDS,2
2021,12,Uttar Pradesh,Hepatitis B,1
2021,12,Uttar Pradesh,Hypertension,1
2021,12,Uttar Pradesh,Japanese Encephalitis,1
2021,12,Uttar Pradesh,Kala-Azar,2
2021,12,Uttar Pradesh,Malaria,1
2021,12,Uttar Pradesh,Sickle Cell Anemia,1
2021,12,Uttar Pradesh,Stroke,2
2021,12,Uttar Pradesh,Swine Flu (H1N1),1
2021,12,Uttar Pradesh,Thalassemia,1
2021,12,Uttar Pradesh,Tuberculosis,1
2021,12,Uttar Pradesh,Typhoid,2
2021,12,West Bengal,Anxiety Disorder,1
2021,12,West Bengal,Asthma,2
2021,12,West Bengal,Breast Cancer,1
2021,12,West Bengal,COPD,1
2021,12,West Bengal,Chikungunya,1
2021,12,West Bengal,Cholera,1
2021,12,West Bengal,Diabetes (Type 2),1
2021,12,West Bengal,Filariasis,1
2021,12,West Bengal,Heart Disease,1
2021,12,West Bengal,Hypertension,1
2021,12,West Bengal,Lung Cancer,1
2021,12,West Bengal,Malaria,1
2021,12,West Bengal,Oral Cancer,1
2021,12,West Bengal,Pneumonia,2
2021,12,West Bengal,Swine Flu (H1N1),1
2022,1,Andhra Pradesh,Breast Cancer,1
2022,1,Andhra Pradesh,COPD,1
2022,1,Andhra Pradesh,COVID-19,1
2022,1,Andhra Pradesh,Diabetes (Type 2),1
2022,1,Andhra Pradesh,HIV/AIDS,1
2022,1,Andhra Pradesh,Kala-Azar,2
2022,1,Andhra Pradesh,Lung Cancer,1
2022,1,Andhra Pradesh,Sickle Cell Anemia,1
2022,1,Andhra Pradesh,Stroke,2
2022,1,Andhra Pradesh,Swine Flu (H1N1),1
2022,1,Andhra Pradesh,Tuberculosis,2
2022,1,Arunachal Pradesh,Kala-Azar,1
2022,1,Arunachal Pradesh,Thalassemia,1
2022,1,Assam,Filariasis,1
2022,1,Assam,Gastroenteritis,1
2022,1,Assam,Heart Disease,1
2022,1,Assam,Japanese Encephalitis,1
2022,1,Assam,Swine Flu (H1N1),1
2022,1,Bihar,Anxiety Disorder,1
2022,1,Bihar,COPD,1
2022,1,Bihar,Chronic Kidney Disease,2
2022,1,Bihar,Dengue,1
2022,1,Bihar,Hepatitis B,1
2022,1,Bihar,Japanese Encephalitis,1
2022,1,Bihar,Lung Cancer,1
2022,1,Bihar,Oral Cancer,1
2022,1,Bihar,Sickle Cell Anemia,1
2022,1,Bihar,Typhoid,1
2022,1,Chhattisgarh,COPD,1
2022,1,Chhattisgarh,Depression,1
2022,1,Chhattisgarh,Filariasis,1
2022,1,Chhattisgarh,Sickle Cell Anemia,1
2022,1,Chhattisgarh,Tuberculosis,1
2022,1,Goa,Swine Flu (H1N1),1
2022,1,Gujarat,COPD,2
2022,1,Gujarat,COVID-19,2
2022,1,Gujarat,Depression,1
2022,1,Gujarat,Diarrhea,1
2022,1,Gujarat,Japanese Encephalitis,3
2022,1,Gujarat,Malaria,1
2022,1,Gujarat,Sickle Cell Anemia,1
2022,1,Gujarat,Thalassemia,1
2022,1,Haryana,Filariasis,1
2022,1,Haryana,Hepatitis B,2
2022,1,Jammu and Kashmir,Asthma,1
2022,1,Jammu and Kashmir,Cholera,1
2022,1,Jharkhand,Breast Cancer,1
2022,1,Jharkhand,COVID-19,1
2022,1,Jharkhand,Chronic Kidney Disease,1
2022,1,Jharkhand,Hypertension,1
2022,1,Jharkhand,Japanese Encephalitis,1
2022,1,Jharkhand,Lung Cancer,1
2022,1,Jharkhand,Malaria,1
2022,1,Jharkhand,Sickle Cell Anemia,1
2022,1,Jharkhand,Stroke,1
2022,1,Jharkhand,Thalassemia,1
2022,1,Karnataka,Anxiety Disorder,2
2022,1,Karnataka,COPD,2
2022,1,Karnataka,Chronic Kidney Disease,1
2022,1,Karnataka,Diarrhea,1
2022,1,Karnataka,HIV/AIDS,1
2022,1,Karnataka,Hepatitis B,1
2022,1,Karnataka,Jaundice (Hepatitis A),1
2022,1,Karnataka,Malaria,1
2022,1,Karnataka,Oral Cancer,1
2022,1,Kerala,Gastroenteritis,1
2022,1,Kerala,Leptospirosis,1
2022,1,Kerala,Malaria,1
2022,1,Kerala,Sickle Cell Anemia,1
2022,1,Kerala,Thalassemia,1
2022,1,Madhya Pradesh,Asthma,2
2022,1,Madhya Pradesh,COPD,2
2022,1,Madhya Pradesh,COVID-19,2
2022,1,Madhya Pradesh,Chikungunya,1
2022,1,Madhya Pradesh,Depression,2
2022,1,Madhya Pradesh,Filariasis,2
2022,1,Madhya Pradesh,Hypertension,1
2022,1,Madhya Pradesh,Japanese Encephalitis,1
2022,1,Madhya Pradesh,Lung Cancer,1
2022,1,Madhya Pradesh,Oral Cancer,3
2022,1,Madhya Pradesh,Pneumonia,2
2022,1,Madhya Pradesh,Sickle Cell Anemia,1
2022,1,Madhya Pradesh,Swine Flu (H1N1),2
2022,1,Madhya Pradesh,Tuberculosis,1
2022,1,Maharashtra,Asthma,1
2022,1,Maharashtra,COPD,2
2022,1,Maharashtra,COVID-19,2
2022,1,Maharashtra,Chikungunya,1
2022,1,Maharashtra,Depression,2
2022,1,Maharashtra,Diabetes (Type 2),2
2022,1,Maharashtra,Filariasis,1
2022,1,Maharashtra,Hepatitis B,3
2022,1,Maharashtra,Hypertension,1
2022,1,Maharashtra,Japanese Encephalitis,1
2022,1,Maharashtra,Kala-Azar,1
2022,1,Maharashtra,Oral Cancer,2
2022,1,Maharashtra,Pneumonia,4
2022,1,Maharashtra,Sickle Cell Anemia,1
2022,1,Maharashtra,Stroke,1
2022,1,Maharashtra,Swine Flu (H1N1),4
2022,1,Maharashtra,Thalassemia,2
2022,1,Meghalaya,Diabetes (Type 2),1
2022,1,Meghalaya,Stroke,1
2022,1,NCT of Delhi,COVID-19,1
2022,1,NCT of Delhi,Chronic Kidney Disease,1
2022,1,NCT of Delhi,Diarrhea,1
2022,1,Nagaland,Cholera,1
2022,1,Odisha,Chronic Kidney Disease,1
2022,1,Odisha,Diarrhea,1
2022,1,Odisha,Heart Disease,1
2022,1,Odisha,Hypertension,1
2022,1,Odisha,Kala-Azar,1
2022,1,Odisha,Oral Cancer,1
2022,1,Odisha,Pneumonia,1
2022,1,Odisha,Typhoid,1
2022,1,Punjab,Pneumonia,1
2022,1,Rajasthan,Asthma,1
2022,1,Rajasthan,Chronic Kidney Disease,1
2022,1,Rajasthan,Diabetes (Type 2),1
2022,1,Rajasthan,Filariasis,1
2022,1,Rajasthan,Heart Disease,1
2022,1,Rajasthan,Hypertension,1
2022,1,Rajasthan,Jaundice (Hepatitis A),1
2022,1,Rajasthan,Pneumonia,1
2022,1,Rajasthan,Thalassemia,1
2022,1,Tamil Nadu,Asthma,1
2022,1,Tamil Nadu,Breast Cancer,2
2022,1,Tamil Nadu,COPD,1
2022,1,Tamil Nadu,COVID-19,1
2022,1,Tamil Nadu,Chikungunya,1
2022,1,Tamil Nadu,Chronic Kidney Disease,1
2022,1,Tamil Nadu,Diarrhea,1
2022,1,Tamil Nadu,Hypertension,1
2022,1,Tamil Nadu,Lung Cancer,1
2022,1,Tamil Nadu,Pneumonia,1
2022,1,Telangana,Asthma,2
2022,1,Telangana,Breast Cancer,1
2022,1,Telangana,COPD,1
2022,1,Telangana,Chronic Kidney Disease,1
2022,1,Telangana,Diabetes (Type 2),1
2022,1,Telangana,Japanese Encephalitis,1
2022,1,Telangana,Pneumonia,1
2022,1,Telangana,Swine Flu (H1N1),1
2022,1,Telangana,Thalassemia,2
2022,1,Telangana,Typhoid,1
2022,1,Tripura,Anxiety Disorder,1
2022,1,Tripura,Gastroenteritis,1
2022,1,Uttar Pradesh,Asthma,1
2022,1,Uttar Pradesh,COPD,3
2022,1,Uttar Pradesh,COVID-19,1
2022,1,Uttar Pradesh,Chikungunya,1
2022,1,Uttar Pradesh,Chronic Kidney Disease,2
2022,1,Uttar Pradesh,Dengue,1
2022,1,Uttar Pradesh,Depression,1
2022,1,Uttar Pradesh,Diarrhea,1
2022,1,Uttar Pradesh,HIV/AIDS,3
2022,1,Uttar Pradesh,Hypertension,2
2022,1,Uttar Pradesh,Japanese Encephalitis,1
2022,1,Uttar Pradesh,Jaundice (Hepatitis A),2
2022,1,Uttar Pradesh,Lung Cancer,2
2022,1,Uttar Pradesh,Oral Cancer,1
2022,1,Uttar Pradesh,Pneumonia,1
2022,1,Uttar Pradesh,Sickle Cell Anemia,1
2022,1,Uttar Pradesh,Swine Flu (H1N1),2
2022,1,Uttar Pradesh,Thalassemia,2
2022,1,Uttar Pradesh,Tuberculosis,1
2022,1,Uttar Pradesh,Typhoid,2
2022,1,Uttarakhand,Diarrhea,1
2022,1,Uttarakhand,Filariasis,1
2022,1,Uttarakhand,Typhoid,1
2022,1,West Bengal,COVID-19,2
2022,1,West Bengal,Depression,1
2022,1,West Bengal,Diarrhea,2
2022,1,West Bengal,HIV/AIDS,1
2022,1,West Bengal,Japanese Encephalitis,1
2022,1,West Bengal,Pneumonia,1
2022,1,West Bengal,Swine Flu (H1N1),1
2022,2,Andhra Pradesh,Chikungunya,1
2022,2,Andhra Pradesh,Diabetes (Type 2),1
2022,2,Andhra Pradesh,Japanese Encephalitis,1
2022,2,Andhra Pradesh,Oral Cancer,1
2022,2,Andhra Pradesh,Typhoid,1
2022,2,Arunachal Pradesh,Breast Cancer,1
2022,2,Arunachal Pradesh,COPD,1
2022,2,Arunachal Pradesh,Kala-Azar,1
2022,2,Assam,Asthma,1
2022,2,Assam,COPD,1
2022,2,Assam,COVID-19,1
2022,2,Assam,Lung Cancer,1
2022,2,Assam,Oral Cancer,1
2022,2,Assam,Swine Flu (H1N1),1
2022,2,Assam,Typhoid,1
2022,2,Bihar,Asthma,2
2022,2,Bihar,COVID-19,4
2022,2,Bihar,Dengue,1
2022,2,Bihar,Diabetes (Type 2),2
2022,2,Bihar,Diarrhea,2
2022,2,Bihar,Filariasis,1
2022,2,Bihar,HIV/AIDS,1
2022,2,Bihar,Heart Disease,1
2022,2,Bihar,Hepatitis B,1
2022,2,Bihar,Lung Cancer,1
2022,2,Bihar,Oral Cancer,1
2022,2,Bihar,Pneumonia,1
2022,2,Bihar,Sickle Cell Anemia,1
2022,2,Bihar,Swine Flu (H1N1),1
2022,2,Chandigarh,Stroke,1
2022,2,Chhattisgarh,COVID-19,1
2022,2,Chhattisgarh,HIV/AIDS,1
2022,2,Chhattisgarh,Hepatitis B,1
2022,2,Goa,Jaundice (Hepatitis A),1
2022,2,Gujarat,Anxiety Disorder,2
2022,2,Gujarat,Asthma,2
2022,2,Gujarat,Depression,1
2022,2,Gujarat,Diabetes (Type 2),1
2022,2,Gujarat,Filariasis,1
2022,2,Gujarat,Hypertension,1
2022,2,Gujarat,Leptospirosis,1
2022,2,Gujarat,Lung Cancer,1
2022,2,Gujarat,Swine Flu (H1N1),1
2022,2,Gujarat,Thalassemia,1
2022,2,Gujarat,Tuberculosis,1
2022,2,Gujarat,Typhoid,1
2022,2,Haryana,COPD,1
2022,2,Haryana,Swine Flu (H1N1),2
2022,2,Haryana,Tuberculosis,1
2022,2,Himachal Pradesh,Heart Disease,1
2022,2,Himachal Pradesh,Hypertension,1
2022,2,Himachal Pradesh,Japanese Encephalitis,1
2022,2,Himachal Pradesh,Pneumonia,1
2022,2,Jammu and Kashmir,Asthma,1
2022,2,Jammu and Kashmir,Lung Cancer,1
2022,2,Jharkhand,COPD,1
2022,2,Jharkhand,Chronic Kidney Disease,1
2022,2,Jharkhand,HIV/AIDS,2
2022,2,Jharkhand,Lung Cancer,1
2022,2,Jharkhand,Pneumonia,1
2022,2,Jharkhand,Stroke,1
2022,2,Karnataka,Asthma,1
2022,2,Karnataka,COPD,1
2022,2,Karnataka,Gastroenteritis,1
2022,2,Karnataka,Swine Flu (H1N1),1
2022,2,Kerala,Asthma,1
2022,2,Kerala,Chronic Kidney Disease,1
2022,2,Kerala,Gastroenteritis,1
2022,2,Kerala,HIV/AIDS,1
2022,2,Kerala,Hepatitis B,1
2022,2,Kerala,Oral Cancer,1
2022,2,Madhya Pradesh,Anxiety Disorder,3
2022,2,Madhya Pradesh,Asthma,2
2022,2,Madhya Pradesh,Breast Cancer,2
2022,2,Madhya Pradesh,COPD,1
2022,2,Madhya Pradesh,Heart Disease,1
2022,2,Madhya Pradesh,Sickle Cell Anemia,1
2022,2,Madhya Pradesh,Stroke,2
2022,2,Maharashtra,Asthma,1
2022,2,Maharashtra,COVID-19,3
2022,2,Maharashtra,Chikungunya,1
2022,2,Maharashtra,Diarrhea,1
2022,2,Maharashtra,Jaundice (Hepatitis A),1
2022,2,Maharashtra,Kala-Azar,1
2022,2,Maharashtra,Lung Cancer,1
2022,2,Maharashtra,Oral Cancer,1
2022,2,Maharashtra,Pneumonia,2
2022,2,Maharashtra,Swine Flu (H1N1),1
2022,2,Maharashtra,Tuberculosis,1
2022,2,NCT of Delhi,COVID-19,1
2022,2,NCT of Delhi,Lung Cancer,1
2022,2,Nagaland,Asthma,1
2022,2,Nagaland,Depression,1
2022,2,Nagaland,HIV/AIDS,1
2022,2,Odisha,Diabetes (Type 2),1
2022,2,Odisha,Diarrhea,1
2022,2,Odisha,Japanese Encephalitis,1
2022,2,Odisha,Lung Cancer,1
2022,2,Odisha,Tuberculosis,1
2022,2,Punjab,Asthma,1
2022,2,Punjab,COVID-19,1
2022,2,Punjab,Chikungunya,1
2022,2,Punjab,Hypertension,1
2022,2,Punjab,Stroke,2
2022,2,Rajasthan,Chronic Kidney Disease,1
2022,2,Rajasthan,Oral Cancer,1
2022,2,Rajasthan,Thalassemia,1
2022,2,Rajasthan,Typhoid,1
2022,2,Tamil Nadu,Anxiety Disorder,1
2022,2,Tamil Nadu,Breast Cancer,1
2022,2,Tamil Nadu,COVID-19,1
2022,2,Tamil Nadu,Chronic Kidney Disease,1
2022,2,Tamil Nadu,Filariasis,1
2022,2,Tamil Nadu,Hypertension,1
2022,2,Tamil Nadu,Stroke,1
2022,2,Tamil Nadu,Swine Flu (H1N1),1
2022,2,Tamil Nadu,Tuberculosis,1
2022,2,Tamil Nadu,Typhoid,1
2022,2,Telangana,Breast Cancer,1
2022,2,Telangana,COPD,1
2022,2,Telangana,COVID-19,1
2022,2,Telangana,Diarrhea,1
2022,2,Telangana,Japanese Encephalitis,1
2022,2,Telangana,Pneumonia,1
2022,2,Telangana,Sickle Cell Anemia,1
2022,2,Tripura,COPD,1
2022,2,Tripura,Depression,1
2022,2,Uttar Pradesh,Asthma,1
2022,2,Uttar Pradesh,COPD,4
2022,2,Uttar Pradesh,COVID-19,1
2022,2,Uttar Pradesh,Chikungunya,2
2022,2,Uttar Pradesh,Gastroenteritis,2
2022,2,Uttar Pradesh,HIV/AIDS,1
2022,2,Uttar Pradesh,Hepatitis B,2
2022,2,Uttar Pradesh,Hypertension,1
2022,2,Uttar Pradesh,Kala-Azar,1
2022,2,Uttar Pradesh,Leptospirosis,1
2022,2,Uttar Pradesh,Oral Cancer,2
2022,2,Uttar Pradesh,Stroke,3
2022,2,Uttar Pradesh,Swine Flu (H1N1),1
2022,2,Uttar Pradesh,Thalassemia,1
2022,2,Uttar Pradesh,Tuberculosis,1
2022,2,Uttar Pradesh,Typhoid,1
2022,2,Uttarakhand,Asthma,1
2022,2,Uttarakhand,Lung Cancer,1
2022,2,West Bengal,Breast Cancer,1
2022,2,West Bengal,COPD,1
2022,2,West Bengal,COVID-19,1
2022,2,West Bengal,Chronic Kidney Disease,1
2022,2,West Bengal,Diarrhea,1
2022,2,West Bengal,Filariasis,1
2022,2,West Bengal,Kala-Azar,1
2022,2,West Bengal,Pneumonia,1
2022,2,West Bengal,Stroke,1
2022,2,West Bengal,Swine Flu (H1N1),1
2022,3,Andhra Pradesh,Anxiety Disorder,2
2022,3,Andhra Pradesh,Breast Cancer,1
2022,3,Andhra Pradesh,Lung Cancer,2
2022,3,Andhra Pradesh,Oral Cancer,2
2022,3,Andhra Pradesh,Stroke,1
2022,3,Assam,Filariasis,1
2022,3,Assam,Thalassemia,1
2022,3,Bihar,Breast Cancer,2
2022,3,Bihar,COPD,1
2022,3,Bihar,Diabetes (Type 2),1
2022,3,Bihar,Filariasis,1
2022,3,Bihar,HIV/AIDS,2
2022,3,Bihar,Heart Disease,2
2022,3,Bihar,Kala-Azar,1
2022,3,Bihar,Leptospirosis,1
2022,3,Bihar,Oral Cancer,1
2022,3,Bihar,Tuberculosis,2
2022,3,Bihar,Typhoid,1
2022,3,Chandigarh,Tuberculosis,1
2022,3,Chhattisgarh,Diabetes (Type 2),1
2022,3,Chhattisgarh,Filariasis,1
2022,3,Chhattisgarh,Heart Disease,1
2022,3,Chhattisgarh,Hepatitis B,1
2022,3,Chhattisgarh,Kala-Azar,1
2022,3,Chhattisgarh,Tuberculosis,1
2022,3,Goa,Gastroenteritis,1
2022,3,Goa,Pneumonia,1
2022,3,Goa,Swine Flu (H1N1),1
2022,3,Gujarat,Depression,1
2022,3,Gujarat,Kala-Azar,1
2022,3,Gujarat,Thalassemia,1
2022,3,Haryana,Breast Cancer,1
2022,3,Haryana,Diabetes (Type 2),1
2022,3,Haryana,Jaundice (Hepatitis A),1
2022,3,Jammu and Kashmir,Breast Cancer,1
2022,3,Jammu and Kashmir,Gastroenteritis,1
2022,3,Jammu and Kashmir,Sickle Cell Anemia,1
2022,3,Jharkhand,Kala-Azar,1
2022,3,Jharkhand,Tuberculosis,1
2022,3,Karnataka,Anxiety Disorder,2
2022,3,Karnataka,Oral Cancer,1
2022,3,Karnataka,Sickle Cell Anemia,1
2022,3,Karnataka,Tuberculosis,1
2022,3,Kerala,Kala-Azar,1
2022,3,Kerala,Stroke,1
2022,3,Madhya Pradesh,Breast Cancer,2
2022,3,Madhya Pradesh,Chikungunya,1
2022,3,Madhya Pradesh,Depression,1
2022,3,Madhya Pradesh,Diabetes (Type 2),2
2022,3,Madhya Pradesh,Diarrhea,3
2022,3,Madhya Pradesh,HIV/AIDS,1
2022,3,Madhya Pradesh,Hypertension,1
2022,3,Madhya Pradesh,Pneumonia,1
2022,3,Madhya Pradesh,Stroke,1
2022,3,Maharashtra,COVID-19,2
2022,3,Maharashtra,Chronic Kidney Disease,1
2022,3,Maharashtra,Filariasis,1
2022,3,Maharashtra,HIV/AIDS,1
2022,3,Maharashtra,Heart Disease,1
2022,3,Maharashtra,Kala-Azar,1
2022,3,Maharashtra,Oral Cancer,1
2022,3,Maharashtra,Swine Flu (H1N1),1
2022,3,NCT of Delhi,Chronic Kidney Disease,1
2022,3,NCT of Delhi,Diabetes (Type 2),2
2022,3,NCT of Delhi,Stroke,1
2022,3,Nagaland,Diarrhea,1
2022,3,Odisha,Anxiety Disorder,1
2022,3,Odisha,Gastroenteritis,1
2022,3,Odisha,HIV/AIDS,2
2022,3,Odisha,Kala-Azar,1
2022,3,Odisha,Stroke,1
2022,3,Punjab,Dengue,1
2022,3,Punjab,Hepatitis B,1
2022,3,Punjab,Hypertension,1
2022,3,Rajasthan,Anxiety Disorder,2
2022,3,Rajasthan,Asthma,1
2022,3,Rajasthan,Breast Cancer,1
2022,3,Rajasthan,Chronic Kidney Disease,2
2022,3,Rajasthan,Diabetes (Type 2),1
2022,3,Rajasthan,Filariasis,1
2022,3,Rajasthan,Gastroenteritis,1
2022,3,Rajasthan,HIV/AIDS,2
2022,3,Rajasthan,Japanese Encephalitis,1
2022,3,Tamil Nadu,Anxiety Disorder,2
2022,3,Tamil Nadu,Asthma,1
2022,3,Tamil Nadu,Hypertension,1
2022,3,Tamil Nadu,Japanese Encephalitis,1
2022,3,Tamil Nadu,Kala-Azar,1
2022,3,Tamil Nadu,Lung Cancer,1
2022,3,Tamil Nadu,Oral Cancer,1
2022,3,Tamil Nadu,Sickle Cell Anemia,1
2022,3,Tamil Nadu,Stroke,2
2022,3,Telangana,Anxiety Disorder,1
2022,3,Telangana,Depression,1
2022,3,Telangana,Diarrhea,1
2022,3,Telangana,HIV/AIDS,2
2022,3,Telangana,Typhoid,1
2022,3,Uttar Pradesh,Anxiety Disorder,3
2022,3,Uttar Pradesh,COPD,1
2022,3,Uttar Pradesh,Chikungunya,2
2022,3,Uttar Pradesh,Chronic Kidney Disease,1
2022,3,Uttar Pradesh,Depression,3
2022,3,Uttar Pradesh,Diabetes (Type 2),2
2022,3,Uttar Pradesh,Filariasis,1
2022,3,Uttar Pradesh,HIV/AIDS,1
2022,3,Uttar Pradesh,Heart Disease,1
2022,3,Uttar Pradesh,Hypertension,1
2022,3,Uttar Pradesh,Jaundice (Hepatitis A),1
2022,3,Uttar Pradesh,Kala-Azar,1
2022,3,Uttar Pradesh,Leptospirosis,1
2022,3,Uttar Pradesh,Lung Cancer,1
2022,3,Uttar Pradesh,Malaria,1
2022,3,Uttar Pradesh,Pneumonia,1
2022,3,Uttar Pradesh,Sickle Cell Anemia,2
2022,3,Uttar Pradesh,Typhoid,2
2022,3,Uttarakhand,Filariasis,1
2022,3,West Bengal,Anxiety Disorder,1
2022,3,West Bengal,Breast Cancer,1
2022,3,West Bengal,Depression,1
2022,3,West Bengal,Hypertension,1
2022,3,West Bengal,Sickle Cell Anemia,1
2022,3,West Bengal,Stroke,1
2022,3,West Bengal,Tuberculosis,1
2022,4,Andhra Pradesh,Breast Cancer,1
2022,4,Andhra Pradesh,Gastroenteritis,2
2022,4,Andhra Pradesh,HIV/AIDS,1
2022,4,Andhra Pradesh,Heart Disease,1
2022,4,Andhra Pradesh,Hepatitis B,1
2022,4,Assam,Anxiety Disorder,1
2022,4,Assam,COPD,1
2022,4,Assam,Dengue,1
2022,4,Assam,Gastroenteritis,2
2022,4,Assam,HIV/AIDS,1
2022,4,Assam,Heart Disease,1
2022,4,Assam,Hepatitis B,1
2022,4,Assam,Kala-Azar,2
2022,4,Assam,Lung Cancer,1
2022,4,Assam,Malaria,1
2022,4,Assam,Swine Flu (H1N1),1
2022,4,Bihar,Depression,2
2022,4,Bihar,Gastroenteritis,1
2022,4,Bihar,HIV/AIDS,1
2022,4,Bihar,Hepatitis B,1
2022,4,Bihar,Japanese Encephalitis,2
2022,4,Bihar,Jaundice (Hepatitis A),1
2022,4,Bihar,Kala-Azar,3
2022,4,Bihar,Lung Cancer,1
2022,4,Bihar,Oral Cancer,1
2022,4,Bihar,Sickle Cell Anemia,1
2022,4,Bihar,Tuberculosis,1
2022,4,Chhattisgarh,Diarrhea,1
2022,4,Chhattisgarh,Kala-Azar,1
2022,4,Chhattisgarh,Lung Cancer,1
2022,4,Chhattisgarh,Malaria,1
2022,4,Chhattisgarh,Oral Cancer,1
2022,4,Chhattisgarh,Pneumonia,1
2022,4,Chhattisgarh,Stroke,1
2022,4,Goa,Oral Cancer,1
2022,4,Gujarat,COPD,1
2022,4,Gujarat,Gastroenteritis,1
2022,4,Gujarat,Jaundice (Hepatitis A),1
2022,4,Gujarat,Oral Cancer,1
2022,4,Gujarat,Stroke,1
2022,4,Gujarat,Thalassemia,2
2022,4,Haryana,Dengue,1
2022,4,Haryana,Hepatitis B,1
2022,4,Haryana,Leptospirosis,1
2022,4,Haryana,Oral Cancer,1
2022,4,Haryana,Pneumonia,1
2022,4,Himachal Pradesh,Gastroenteritis,1
2022,4,Jammu and Kashmir,Filariasis,1
2022,4,Jharkhand,Anxiety Disorder,2
2022,4,Jharkhand,Heart Disease,1
2022,4,Jharkhand,Hypertension,1
2022,4,Jharkhand,Jaundice (Hepatitis A),1
2022,4,Karnataka,Anxiety Disorder,1
2022,4,Karnataka,Chronic Kidney Disease,1
2022,4,Karnataka,Depression,1
2022,4,Karnataka,Diarrhea,1
2022,4,Karnataka,Gastroenteritis,1
2022,4,Karnataka,Hepatitis B,1
2022,4,Karnataka,Hypertension,1
2022,4,Karnataka,Japanese Encephalitis,2
2022,4,Karnataka,Jaundice (Hepatitis A),1
2022,4,Karnataka,Stroke,1
2022,4,Karnataka,Swine Flu (H1N1),1
2022,4,Kerala,Asthma,1
2022,4,Kerala,Breast Cancer,1
2022,4,Kerala,Diarrhea,1
2022,4,Kerala,Hypertension,2
2022,4,Kerala,Japanese Encephalitis,1
2022,4,Kerala,Kala-Azar,1
2022,4,Kerala,Sickle Cell Anemia,1
2022,4,Madhya Pradesh,Breast Cancer,2
2022,4,Madhya Pradesh,Chronic Kidney Disease,1
2022,4,Madhya Pradesh,Gastroenteritis,1
2022,4,Madhya Pradesh,Heart Disease,1
2022,4,Madhya Pradesh,Hepatitis B,2
2022,4,Madhya Pradesh,Jaundice (Hepatitis A),1
2022,4,Madhya Pradesh,Lung Cancer,2
2022,4,Madhya Pradesh,Oral Cancer,1
2022,4,Madhya Pradesh,Sickle Cell Anemia,1
2022,4,Maharashtra,Breast Cancer,1
2022,4,Maharashtra,COPD,1
2022,4,Maharashtra,Chikungunya,1
2022,4,Maharashtra,Cholera,1
2022,4,Maharashtra,Dengue,1
2022,4,Maharashtra,Diabetes (Type 2),1
2022,4,Maharashtra,Diarrhea,1
2022,4,Maharashtra,Filariasis,1
2022,4,Maharashtra,Gastroenteritis,1
2022,4,Maharashtra,Heart Disease,1
2022,4,Maharashtra,Hepatitis B,1
2022,4,Maharashtra,Japanese Encephalitis,1
2022,4,Maharashtra,Malaria,1
2022,4,Maharashtra,Stroke,1
2022,4,Maharashtra,Thalassemia,1
2022,4,Meghalaya,Gastroenteritis,1
2022,4,NCT of Delhi,Filariasis,1
2022,4,NCT of Delhi,Gastroenteritis,1
2022,4,NCT of Delhi,Kala-Azar,2
2022,4,NCT of Delhi,Sickle Cell Anemia,1
2022,4,Nagaland,Filariasis,1
2022,4,Odisha,Anxiety Disorder,1
2022,4,Odisha,Breast Cancer,1
2022,4,Odisha,COPD,1
2022,4,Odisha,Depression,1
2022,4,Odisha,Filariasis,1
2022,4,Odisha,Hepatitis B,1
2022,4,Odisha,Kala-Azar,2
2022,4,Odisha,Stroke,2
2022,4,Odisha,Tuberculosis,1
2022,4,Punjab,Diabetes (Type 2),1
2022,4,Punjab,Diarrhea,1
2022,4,Punjab,Gastroenteritis,1
2022,4,Punjab,Lung Cancer,1
2022,4,Punjab,Typhoid,1
2022,4,Rajasthan,Cholera,1
2022,4,Rajasthan,Depression,2
2022,4,Rajasthan,Jaundice (Hepatitis A),2
2022,4,Rajasthan,Lung Cancer,1
2022,4,Rajasthan,Oral Cancer,1
2022,4,Rajasthan,Sickle Cell Anemia,1
2022,4,Rajasthan,Thalassemia,1
2022,4,Rajasthan,Typhoid,1
2022,4,Tamil Nadu,Dengue,1
2022,4,Tamil Nadu,Depression,1
2022,4,Tamil Nadu,Diabetes (Type 2),1
2022,4,Tamil Nadu,Diarrhea,1
2022,4,Tamil Nadu,Filariasis,1
2022,4,Tamil Nadu,Gastroenteritis,2
2022,4,Tamil Nadu,Hepatitis B,1
2022,4,Tamil Nadu,Jaundice (Hepatitis A),1
2022,4,Tamil Nadu,Oral Cancer,1
2022,4,Tamil Nadu,Pneumonia,1
2022,4,Tamil Nadu,Tuberculosis,1
2022,4,Telangana,Anxiety Disorder,1
2022,4,Telangana,COVID-19,1
2022,4,Telangana,Filariasis,2
2022,4,Telangana,HIV/AIDS,1
2022,4,Telangana,Hypertension,2
2022,4,Tripura,Chronic Kidney Disease,1
2022,4,Tripura,Diarrhea,1
2022,4,Tripura,Filariasis,1
2022,4,Uttar Pradesh,Anxiety Disorder,1
2022,4,Uttar Pradesh,Chronic Kidney Disease,1
2022,4,Uttar Pradesh,Depression,2
2022,4,Uttar Pradesh,Diabetes (Type 2),3
2022,4,Uttar Pradesh,Filariasis,3
2022,4,Uttar Pradesh,Gastroenteritis,4
2022,4,Uttar Pradesh,HIV/AIDS,2
2022,4,Uttar Pradesh,Hypertension,2
2022,4,Uttar Pradesh,Jaundice (Hepatitis A),1
2022,4,Uttar Pradesh,Lung Cancer,1
2022,4,Uttar Pradesh,Malaria,1
2022,4,Uttar Pradesh,Oral Cancer,1
2022,4,Uttar Pradesh,Sickle Cell Anemia,2
2022,4,Uttar Pradesh,Stroke,1
2022,4,Uttar Pradesh,Thalassemia,1
2022,4,Uttarakhand,COVID-19,1
2022,4,Uttarakhand,Hepatitis B,1
2022,4,Uttarakhand,Japanese Encephalitis,1
2022,4,West Bengal,Anxiety Disorder,1
2022,4,West Bengal,Filariasis,2
2022,4,West Bengal,Gastroenteritis,1
2022,4,West Bengal,Stroke,1
2022,4,West Bengal,Thalassemia,1
2022,5,Andhra Pradesh,COPD,1
2022,5,Andhra Pradesh,Depression,1
2022,5,Andhra Pradesh,Diarrhea,1
2022,5,Andhra Pradesh,Sickle Cell Anemia,1
2022,5,Assam,Diarrhea,1
2022,5,Assam,Gastroenteritis,1
2022,5,Assam,Heart Disease,1
2022,5,Assam,Jaundice (Hepatitis A),1
2022,5,Assam,Kala-Azar,1
2022,5,Assam,Oral Cancer,1
2022,5,Bihar,Breast Cancer,1
2022,5,Bihar,COPD,1
2022,5,Bihar,COVID-19,1
2022,5,Bihar,Diabetes (Type 2),1
2022,5,Bihar,Filariasis,2
2022,5,Bihar,HIV/AIDS,1
2022,5,Bihar,Heart Disease,1
2022,5,Bihar,Jaundice (Hepatitis A),1
2022,5,Bihar,Lung Cancer,1
2022,5,Bihar,Oral Cancer,1
2022,5,Bihar,Pneumonia,1
2022,5,Bihar,Sickle Cell Anemia,1
2022,5,Bihar,Thalassemia,1
2022,5,Chhattisgarh,Asthma,1
2022,5,Chhattisgarh,COVID-19,1
2022,5,Chhattisgarh,Chronic Kidney Disease,1
2022,5,Chhattisgarh,Depression,1
2022,5,Chhattisgarh,Diarrhea,1
2022,5,Chhattisgarh,Hypertension,1
2022,5,Chhattisgarh,Japanese Encephalitis,1
2022,5,Chhattisgarh,Jaundice (Hepatitis A),1
2022,5,Chhattisgarh,Kala-Azar,1
2022,5,Chhattisgarh,Sickle Cell Anemia,1
2022,5,Goa,Diabetes (Type 2),1
2022,5,Gujarat,Anxiety Disorder,1
2022,5,Gujarat,Diabetes (Type 2),1
2022,5,Gujarat,Filariasis,1
2022,5,Gujarat,Heart Disease,1
2022,5,Gujarat,Kala-Azar,1
2022,5,Gujarat,Oral Cancer,1
2022,5,Gujarat,Thalassemia,1
2022,5,Haryana,Diarrhea,1
2022,5,Haryana,Gastroenteritis,1
2022,5,Haryana,HIV/AIDS,2
2022,5,Haryana,Heart Disease,1
2022,5,Haryana,Hypertension,1
2022,5,Haryana,Lung Cancer,1
2022,5,Himachal Pradesh,COPD,1
2022,5,Himachal Pradesh,Hepatitis B,1
2022,5,Himachal Pradesh,Kala-Azar,1
2022,5,Jammu and Kashmir,Jaundice (Hepatitis A),1
2022,5,Jharkhand,COVID-19,2
2022,5,Jharkhand,Filariasis,1
2022,5,Jharkhand,Gastroenteritis,1
2022,5,Jharkhand,Kala-Azar,1
2022,5,Jharkhand,Sickle Cell Anemia,1
2022,5,Jharkhand,Stroke,1
2022,5,Karnataka,Anxiety Disorder,1
2022,5,Karnataka,Chronic Kidney Disease,1
2022,5,Karnataka,Diarrhea,1
2022,5,Karnataka,Gastroenteritis,2
2022,5,Karnataka,Heart Disease,1
2022,5,Karnataka,Hypertension,1
2022,5,Kerala,Filariasis,1
2022,5,Kerala,Hypertension,1
2022,5,Kerala,Tuberculosis,1
2022,5,Kerala,Typhoid,1
2022,5,Madhya Pradesh,COVID-19,1
2022,5,Madhya Pradesh,Depression,1
2022,5,Madhya Pradesh,Diarrhea,2
2022,5,Madhya Pradesh,HIV/AIDS,1
2022,5,Madhya Pradesh,Oral Cancer,1
2022,5,Madhya Pradesh,Pneumonia,1
2022,5,Maharashtra,Anxiety Disorder,2
2022,5,Maharashtra,Asthma,1
2022,5,Maharashtra,Cholera,1
2022,5,Maharashtra,Gastroenteritis,2
2022,5,Maharashtra,Hepatitis B,1
2022,5,Maharashtra,Jaundice (Hepatitis A),1
2022,5,Maharashtra,Kala-Azar,1
2022,5,Maharashtra,Oral Cancer,1
2022,5,Maharashtra,Sickle Cell Anemia,1
2022,5,Maharashtra,Thalassemia,1
2022,5,Maharashtra,Tuberculosis,1
2022,5,Mizoram,Diarrhea,1
2022,5,NCT of Delhi,Breast Cancer,1
2022,5,NCT of Delhi,Tuberculosis,1
2022,5,Nagaland,Anxiety Disorder,1
2022,5,Odisha,Diarrhea,1
2022,5,Odisha,Filariasis,1
2022,5,Odisha,Jaundice (Hepatitis A),1
2022,5,Odisha,Oral Cancer,1
2022,5,Odisha,Sickle Cell Anemia,1
2022,5,Odisha,Stroke,1
2022,5,Odisha,Swine Flu (H1N1),1
2022,5,Punjab,Gastroenteritis,2
2022,5,Punjab,Heart Disease,1
2022,5,Punjab,Hypertension,1
2022,5,Punjab,Leptospirosis,1
2022,5,Punjab,Sickle Cell Anemia,1
2022,5,Punjab,Tuberculosis,1
2022,5,Rajasthan,COVID-19,1
2022,5,Rajasthan,Dengue,1
2022,5,Rajasthan,Depression,1
2022,5,Rajasthan,Diarrhea,1
2022,5,Rajasthan,Filariasis,3
2022,5,Rajasthan,Gastroenteritis,1
2022,5,Rajasthan,Hypertension,1
2022,5,Rajasthan,Jaundice (Hepatitis A),1
2022,5,Rajasthan,Kala-Azar,1
2022,5,Rajasthan,Pneumonia,1
2022,5,Rajasthan,Sickle Cell Anemia,2
2022,5,Rajasthan,Stroke,1
2022,5,Rajasthan,Thalassemia,1
2022,5,Tamil Nadu,Diarrhea,1
2022,5,Tamil Nadu,Gastroenteritis,1
2022,5,Tamil Nadu,Heart Disease,1
2022,5,Tamil Nadu,Japanese Encephalitis,1
2022,5,Tamil Nadu,Kala-Azar,2
2022,5,Tamil Nadu,Oral Cancer,1
2022,5,Telangana,COVID-19,1
2022,5,Telangana,HIV/AIDS,1
2022,5,Telangana,Hypertension,1
2022,5,Telangana,Jaundice (Hepatitis A),1
2022,5,Telangana,Stroke,1
2022,5,Telangana,Typhoid,1
2022,5,Uttar Pradesh,Asthma,3
2022,5,Uttar Pradesh,COPD,1
2022,5,Uttar Pradesh,Cholera,1
2022,5,Uttar Pradesh,Diabetes (Type 2),1
2022,5,Uttar Pradesh,Diarrhea,1
2022,5,Uttar Pradesh,Japanese Encephalitis,1
2022,5,Uttar Pradesh,Jaundice (Hepatitis A),1
2022,5,Uttar Pradesh,Kala-Azar,1
2022,5,Uttar Pradesh,Oral Cancer,1
2022,5,Uttar Pradesh,Pneumonia,2
2022,5,Uttar Pradesh,Sickle Cell Anemia,1
2022,5,Uttar Pradesh,Stroke,2
2022,5,Uttar Pradesh,Thalassemia,2
2022,5,Uttar Pradesh,Typhoid,1
2022,5,West Bengal,COPD,1
2022,5,West Bengal,Diarrhea,1
2022,5,West Bengal,Gastroenteritis,1
2022,5,West Bengal,HIV/AIDS,1
2022,5,West Bengal,Hepatitis B,2
2022,5,West Bengal,Hypertension,1
2022,5,West Bengal,Japanese Encephalitis,1
2022,5,West Bengal,Kala-Azar,2
2022,5,West Bengal,Stroke,2
2022,6,Andhra Pradesh,Depression,1
2022,6,Andhra Pradesh,Hypertension,1
2022,6,Andhra Pradesh,Japanese Encephalitis,1
2022,6,Assam,Gastroenteritis,1
2022,6,Assam,Hepatitis B,1
2022,6,Bihar,Breast Cancer,2
2022,6,Bihar,COPD,1
2022,6,Bihar,Chikungunya,1
2022,6,Bihar,Cholera,1
2022,6,Bihar,Depression,1
2022,6,Bihar,Gastroenteritis,2
2022,6,Bihar,HIV/AIDS,1
2022,6,Bihar,Heart Disease,1
2022,6,Bihar,Jaundice (Hepatitis A),1
2022,6,Bihar,Lung Cancer,2
2022,6,Bihar,Pneumonia,1
2022,6,Bihar,Stroke,1
2022,6,Bihar,Tuberculosis,3
2022,6,Bihar,Typhoid,1
2022,6,Chhattisgarh,Anxiety Disorder,1
2022,6,Chhattisgarh,Filariasis,1
2022,6,Chhattisgarh,Japanese Encephalitis,1
2022,6,Goa,Oral Cancer,1
2022,6,Goa,Sickle Cell Anemia,1
2022,6,Gujarat,Asthma,1
2022,6,Gujarat,Filariasis,2
2022,6,Gujarat,Hepatitis B,2
2022,6,Gujarat,Leptospirosis,2
2022,6,Gujarat,Tuberculosis,1
2022,6,Gujarat,Typhoid,1
2022,6,Haryana,Depression,2
2022,6,Haryana,Heart Disease,1
2022,6,Haryana,Japanese Encephalitis,1
2022,6,Haryana,Kala-Azar,2
2022,6,Haryana,Sickle Cell Anemia,1
2022,6,Himachal Pradesh,Diarrhea,1
2022,6,Jharkhand,Chronic Kidney Disease,1
2022,6,Jharkhand,Depression,2
2022,6,Jharkhand,Filariasis,1
2022,6,Jharkhand,Lung Cancer,1
2022,6,Jharkhand,Swine Flu (H1N1),1
2022,6,Karnataka,Diarrhea,1
2022,6,Karnataka,Gastroenteritis,1
2022,6,Karnataka,Hypertension,1
2022,6,Karnataka,Jaundice (Hepatitis A),2
2022,6,Karnataka,Lung Cancer,1
2022,6,Karnataka,Sickle Cell Anemia,1
2022,6,Karnataka,Tuberculosis,1
2022,6,Karnataka,Typhoid,1
2022,6,Kerala,Anxiety Disorder,1
2022,6,Kerala,Cholera,1
2022,6,Kerala,Stroke,1
2022,6,Madhya Pradesh,Asthma,1
2022,6,Madhya Pradesh,COPD,1
2022,6,Madhya Pradesh,Chronic Kidney Disease,2
2022,6,Madhya Pradesh,Depression,1
2022,6,Madhya Pradesh,Gastroenteritis,1
2022,6,Madhya Pradesh,Japanese Encephalitis,1
2022,6,Madhya Pradesh,Jaundice (Hepatitis A),2
2022,6,Madhya Pradesh,Kala-Azar,3
2022,6,Madhya Pradesh,Malaria,1
2022,6,Madhya Pradesh,Stroke,1
2022,6,Maharashtra,COVID-19,1
2022,6,Maharashtra,Dengue,1
2022,6,Maharashtra,Depression,1
2022,6,Maharashtra,Diabetes (Type 2),1
2022,6,Maharashtra,Filariasis,1
2022,6,Maharashtra,HIV/AIDS,1
2022,6,Maharashtra,Heart Disease,1
2022,6,Maharashtra,Hepatitis B,1
2022,6,Maharashtra,Jaundice (Hepatitis A),1
2022,6,Maharashtra,Lung Cancer,1
2022,6,Maharashtra,Oral Cancer,1
2022,6,Manipur,Hepatitis B,1
2022,6,Meghalaya,COPD,1
2022,6,Meghalaya,Jaundice (Hepatitis A),1
2022,6,NCT of Delhi,Chronic Kidney Disease,1
2022,6,NCT of Delhi,Filariasis,1
2022,6,NCT of Delhi,Hepatitis B,1
2022,6,NCT of Delhi,Jaundice (Hepatitis A),1
2022,6,NCT of Delhi,Kala-Azar,1
2022,6,NCT of Delhi,Lung Cancer,1
2022,6,NCT of Delhi,Thalassemia,1
2022,6,Nagaland,Oral Cancer,1
2022,6,Odisha,Filariasis,2
2022,6,Odisha,HIV/AIDS,1
2022,6,Odisha,Kala-Azar,1
2022,6,Odisha,Lung Cancer,1
2022,6,Odisha,Malaria,1
2022,6,Odisha,Oral Cancer,1
2022,6,Punjab,Anxiety Disorder,1
2022,6,Punjab,COVID-19,1
2022,6,Punjab,Heart Disease,1
2022,6,Punjab,Jaundice (Hepatitis A),1
2022,6,Rajasthan,Anxiety Disorder,1
2022,6,Rajasthan,Breast Cancer,1
2022,6,Rajasthan,Dengue,1
2022,6,Rajasthan,Depression,1
2022,6,Rajasthan,Diarrhea,1
2022,6,Rajasthan,Filariasis,1
2022,6,Rajasthan,Jaundice (Hepatitis A),1
2022,6,Rajasthan,Oral Cancer,1
2022,6,Rajasthan,Thalassemia,1
2022,6,Tamil Nadu,Dengue,1
2022,6,Tamil Nadu,Diabetes (Type 2),1
2022,6,Tamil Nadu,Diarrhea,2
2022,6,Tamil Nadu,Heart Disease,1
2022,6,Tamil Nadu,Hepatitis B,1
2022,6,Tamil Nadu,Japanese Encephalitis,1
2022,6,Tamil Nadu,Lung Cancer,1
2022,6,Tamil Nadu,Thalassemia,1
2022,6,Telangana,Chronic Kidney Disease,1
2022,6,Telangana,Diabetes (Type 2),1
2022,6,Telangana,Hypertension,1
2022,6,Telangana,Jaundice (Hepatitis A),1
2022,6,Telangana,Swine Flu (H1N1),1
2022,6,Tripura,Gastroenteritis,1
2022,6,Uttar Pradesh,Anxiety Disorder,1
2022,6,Uttar Pradesh,Asthma,1
2022,6,Uttar Pradesh,Breast Cancer,2
2022,6,Uttar Pradesh,Chronic Kidney Disease,2
2022,6,Uttar Pradesh,Dengue,1
2022,6,Uttar Pradesh,Diabetes (Type 2),2
2022,6,Uttar Pradesh,Filariasis,1
2022,6,Uttar Pradesh,Gastroenteritis,1
2022,6,Uttar Pradesh,HIV/AIDS,2
2022,6,Uttar Pradesh,Hepatitis B,1
2022,6,Uttar Pradesh,Hypertension,1
2022,6,Uttar Pradesh,Japanese Encephalitis,1
2022,6,Uttar Pradesh,Jaundice (Hepatitis A),4
2022,6,Uttar Pradesh,Lung Cancer,1
2022,6,Uttar Pradesh,Malaria,1
2022,6,Uttar Pradesh,Stroke,1
2022,6,Uttar Pradesh,Tuberculosis,1
2022,6,West Bengal,Anxiety Disorder,1
2022,6,West Bengal,Chronic Kidney Disease,1
2022,6,West Bengal,Dengue,1
2022,6,West Bengal,Depression,1
2022,6,West Bengal,Filariasis,1
2022,6,West Bengal,HIV/AIDS,1
2022,6,West Bengal,Hypertension,1
2022,6,West Bengal,Japanese Encephalitis,1
2022,6,West Bengal,Jaundice (Hepatitis A),3
2022,6,West Bengal,Oral Cancer,3
2022,7,Andhra Pradesh,Depression,1
2022,7,Andhra Pradesh,Diabetes (Type 2),2
2022,7,Andhra Pradesh,Filariasis,1
2022,7,Andhra Pradesh,HIV/AIDS,1
2022,7,Andhra Pradesh,Japanese Encephalitis,1
2022,7,Andhra Pradesh,Jaundice (Hepatitis A),2
2022,7,Andhra Pradesh,Pneumonia,1
2022,7,Assam,Anxiety Disorder,1
2022,7,Assam,COVID-19,1
2022,7,Assam,Dengue,2
2022,7,Assam,Leptospirosis,1
2022,7,Assam,Lung Cancer,1
2022,7,Assam,Malaria,2
2022,7,Bihar,Anxiety Disorder,1
2022,7,Bihar,Breast Cancer,1
2022,7,Bihar,Cholera,2
2022,7,Bihar,Chronic Kidney Disease,1
2022,7,Bihar,Diabetes (Type 2),1
2022,7,Bihar,Diarrhea,1
2022,7,Bihar,Filariasis,1
2022,7,Bihar,Gastroenteritis,1
2022,7,Bihar,HIV/AIDS,1
2022,7,Bihar,Heart Disease,2
2022,7,Bihar,Hepatitis B,1
2022,7,Bihar,Jaundice (Hepatitis A),1
2022,7,Bihar,Leptospirosis,2
2022,7,Bihar,Lung Cancer,1
2022,7,Bihar,Stroke,1
2022,7,Chhattisgarh,COPD,1
2022,7,Chhattisgarh,Cholera,1
2022,7,Chhattisgarh,Gastroenteritis,1
2022,7,Goa,Chikungunya,2
2022,7,Gujarat,Cholera,1
2022,7,Gujarat,Chronic Kidney Disease,1
2022,7,Gujarat,Dengue,1
2022,7,Gujarat,Depression,1
2022,7,Gujarat,Diarrhea,1
2022,7,Gujarat,Filariasis,1
2022,7,Gujarat,Gastroenteritis,1
2022,7,Gujarat,Japanese Encephalitis,3
2022,7,Gujarat,Jaundice (Hepatitis A),1
2022,7,Gujarat,Kala-Azar,1
2022,7,Gujarat,Leptospirosis,3
2022,7,Gujarat,Malaria,4
2022,7,Gujarat,Oral Cancer,1
2022,7,Gujarat,Stroke,1
2022,7,Gujarat,Swine Flu (H1N1),1
2022,7,Haryana,Chronic Kidney Disease,1
2022,7,Haryana,Dengue,1
2022,7,Haryana,Filariasis,2
2022,7,Haryana,Gastroenteritis,1
2022,7,Haryana,Hypertension,1
2022,7,Haryana,Japanese Encephalitis,2
2022,7,Jammu and Kashmir,Breast Cancer,1
2022,7,Jammu and Kashmir,COPD,1
2022,7,Jammu and Kashmir,Dengue,1
2022,7,Jammu and Kashmir,Malaria,1
2022,7,Jharkhand,Cholera,1
2022,7,Jharkhand,Filariasis,1
2022,7,Jharkhand,Hepatitis B,1
2022,7,Jharkhand,Lung Cancer,1
2022,7,Jharkhand,Oral Cancer,1
2022,7,Jharkhand,Pneumonia,2
2022,7,Karnataka,COPD,1
2022,7,Karnataka,COVID-19,1
2022,7,Karnataka,Chikungunya,2
2022,7,Karnataka,Cholera,1
2022,7,Karnataka,Dengue,3
2022,7,Karnataka,Depression,2
2022,7,Karnataka,Diarrhea,1
2022,7,Karnataka,Gastroenteritis,1
2022,7,Karnataka,Japanese Encephalitis,1
2022,7,Karnataka,Jaundice (Hepatitis A),1
2022,7,Karnataka,Leptospirosis,2
2022,7,Kerala,Breast Cancer,1
2022,7,Kerala,Chikungunya,1
2022,7,Kerala,Dengue,1
2022,7,Kerala,Depression,2
2022,7,Kerala,Jaundice (Hepatitis A),1
2022,7,Kerala,Leptospirosis,1
2022,7,Kerala,Malaria,2
2022,7,Madhya Pradesh,Chikungunya,1
2022,7,Madhya Pradesh,Chronic Kidney Disease,1
2022,7,Madhya Pradesh,Dengue,1
2022,7,Madhya Pradesh,Diarrhea,4
2022,7,Madhya Pradesh,Filariasis,1
2022,7,Madhya Pradesh,Hepatitis B,1
2022,7,Madhya Pradesh,Hypertension,1
2022,7,Madhya Pradesh,Japanese Encephalitis,3
2022,7,Madhya Pradesh,Jaundice (Hepatitis A),1
2022,7,Madhya Pradesh,Kala-Azar,1
2022,7,Madhya Pradesh,Leptospirosis,1
2022,7,Madhya Pradesh,Malaria,2
2022,7,Madhya Pradesh,Thalassemia,1
2022,7,Madhya Pradesh,Tuberculosis,1
2022,7,Maharashtra,Anxiety Disorder,1
2022,7,Maharashtra,Cholera,2
2022,7,Maharashtra,Depression,1
2022,7,Maharashtra,Filariasis,1
2022,7,Maharashtra,Gastroenteritis,2
2022,7,Maharashtra,HIV/AIDS,1
2022,7,Maharashtra,Heart Disease,1
2022,7,Maharashtra,Hepatitis B,1
2022,7,Maharashtra,Hypertension,1
2022,7,Maharashtra,Jaundice (Hepatitis A),1
2022,7,Maharashtra,Leptospirosis,2
2022,7,Maharashtra,Malaria,1
2022,7,Maharashtra,Oral Cancer,1
2022,7,Maharashtra,Sickle Cell Anemia,2
2022,7,Maharashtra,Thalassemia,1
2022,7,Maharashtra,Typhoid,1
2022,7,Manipur,Cholera,1
2022,7,Manipur,Diabetes (Type 2),1
2022,7,Manipur,Gastroenteritis,1
2022,7,Manipur,Japanese Encephalitis,1
2022,7,Manipur,Kala-Azar,1
2022,7,Meghalaya,Sickle Cell Anemia,1
2022,7,Meghalaya,Stroke,1
2022,7,Mizoram,Gastroenteritis,1
2022,7,NCT of Delhi,HIV/AIDS,1
2022,7,NCT of Delhi,Japanese Encephalitis,1
2022,7,Odisha,Chikungunya,1
2022,7,Odisha,Dengue,1
2022,7,Odisha,Filariasis,1
2022,7,Odisha,Gastroenteritis,1
2022,7,Odisha,HIV/AIDS,1
2022,7,Odisha,Kala-Azar,1
2022,7,Odisha,Leptospirosis,1
2022,7,Punjab,Gastroenteritis,2
2022,7,Punjab,Hepatitis B,1
2022,7,Punjab,Jaundice (Hepatitis A),1
2022,7,Punjab,Thalassemia,1
2022,7,Punjab,Typhoid,1
2022,7,Rajasthan,Breast Cancer,1
2022,7,Rajasthan,Chikungunya,1
2022,7,Rajasthan,Cholera,1
2022,7,Rajasthan,Dengue,1
2022,7,Rajasthan,Depression,1
2022,7,Rajasthan,Diabetes (Type 2),2
2022,7,Rajasthan,Diarrhea,1
2022,7,Rajasthan,Filariasis,1
2022,7,Rajasthan,Gastroenteritis,1
2022,7,Rajasthan,Hepatitis B,1
2022,7,Rajasthan,Hypertension,1
2022,7,Rajasthan,Japanese Encephalitis,1
2022,7,Rajasthan,Leptospirosis,2
2022,7,Rajasthan,Malaria,2
2022,7,Rajasthan,Swine Flu (H1N1),1
2022,7,Sikkim,Pneumonia,1
2022,7,Tamil Nadu,Cholera,1
2022,7,Tamil Nadu,Diabetes (Type 2),1
2022,7,Tamil Nadu,Gastroenteritis,1
2022,7,Tamil Nadu,Japanese Encephalitis,2
2022,7,Tamil Nadu,Jaundice (Hepatitis A),1
2022,7,Tamil Nadu,Kala-Azar,2
2022,7,Tamil Nadu,Leptospirosis,1
2022,7,Tamil Nadu,Lung Cancer,1
2022,7,Telangana,Chikungunya,1
2022,7,Telangana,Cholera,1
2022,7,Telangana,Dengue,2
2022,7,Telangana,HIV/AIDS,2
2022,7,Telangana,Heart Disease,1
2022,7,Telangana,Leptospirosis,1
2022,7,Telangana,Sickle Cell Anemia,1
2022,7,Telangana,Stroke,1
2022,7,Tripura,Jaundice (Hepatitis A),1
2022,7,Uttar Pradesh,Anxiety Disorder,1
2022,7,Uttar Pradesh,Chikungunya,1
2022,7,Uttar Pradesh,Cholera,1
2022,7,Uttar Pradesh,Chronic Kidney Disease,3
2022,7,Uttar Pradesh,Depression,1
2022,7,Uttar Pradesh,Diarrhea,1
2022,7,Uttar Pradesh,Filariasis,1
2022,7,Uttar Pradesh,Gastroenteritis,2
2022,7,Uttar Pradesh,Japanese Encephalitis,2
2022,7,Uttar Pradesh,Jaundice (Hepatitis A),1
2022,7,Uttar Pradesh,Kala-Azar,1
2022,7,Uttar Pradesh,Leptospirosis,1
2022,7,Uttar Pradesh,Malaria,2
2022,7,Uttar Pradesh,Oral Cancer,1
2022,7,Uttar Pradesh,Thalassemia,1
2022,7,Uttar Pradesh,Tuberculosis,2
2022,7,Uttarakhand,Anxiety Disorder,1
2022,7,West Bengal,Breast Cancer,1
2022,7,West Bengal,COPD,1
2022,7,West Bengal,Chikungunya,4
2022,7,West Bengal,Chronic Kidney Disease,1
2022,7,West Bengal,Dengue,2
2022,7,West Bengal,Depression,1
2022,7,West Bengal,Filariasis,2
2022,7,West Bengal,Gastroenteritis,1
2022,7,West Bengal,Hepatitis B,1
2022,7,West Bengal,Hypertension,1
2022,7,West Bengal,Japanese Encephalitis,1
2022,7,West Bengal,Leptospirosis,1
2022,7,West Bengal,Malaria,3
2022,7,West Bengal,Oral Cancer,1
2022,7,West Bengal,Sickle Cell Anemia,1
2022,7,West Bengal,Tuberculosis,1
2022,7,West Bengal,Typhoid,1
2022,8,Andhra Pradesh,Cholera,1
2022,8,Andhra Pradesh,Chronic Kidney Disease,1
2022,8,Andhra Pradesh,Diabetes (Type 2),1
2022,8,Andhra Pradesh,HIV/AIDS,1
2022,8,Andhra Pradesh,Hypertension,1
2022,8,Andhra Pradesh,Leptospirosis,1
2022,8,Andhra Pradesh,Malaria,2
2022,8,Andhra Pradesh,Pneumonia,1
2022,8,Andhra Pradesh,Sickle Cell Anemia,1
2022,8,Andhra Pradesh,Typhoid,1
2022,8,Assam,Anxiety Disorder,1
2022,8,Assam,Dengue,2
2022,8,Assam,Diarrhea,1
2022,8,Assam,Jaundice (Hepatitis A),2
2022,8,Assam,Kala-Azar,1
2022,8,Assam,Sickle Cell Anemia,1
2022,8,Assam,Tuberculosis,1
2022,8,Bihar,Anxiety Disorder,1
2022,8,Bihar,COPD,2
2022,8,Bihar,Chikungunya,2
2022,8,Bihar,Cholera,1
2022,8,Bihar,Dengue,5
2022,8,Bihar,Diabetes (Type 2),1
2022,8,Bihar,Heart Disease,1
2022,8,Bihar,Hypertension,1
2022,8,Bihar,Japanese Encephalitis,1
2022,8,Bihar,Jaundice (Hepatitis A),1
2022,8,Bihar,Leptospirosis,1
2022,8,Bihar,Lung Cancer,1
2022,8,Bihar,Malaria,2
2022,8,Bihar,Oral Cancer,1
2022,8,Bihar,Pneumonia,1
2022,8,Bihar,Typhoid,1
2022,8,Chhattisgarh,Kala-Azar,1
2022,8,Gujarat,Breast Cancer,1
2022,8,Gujarat,Dengue,2
2022,8,Gujarat,Diabetes (Type 2),1
2022,8,Gujarat,Filariasis,1
2022,8,Gujarat,Gastroenteritis,2
2022,8,Gujarat,Jaundice (Hepatitis A),1
2022,8,Gujarat,Kala-Azar,1
2022,8,Gujarat,Leptospirosis,1
2022,8,Gujarat,Malaria,2
2022,8,Gujarat,Oral Cancer,2
2022,8,Gujarat,Stroke,1
2022,8,Haryana,Anxiety Disorder,1
2022,8,Haryana,Breast Cancer,1
2022,8,Haryana,Cholera,1
2022,8,Haryana,Chronic Kidney Disease,1
2022,8,Haryana,Dengue,2
2022,8,Haryana,Diarrhea,1
2022,8,Haryana,Japanese Encephalitis,1
2022,8,Haryana,Lung Cancer,1
2022,8,Himachal Pradesh,Filariasis,1
2022,8,Himachal Pradesh,Leptospirosis,1
2022,8,Jammu and Kashmir,Swine Flu (H1N1),1
2022,8,Jharkhand,Anxiety Disorder,1
2022,8,Jharkhand,Gastroenteritis,1
2022,8,Jharkhand,Leptospirosis,1
2022,8,Jharkhand,Malaria,1
2022,8,Jharkhand,Stroke,1
2022,8,Karnataka,Anxiety Disorder,1
2022,8,Karnataka,Breast Cancer,1
2022,8,Karnataka,COVID-19,1
2022,8,Karnataka,Chikungunya,2
2022,8,Karnataka,Cholera,1
2022,8,Karnataka,Dengue,1
2022,8,Karnataka,Depression,2
2022,8,Karnataka,Diabetes (Type 2),1
2022,8,Karnataka,Diarrhea,1
2022,8,Karnataka,Heart Disease,2
2022,8,Karnataka,Japanese Encephalitis,2
2022,8,Karnataka,Oral Cancer,2
2022,8,Karnataka,Sickle Cell Anemia,1
2022,8,Karnataka,Stroke,1
2022,8,Karnataka,Tuberculosis,1
2022,8,Kerala,Asthma,1
2022,8,Kerala,Breast Cancer,1
2022,8,Kerala,COVID-19,1
2022,8,Kerala,Cholera,1
2022,8,Kerala,Sickle Cell Anemia,1
2022,8,Kerala,Tuberculosis,1
2022,8,Madhya Pradesh,Chikungunya,1
2022,8,Madhya Pradesh,Cholera,2
2022,8,Madhya Pradesh,Dengue,2
2022,8,Madhya Pradesh,Depression,1
2022,8,Madhya Pradesh,Diabetes (Type 2),1
2022,8,Madhya Pradesh,Filariasis,1
2022,8,Madhya Pradesh,Hepatitis B,1
2022,8,Madhya Pradesh,Sickle Cell Anemia,1
2022,8,Madhya Pradesh,Stroke,1
2022,8,Madhya Pradesh,Typhoid,1
2022,8,Maharashtra,Breast Cancer,1
2022,8,Maharashtra,Chikungunya,2
2022,8,Maharashtra,Chronic Kidney Disease,1
2022,8,Maharashtra,Dengue,2
2022,8,Maharashtra,Depression,2
2022,8,Maharashtra,Diarrhea,2
2022,8,Maharashtra,Gastroenteritis,1
2022,8,Maharashtra,Hepatitis B,1
2022,8,Maharashtra,Japanese Encephalitis,1
2022,8,Maharashtra,Jaundice (Hepatitis A),1
2022,8,Maharashtra,Leptospirosis,2
2022,8,Maharashtra,Malaria,1
2022,8,Maharashtra,Sickle Cell Anemia,1
2022,8,NCT of Delhi,Dengue,1
2022,8,NCT of Delhi,Filariasis,1
2022,8,NCT of Delhi,Leptospirosis,1
2022,8,NCT of Delhi,Tuberculosis,1
2022,8,Odisha,Breast Cancer,2
2022,8,Odisha,Chikungunya,3
2022,8,Odisha,Cholera,1
2022,8,Odisha,Filariasis,1
2022,8,Odisha,Sickle Cell Anemia,2
2022,8,Punjab,Asthma,1
2022,8,Punjab,Chikungunya,1
2022,8,Punjab,Jaundice (Hepatitis A),2
2022,8,Punjab,Kala-Azar,1
2022,8,Punjab,Oral Cancer,1
2022,8,Punjab,Stroke,1
2022,8,Rajasthan,Breast Cancer,2
2022,8,Rajasthan,Dengue,1
2022,8,Rajasthan,Diarrhea,1
2022,8,Rajasthan,Heart Disease,1
2022,8,Rajasthan,Japanese Encephalitis,1
2022,8,Rajasthan,Leptospirosis,1
2022,8,Rajasthan,Malaria,1
2022,8,Rajasthan,Oral Cancer,2
2022,8,Rajasthan,Stroke,1
2022,8,Rajasthan,Thalassemia,1
2022,8,Rajasthan,Tuberculosis,3
2022,8,Tamil Nadu,COPD,1
2022,8,Tamil Nadu,Chikungunya,1
2022,8,Tamil Nadu,Cholera,3
2022,8,Tamil Nadu,Chronic Kidney Disease,1
2022,8,Tamil Nadu,Depression,1
2022,8,Tamil Nadu,Diarrhea,1
2022,8,Tamil Nadu,Gastroenteritis,1
2022,8,Tamil Nadu,HIV/AIDS,1
2022,8,Tamil Nadu,Jaundice (Hepatitis A),1
2022,8,Tamil Nadu,Malaria,1
2022,8,Tamil Nadu,Stroke,1
2022,8,Tamil Nadu,Thalassemia,1
2022,8,Telangana,COPD,1
2022,8,Telangana,Cholera,1
2022,8,Telangana,Dengue,1
2022,8,Telangana,Depression,2
2022,8,Telangana,Heart Disease,1
2022,8,Telangana,Hepatitis B,1
2022,8,Telangana,Hypertension,1
2022,8,Telangana,Oral Cancer,1
2022,8,Telangana,Typhoid,2
2022,8,Tripura,Chikungunya,1
2022,8,Tripura,Hepatitis B,1
2022,8,Uttar Pradesh,Asthma,1
2022,8,Uttar Pradesh,Breast Cancer,1
2022,8,Uttar Pradesh,COPD,1
2022,8,Uttar Pradesh,Chikungunya,2
2022,8,Uttar Pradesh,Cholera,4
2022,8,Uttar Pradesh,Dengue,3
2022,8,Uttar Pradesh,Depression,1
2022,8,Uttar Pradesh,Diarrhea,1
2022,8,Uttar Pradesh,Filariasis,1
2022,8,Uttar Pradesh,Gastroenteritis,1
2022,8,Uttar Pradesh,Hepatitis B,3
2022,8,Uttar Pradesh,Hypertension,2
2022,8,Uttar Pradesh,Jaundice (Hepatitis A),1
2022,8,Uttar Pradesh,Leptospirosis,1
2022,8,Uttar Pradesh,Stroke,1
2022,8,Uttar Pradesh,Swine Flu (H1N1),1
2022,8,Uttar Pradesh,Thalassemia,2
2022,8,Uttar Pradesh,Tuberculosis,2
2022,8,Uttar Pradesh,Typhoid,1
2022,8,Uttarakhand,COVID-19,1
2022,8,Uttarakhand,Stroke,1
2022,8,West Bengal,Chronic Kidney Disease,1
2022,8,West Bengal,Dengue,1
2022,8,West Bengal,Diarrhea,1
2022,8,West Bengal,Japanese Encephalitis,1
2022,8,West Bengal,Jaundice (Hepatitis A),2
2022,8,West Bengal,Kala-Azar,1
2022,8,West Bengal,Leptospirosis,2
2022,8,West Bengal,Malaria,1
2022,8,West Bengal,Tuberculosis,1
2022,9,Andhra Pradesh,Chikungunya,1
2022,9,Andhra Pradesh,Cholera,2
2022,9,Andhra Pradesh,Dengue,1
2022,9,Andhra Pradesh,Hypertension,1
2022,9,Andhra Pradesh,Japanese Encephalitis,1
2022,9,Andhra Pradesh,Jaundice (Hepatitis A),1
2022,9,Andhra Pradesh,Malaria,1
2022,9,Andhra Pradesh,Oral Cancer,1
2022,9,Andhra Pradesh,Sickle Cell Anemia,2
2022,9,Andhra Pradesh,Tuberculosis,1
2022,9,Andhra Pradesh,Typhoid,1
2022,9,Arunachal Pradesh,Filariasis,1
2022,9,Assam,Chikungunya,1
2022,9,Assam,Chronic Kidney Disease,1
2022,9,Assam,Diabetes (Type 2),2
2022,9,Assam,Heart Disease,1
2022,9,Assam,Lung Cancer,1
2022,9,Assam,Malaria,1
2022,9,Assam,Tuberculosis,1
2022,9,Bihar,Anxiety Disorder,1
2022,9,Bihar,COPD,1
2022,9,Bihar,Cholera,1
2022,9,Bihar,Dengue,2
2022,9,Bihar,Diarrhea,2
2022,9,Bihar,Filariasis,1
2022,9,Bihar,HIV/AIDS,1
2022,9,Bihar,Heart Disease,1
2022,9,Bihar,Lung Cancer,1
2022,9,Bihar,Swine Flu (H1N1),1
2022,9,Bihar,Thalassemia,1
2022,9,Bihar,Typhoid,1
2022,9,Chhattisgarh,Cholera,1
2022,9,Chhattisgarh,Japanese Encephalitis,1
2022,9,Chhattisgarh,Malaria,1
2022,9,Chhattisgarh,Pneumonia,1
2022,9,Goa,Sickle Cell Anemia,1
2022,9,Gujarat,Anxiety Disorder,1
2022,9,Gujarat,Asthma,1
2022,9,Gujarat,Hepatitis B,1
2022,9,Gujarat,Japanese Encephalitis,1
2022,9,Gujarat,Tuberculosis,1
2022,9,Haryana,Anxiety Disorder,1
2022,9,Haryana,Chikungunya,1
2022,9,Haryana,Diarrhea,1
2022,9,Haryana,Heart Disease,1
2022,9,Haryana,Jaundice (Hepatitis A),1
2022,9,Haryana,Kala-Azar,1
2022,9,Haryana,Stroke,1
2022,9,Himachal Pradesh,Breast Cancer,1
2022,9,Jammu and Kashmir,Cholera,1
2022,9,Jammu and Kashmir,Dengue,1
2022,9,Jammu and Kashmir,HIV/AIDS,1
2022,9,Jammu and Kashmir,Oral Cancer,1
2022,9,Jharkhand,Dengue,1
2022,9,Jharkhand,Depression,2
2022,9,Jharkhand,Filariasis,1
2022,9,Jharkhand,Oral Cancer,1
2022,9,Jharkhand,Typhoid,1
2022,9,Karnataka,Anxiety Disorder,1
2022,9,Karnataka,Chikungunya,1
2022,9,Karnataka,Cholera,2
2022,9,Karnataka,Dengue,2
2022,9,Karnataka,Depression,1
2022,9,Karnataka,Leptospirosis,3
2022,9,Karnataka,Lung Cancer,2
2022,9,Karnataka,Tuberculosis,1
2022,9,Kerala,COPD,1
2022,9,Kerala,Chikungunya,1
2022,9,Kerala,Cholera,1
2022,9,Kerala,Typhoid,1
2022,9,Madhya Pradesh,Breast Cancer,1
2022,9,Madhya Pradesh,COPD,1
2022,9,Madhya Pradesh,Cholera,1
2022,9,Madhya Pradesh,Dengue,1
2022,9,Madhya Pradesh,Filariasis,1
2022,9,Madhya Pradesh,HIV/AIDS,2
2022,9,Madhya Pradesh,Leptospirosis,2
2022,9,Madhya Pradesh,Malaria,3
2022,9,Madhya Pradesh,Oral Cancer,2
2022,9,Madhya Pradesh,Pneumonia,1
2022,9,Maharashtra,Asthma,1
2022,9,Maharashtra,Breast Cancer,1
2022,9,Maharashtra,Chikungunya,4
2022,9,Maharashtra,Cholera,4
2022,9,Maharashtra,Depression,1
2022,9,Maharashtra,HIV/AIDS,1
2022,9,Maharashtra,Japanese Encephalitis,1
2022,9,Maharashtra,Jaundice (Hepatitis A),1
2022,9,Maharashtra,Kala-Azar,2
2022,9,Maharashtra,Leptospirosis,1
2022,9,Maharashtra,Lung Cancer,2
2022,9,Maharashtra,Oral Cancer,2
2022,9,Maharashtra,Sickle Cell Anemia,1
2022,9,Maharashtra,Typhoid,1
2022,9,Manipur,Pneumonia,1
2022,9,NCT of Delhi,Asthma,1
2022,9,NCT of Delhi,Kala-Azar,2
2022,9,NCT of Delhi,Leptospirosis,1
2022,9,NCT of Delhi,Thalassemia,2
2022,9,NCT of Delhi,Typhoid,1
2022,9,Odisha,Anxiety Disorder,2
2022,9,Odisha,Asthma,1
2022,9,Odisha,Cholera,1
2022,9,Odisha,Dengue,1
2022,9,Odisha,Japanese Encephalitis,1
2022,9,Odisha,Lung Cancer,1
2022,9,Odisha,Oral Cancer,1
2022,9,Odisha,Pneumonia,2
2022,9,Odisha,Sickle Cell Anemia,1
2022,9,Odisha,Thalassemia,1
2022,9,Punjab,Breast Cancer,1
2022,9,Punjab,Chronic Kidney Disease,1
2022,9,Punjab,Heart Disease,1
2022,9,Punjab,Hypertension,1
2022,9,Punjab,Malaria,3
2022,9,Punjab,Tuberculosis,3
2022,9,Rajasthan,COPD,1
2022,9,Rajasthan,COVID-19,1
2022,9,Rajasthan,Chikungunya,2
2022,9,Rajasthan,Chronic Kidney Disease,1
2022,9,Rajasthan,Leptospirosis,2
2022,9,Rajasthan,Malaria,2
2022,9,Rajasthan,Oral Cancer,1
2022,9,Rajasthan,Sickle Cell Anemia,1
2022,9,Rajasthan,Stroke,1
2022,9,Rajasthan,Swine Flu (H1N1),1
2022,9,Rajasthan,Thalassemia,2
2022,9,Rajasthan,Tuberculosis,2
2022,9,Rajasthan,Typhoid,1
2022,9,Tamil Nadu,COPD,1
2022,9,Tamil Nadu,Dengue,2
2022,9,Tamil Nadu,Depression,1
2022,9,Tamil Nadu,HIV/AIDS,1
2022,9,Tamil Nadu,Hypertension,2
2022,9,Tamil Nadu,Lung Cancer,1
2022,9,Tamil Nadu,Malaria,1
2022,9,Tamil Nadu,Oral Cancer,1
2022,9,Tamil Nadu,Sickle Cell Anemia,1
2022,9,Tamil Nadu,Tuberculosis,1
2022,9,Telangana,Chikungunya,2
2022,9,Telangana,Dengue,1
2022,9,Telangana,Depression,2
2022,9,Telangana,Diarrhea,1
2022,9,Telangana,Filariasis,1
2022,9,Telangana,HIV/AIDS,2
2022,9,Telangana,Stroke,1
2022,9,Telangana,Tuberculosis,1
2022,9,Uttar Pradesh,COPD,2
2022,9,Uttar Pradesh,COVID-19,1
2022,9,Uttar Pradesh,Chikungunya,4
2022,9,Uttar Pradesh,Cholera,1
2022,9,Uttar Pradesh,Chronic Kidney Disease,3
2022,9,Uttar Pradesh,Dengue,2
2022,9,Uttar Pradesh,Depression,1
2022,9,Uttar Pradesh,Diarrhea,1
2022,9,Uttar Pradesh,Filariasis,1
2022,9,Uttar Pradesh,Hepatitis B,1
2022,9,Uttar Pradesh,Japanese Encephalitis,2
2022,9,Uttar Pradesh,Kala-Azar,1
2022,9,Uttar Pradesh,Leptospirosis,2
2022,9,Uttar Pradesh,Lung Cancer,2
2022,9,Uttar Pradesh,Malaria,1
2022,9,Uttar Pradesh,Oral Cancer,1
2022,9,Uttar Pradesh,Sickle Cell Anemia,1
2022,9,Uttar Pradesh,Typhoid,3
2022,9,Uttarakhand,Malaria,1
2022,9,West Bengal,Anxiety Disorder,1
2022,9,West Bengal,Chikungunya,2
2022,9,West Bengal,Cholera,1
2022,9,West Bengal,Diarrhea,3
2022,9,West Bengal,Hepatitis B,2
2022,9,West Bengal,Japanese Encephalitis,1
2022,9,West Bengal,Kala-Azar,1
2022,9,West Bengal,Leptospirosis,1
2022,9,West Bengal,Lung Cancer,1
2022,9,West Bengal,Malaria,1
2022,9,West Bengal,Oral Cancer,1
2022,9,West Bengal,Sickle Cell Anemia,1
2022,9,West Bengal,Thalassemia,1
2022,10,Andhra Pradesh,Chikungunya,2
2022,10,Andhra Pradesh,Dengue,1
2022,10,Andhra Pradesh,Depression,1
2022,10,Andhra Pradesh,HIV/AIDS,1
2022,10,Andhra Pradesh,Kala-Azar,1
2022,10,Andhra Pradesh,Leptospirosis,2
2022,10,Andhra Pradesh,Malaria,1
2022,10,Andhra Pradesh,Oral Cancer,1
2022,10,Andhra Pradesh,Thalassemia,2
2022,10,Assam,Asthma,1
2022,10,Assam,Chikungunya,1
2022,10,Assam,Depression,1
2022,10,Assam,Diabetes (Type 2),1
2022,10,Assam,Malaria,1
2022,10,Bihar,Cholera,2
2022,10,Bihar,Dengue,1
2022,10,Bihar,Depression,3
2022,10,Bihar,Diarrhea,1
2022,10,Bihar,HIV/AIDS,1
2022,10,Bihar,Heart Disease,1
2022,10,Bihar,Hepatitis B,1
2022,10,Bihar,Hypertension,1
2022,10,Bihar,Jaundice (Hepatitis A),1
2022,10,Bihar,Kala-Azar,1
2022,10,Bihar,Leptospirosis,2
2022,10,Bihar,Oral Cancer,1
2022,10,Bihar,Thalassemia,1
2022,10,Bihar,Tuberculosis,3
2022,10,Chhattisgarh,Chronic Kidney Disease,1
2022,10,Chhattisgarh,Leptospirosis,2
2022,10,Chhattisgarh,Oral Cancer,1
2022,10,Chhattisgarh,Stroke,1
2022,10,Goa,Pneumonia,1
2022,10,Gujarat,COPD,1
2022,10,Gujarat,Cholera,1
2022,10,Gujarat,Dengue,3
2022,10,Gujarat,Diabetes (Type 2),1
2022,10,Gujarat,Japanese Encephalitis,2
2022,10,Gujarat,Kala-Azar,1
2022,10,Gujarat,Leptospirosis,2
2022,10,Gujarat,Lung Cancer,1
2022,10,Gujarat,Malaria,1
2022,10,Gujarat,Stroke,1
2022,10,Haryana,Breast Cancer,1
2022,10,Haryana,Cholera,1
2022,10,Haryana,Hepatitis B,1
2022,10,Haryana,Malaria,1
2022,10,Himachal Pradesh,Anxiety Disorder,1
2022,10,Himachal Pradesh,Chronic Kidney Disease,1
2022,10,Jammu and Kashmir,Cholera,1
2022,10,Jammu and Kashmir,Filariasis,1
2022,10,Jammu and Kashmir,Heart Disease,1
2022,10,Jammu and Kashmir,Hepatitis B,1
2022,10,Jharkhand,Chikungunya,1
2022,10,Jharkhand,Cholera,1
2022,10,Jharkhand,Leptospirosis,1
2022,10,Jharkhand,Malaria,1
2022,10,Jharkhand,Sickle Cell Anemia,1
2022,10,Jharkhand,Stroke,1
2022,10,Jharkhand,Tuberculosis,1
2022,10,Karnataka,Anxiety Disorder,1
2022,10,Karnataka,Cholera,1
2022,10,Karnataka,Dengue,1
2022,10,Karnataka,Filariasis,1
2022,10,Karnataka,Heart Disease,1
2022,10,Karnataka,Hypertension,1
2022,10,Karnataka,Kala-Azar,1
2022,10,Karnataka,Malaria,1
2022,10,Karnataka,Stroke,1
2022,10,Kerala,HIV/AIDS,2
2022,10,Kerala,Japanese Encephalitis,1
2022,10,Kerala,Jaundice (Hepatitis A),1
2022,10,Kerala,Leptospirosis,1
2022,10,Kerala,Malaria,1
2022,10,Madhya Pradesh,Asthma,1
2022,10,Madhya Pradesh,Chikungunya,1
2022,10,Madhya Pradesh,Cholera,3
2022,10,Madhya Pradesh,Chronic Kidney Disease,3
2022,10,Madhya Pradesh,Dengue,2
2022,10,Madhya Pradesh,Filariasis,2
2022,10,Madhya Pradesh,HIV/AIDS,1
2022,10,Madhya Pradesh,Hypertension,1
2022,10,Madhya Pradesh,Kala-Azar,1
2022,10,Madhya Pradesh,Leptospirosis,1
2022,10,Madhya Pradesh,Malaria,2
2022,10,Madhya Pradesh,Oral Cancer,2
2022,10,Madhya Pradesh,Pneumonia,1
2022,10,Madhya Pradesh,Stroke,2
2022,10,Madhya Pradesh,Swine Flu (H1N1),1
2022,10,Madhya Pradesh,Tuberculosis,1
2022,10,Madhya Pradesh,Typhoid,1
2022,10,Maharashtra,Chikungunya,4
2022,10,Maharashtra,Cholera,2
2022,10,Maharashtra,Dengue,2
2022,10,Maharashtra,Gastroenteritis,1
2022,10,Maharashtra,Heart Disease,1
2022,10,Maharashtra,Hypertension,1
2022,10,Maharashtra,Japanese Encephalitis,1
2022,10,Maharashtra,Leptospirosis,3
2022,10,Maharashtra,Lung Cancer,1
2022,10,Maharashtra,Malaria,2
2022,10,Maharashtra,Oral Cancer,1
2022,10,Maharashtra,Pneumonia,1
2022,10,Maharashtra,Stroke,2
2022,10,Maharashtra,Tuberculosis,2
2022,10,Maharashtra,Typhoid,1
2022,10,Meghalaya,Leptospirosis,1
2022,10,NCT of Delhi,Typhoid,1
2022,10,Nagaland,Dengue,1
2022,10,Odisha,Chikungunya,1
2022,10,Odisha,Depression,1
2022,10,Odisha,Diabetes (Type 2),1
2022,10,Odisha,Hepatitis B,1
2022,10,Odisha,Lung Cancer,1
2022,10,Odisha,Malaria,1
2022,10,Odisha,Thalassemia,1
2022,10,Punjab,Chikungunya,2
2022,10,Punjab,Lung Cancer,1
2022,10,Rajasthan,Chikungunya,1
2022,10,Rajasthan,Diarrhea,1
2022,10,Rajasthan,Heart Disease,1
2022,10,Rajasthan,Kala-Azar,1
2022,10,Rajasthan,Malaria,2
2022,10,Rajasthan,Stroke,1
2022,10,Rajasthan,Thalassemia,1
2022,10,Tamil Nadu,Anxiety Disorder,1
2022,10,Tamil Nadu,Breast Cancer,1
2022,10,Tamil Nadu,Cholera,1
2022,10,Tamil Nadu,Depression,1
2022,10,Tamil Nadu,Diarrhea,1
2022,10,Tamil Nadu,Jaundice (Hepatitis A),1
2022,10,Tamil Nadu,Kala-Azar,1
2022,10,Tamil Nadu,Leptospirosis,2
2022,10,Tamil Nadu,Malaria,1
2022,10,Tamil Nadu,Stroke,1
2022,10,Tamil Nadu,Thalassemia,1
2022,10,Tamil Nadu,Tuberculosis,3
2022,10,Telangana,Cholera,1
2022,10,Telangana,Dengue,1
2022,10,Tripura,Kala-Azar,1
2022,10,Uttar Pradesh,Anxiety Disorder,2
2022,10,Uttar Pradesh,COPD,1
2022,10,Uttar Pradesh,COVID-19,1
2022,10,Uttar Pradesh,Chikungunya,2
2022,10,Uttar Pradesh,Cholera,1
2022,10,Uttar Pradesh,Chronic Kidney Disease,1
2022,10,Uttar Pradesh,Dengue,1
2022,10,Uttar Pradesh,Depression,1
2022,10,Uttar Pradesh,Diarrhea,1
2022,10,Uttar Pradesh,HIV/AIDS,3
2022,10,Uttar Pradesh,Hepatitis B,2
2022,10,Uttar Pradesh,Hypertension,3
2022,10,Uttar Pradesh,Leptospirosis,5
2022,10,Uttar Pradesh,Lung Cancer,2
2022,10,Uttar Pradesh,Malaria,2
2022,10,Uttar Pradesh,Oral Cancer,2
2022,10,Uttar Pradesh,Pneumonia,1
2022,10,Uttar Pradesh,Tuberculosis,3
2022,10,Uttar Pradesh,Typhoid,1
2022,10,Uttarakhand,Diabetes (Type 2),1
2022,10,Uttarakhand,Hypertension,1
2022,10,Uttarakhand,Leptospirosis,1
2022,10,Uttarakhand,Oral Cancer,1
2022,10,Uttarakhand,Stroke,1
2022,10,West Bengal,Anxiety Disorder,1
2022,10,West Bengal,Breast Cancer,1
2022,10,West Bengal,Diarrhea,1
2022,10,West Bengal,Gastroenteritis,1
2022,10,West Bengal,Hepatitis B,2
2022,10,West Bengal,Hypertension,1
2022,10,West Bengal,Leptospirosis,2
2022,10,West Bengal,Oral Cancer,1
2022,10,West Bengal,Thalassemia,1
2022,11,Andhra Pradesh,Dengue,1
2022,11,Andhra Pradesh,Diabetes (Type 2),1
2022,11,Andhra Pradesh,Diarrhea,1
2022,11,Andhra Pradesh,Jaundice (Hepatitis A),1
2022,11,Andhra Pradesh,Pneumonia,1
2022,11,Andhra Pradesh,Typhoid,1
2022,11,Arunachal Pradesh,HIV/AIDS,1
2022,11,Assam,COPD,1
2022,11,Assam,Filariasis,1
2022,11,Assam,Japanese Encephalitis,1
2022,11,Assam,Thalassemia,1
2022,11,Bihar,Breast Cancer,1
2022,11,Bihar,COPD,2
2022,11,Bihar,COVID-19,1
2022,11,Bihar,Chronic Kidney Disease,1
2022,11,Bihar,Diarrhea,4
2022,11,Bihar,Gastroenteritis,1
2022,11,Bihar,Jaundice (Hepatitis A),1
2022,11,Bihar,Kala-Azar,1
2022,11,Bihar,Lung Cancer,1
2022,11,Bihar,Pneumonia,2
2022,11,Bihar,Sickle Cell Anemia,1
2022,11,Bihar,Typhoid,1
2022,11,Chhattisgarh,Chronic Kidney Disease,2
2022,11,Chhattisgarh,Diabetes (Type 2),1
2022,11,Chhattisgarh,Hypertension,1
2022,11,Chhattisgarh,Swine Flu (H1N1),1
2022,11,Gujarat,Asthma,2
2022,11,Gujarat,Breast Cancer,1
2022,11,Gujarat,COPD,1
2022,11,Gujarat,Filariasis,2
2022,11,Gujarat,Heart Disease,1
2022,11,Gujarat,Lung Cancer,1
2022,11,Gujarat,Typhoid,1
2022,11,Haryana,COPD,1
2022,11,Haryana,COVID-19,1
2022,11,Haryana,Chronic Kidney Disease,1
2022,11,Haryana,Filariasis,1
2022,11,Haryana,Hypertension,1
2022,11,Haryana,Jaundice (Hepatitis A),1
2022,11,Haryana,Kala-Azar,1
2022,11,Himachal Pradesh,Breast Cancer,1
2022,11,Himachal Pradesh,COVID-19,1
2022,11,Himachal Pradesh,Hepatitis B,1
2022,11,Jammu and Kashmir,COVID-19,1
2022,11,Jammu and Kashmir,Diabetes (Type 2),1
2022,11,Jammu and Kashmir,HIV/AIDS,1
2022,11,Jammu and Kashmir,Swine Flu (H1N1),1
2022,11,Jammu and Kashmir,Tuberculosis,1
2022,11,Jharkhand,HIV/AIDS,1
2022,11,Jharkhand,Swine Flu (H1N1),1
2022,11,Karnataka,Breast Cancer,2
2022,11,Karnataka,Chronic Kidney Disease,1
2022,11,Karnataka,Diabetes (Type 2),1
2022,11,Karnataka,Diarrhea,1
2022,11,Karnataka,Gastroenteritis,1
2022,11,Karnataka,Heart Disease,1
2022,11,Karnataka,Hepatitis B,1
2022,11,Karnataka,Malaria,1
2022,11,Karnataka,Oral Cancer,1
2022,11,Karnataka,Typhoid,1
2022,11,Kerala,Asthma,1
2022,11,Kerala,Hypertension,1
2022,11,Kerala,Lung Cancer,1
2022,11,Kerala,Pneumonia,1
2022,11,Madhya Pradesh,Asthma,1
2022,11,Madhya Pradesh,Breast Cancer,1
2022,11,Madhya Pradesh,COPD,1
2022,11,Madhya Pradesh,COVID-19,3
2022,11,Madhya Pradesh,Diabetes (Type 2),1
2022,11,Madhya Pradesh,Gastroenteritis,1
2022,11,Madhya Pradesh,HIV/AIDS,1
2022,11,Madhya Pradesh,Heart Disease,2
2022,11,Madhya Pradesh,Kala-Azar,1
2022,11,Madhya Pradesh,Swine Flu (H1N1),1
2022,11,Madhya Pradesh,Tuberculosis,2
2022,11,Maharashtra,Asthma,1
2022,11,Maharashtra,COPD,1
2022,11,Maharashtra,COVID-19,1
2022,11,Maharashtra,Diabetes (Type 2),1
2022,11,Maharashtra,Diarrhea,1
2022,11,Maharashtra,HIV/AIDS,1
2022,11,Maharashtra,Japanese Encephalitis,2
2022,11,Maharashtra,Oral Cancer,1
2022,11,Maharashtra,Pneumonia,2
2022,11,Maharashtra,Stroke,1
2022,11,Maharashtra,Swine Flu (H1N1),1
2022,11,Maharashtra,Tuberculosis,1
2022,11,Maharashtra,Typhoid,1
2022,11,Manipur,Pneumonia,1
2022,11,Meghalaya,Sickle Cell Anemia,1
2022,11,Nagaland,Asthma,1
2022,11,Nagaland,Heart Disease,1
2022,11,Odisha,Asthma,1
2022,11,Odisha,COPD,1
2022,11,Odisha,COVID-19,1
2022,11,Odisha,Depression,1
2022,11,Odisha,Diabetes (Type 2),1
2022,11,Odisha,Diarrhea,1
2022,11,Odisha,Hepatitis B,1
2022,11,Odisha,Kala-Azar,1
2022,11,Odisha,Malaria,1
2022,11,Odisha,Oral Cancer,1
2022,11,Odisha,Thalassemia,1
2022,11,Odisha,Typhoid,1
2022,11,Punjab,Anxiety Disorder,1
2022,11,Punjab,COPD,1
2022,11,Punjab,Gastroenteritis,1
2022,11,Punjab,Hepatitis B,1
2022,11,Punjab,Pneumonia,1
2022,11,Punjab,Typhoid,1
2022,11,Rajasthan,Asthma,1
2022,11,Rajasthan,Dengue,1
2022,11,Rajasthan,Depression,1
2022,11,Rajasthan,Diabetes (Type 2),1
2022,11,Rajasthan,Diarrhea,1
2022,11,Rajasthan,Filariasis,2
2022,11,Rajasthan,Gastroenteritis,2
2022,11,Rajasthan,Japanese Encephalitis,1
2022,11,Rajasthan,Leptospirosis,1
2022,11,Rajasthan,Oral Cancer,1
2022,11,Rajasthan,Stroke,1
2022,11,Rajasthan,Swine Flu (H1N1),1
2022,11,Rajasthan,Tuberculosis,1
2022,11,Sikkim,Asthma,2
2022,11,Tamil Nadu,Anxiety Disorder,1
2022,11,Tamil Nadu,Asthma,1
2022,11,Tamil Nadu,COPD,1
2022,11,Tamil Nadu,Chronic Kidney Disease,1
2022,11,Tamil Nadu,Depression,1
2022,11,Tamil Nadu,Filariasis,2
2022,11,Tamil Nadu,Heart Disease,1
2022,11,Tamil Nadu,Hypertension,1
2022,11,Tamil Nadu,Japanese Encephalitis,1
2022,11,Tamil Nadu,Leptospirosis,1
2022,11,Tamil Nadu,Oral Cancer,2
2022,11,Tamil Nadu,Tuberculosis,1
2022,11,Telangana,COPD,1
2022,11,Telangana,Filariasis,1
2022,11,Telangana,Heart Disease,3
2022,11,Telangana,Hypertension,1
2022,11,Telangana,Thalassemia,1
2022,11,Telangana,Typhoid,1
2022,11,Uttar Pradesh,Asthma,4
2022,11,Uttar Pradesh,COPD,3
2022,11,Uttar Pradesh,COVID-19,1
2022,11,Uttar Pradesh,Depression,1
2022,11,Uttar Pradesh,Diabetes (Type 2),2
2022,11,Uttar Pradesh,Filariasis,2
2022,11,Uttar Pradesh,Hepatitis B,3
2022,11,Uttar Pradesh,Hypertension,1
2022,11,Uttar Pradesh,Japanese Encephalitis,2
2022,11,Uttar Pradesh,Kala-Azar,2
2022,11,Uttar Pradesh,Leptospirosis,1
2022,11,Uttar Pradesh,Lung Cancer,3
2022,11,Uttar Pradesh,Sickle Cell Anemia,1
2022,11,Uttar Pradesh,Stroke,1
2022,11,Uttar Pradesh,Swine Flu (H1N1),1
2022,11,Uttar Pradesh,Thalassemia,1
2022,11,Uttar Pradesh,Tuberculosis,1
2022,11,Uttarakhand,Filariasis,1
2022,11,Uttarakhand,Gastroenteritis,1
2022,11,West Bengal,Asthma,2
2022,11,West Bengal,COPD,1
2022,11,West Bengal,COVID-19,1
2022,11,West Bengal,Depression,1
2022,11,West Bengal,Diabetes (Type 2),1
2022,11,West Bengal,Diarrhea,1
2022,11,West Bengal,Gastroenteritis,1
2022,11,West Bengal,HIV/AIDS,1
2022,11,West Bengal,Heart Disease,2
2022,11,West Bengal,Japanese Encephalitis,1
2022,11,West Bengal,Jaundice (Hepatitis A),1
2022,11,West Bengal,Leptospirosis,1
2022,11,West Bengal,Swine Flu (H1N1),1
2022,11,West Bengal,Thalassemia,2
2022,11,West Bengal,Tuberculosis,1
2022,11,West Bengal,Typhoid,1
2022,12,Andhra Pradesh,Asthma,1
2022,12,Andhra Pradesh,COPD,1
2022,12,Andhra Pradesh,COVID-19,1
2022,12,Andhra Pradesh,Depression,1
2022,12,Andhra Pradesh,Diabetes (Type 2),1
2022,12,Andhra Pradesh,Gastroenteritis,1
2022,12,Andhra Pradesh,Heart Disease,1
2022,12,Andhra Pradesh,Hypertension,1
2022,12,Andhra Pradesh,Jaundice (Hepatitis A),1
2022,12,Andhra Pradesh,Pneumonia,1
2022,12,Assam,Asthma,1
2022,12,Assam,COPD,1
2022,12,Assam,COVID-19,2
2022,12,Assam,Depression,1
2022,12,Assam,Diabetes (Type 2),1
2022,12,Assam,HIV/AIDS,2
2022,12,Assam,Japanese Encephalitis,1
2022,12,Assam,Pneumonia,1
2022,12,Assam,Typhoid,1
2022,12,Bihar,COPD,3
2022,12,Bihar,COVID-19,2
2022,12,Bihar,Chikungunya,1
2022,12,Bihar,Diabetes (Type 2),1
2022,12,Bihar,Diarrhea,1
2022,12,Bihar,Gastroenteritis,1
2022,12,Bihar,Heart Disease,2
2022,12,Bihar,Kala-Azar,3
2022,12,Bihar,Leptospirosis,1
2022,12,Bihar,Oral Cancer,2
2022,12,Bihar,Pneumonia,2
2022,12,Bihar,Stroke,2
2022,12,Bihar,Swine Flu (H1N1),2
2022,12,Bihar,Thalassemia,2
2022,12,Bihar,Tuberculosis,1
2022,12,Chhattisgarh,COVID-19,1
2022,12,Chhattisgarh,Diarrhea,1
2022,12,Chhattisgarh,Heart Disease,1
2022,12,Chhattisgarh,Pneumonia,1
2022,12,Chhattisgarh,Stroke,1
2022,12,Chhattisgarh,Thalassemia,1
2022,12,Goa,COPD,1
2022,12,Gujarat,Anxiety Disorder,1
2022,12,Gujarat,Asthma,1
2022,12,Gujarat,Breast Cancer,1
2022,12,Gujarat,COVID-19,1
2022,12,Gujarat,Chronic Kidney Disease,1
2022,12,Gujarat,Diarrhea,1
2022,12,Gujarat,Malaria,1
2022,12,Gujarat,Pneumonia,1
2022,12,Haryana,Heart Disease,1
2022,12,Haryana,Leptospirosis,1
2022,12,Haryana,Pneumonia,2
2022,12,Haryana,Stroke,1
2022,12,Haryana,Typhoid,1
2022,12,Himachal Pradesh,Anxiety Disorder,1
2022,12,Himachal Pradesh,COPD,1
2022,12,Jammu and Kashmir,Typhoid,1
2022,12,Jharkhand,Asthma,1
2022,12,Jharkhand,COVID-19,3
2022,12,Jharkhand,Depression,1
2022,12,Jharkhand,Lung Cancer,1
2022,12,Jharkhand,Typhoid,1
2022,12,Karnataka,COPD,2
2022,12,Karnataka,Diabetes (Type 2),1
2022,12,Karnataka,Diarrhea,1
2022,12,Karnataka,Filariasis,2
2022,12,Karnataka,Kala-Azar,1
2022,12,Karnataka,Leptospirosis,1
2022,12,Karnataka,Pneumonia,2
2022,12,Karnataka,Typhoid,1
2022,12,Kerala,Hypertension,1
2022,12,Kerala,Japanese Encephalitis,1
2022,12,Kerala,Stroke,1
2022,12,Kerala,Swine Flu (H1N1),1
2022,12,Kerala,Thalassemia,1
2022,12,Madhya Pradesh,Asthma,2
2022,12,Madhya Pradesh,Breast Cancer,1
2022,12,Madhya Pradesh,COPD,3
2022,12,Madhya Pradesh,Chronic Kidney Disease,1
2022,12,Madhya Pradesh,Filariasis,2
2022,12,Madhya Pradesh,Leptospirosis,1
2022,12,Madhya Pradesh,Oral Cancer,1
2022,12,Madhya Pradesh,Pneumonia,1
2022,12,Madhya Pradesh,Sickle Cell Anemia,1
2022,12,Madhya Pradesh,Stroke,1
2022,12,Madhya Pradesh,Swine Flu (H1N1),2
2022,12,Madhya Pradesh,Thalassemia,1
2022,12,Madhya Pradesh,Tuberculosis,2
2022,12,Madhya Pradesh,Typhoid,1
2022,12,Maharashtra,Anxiety Disorder,1
2022,12,Maharashtra,Breast Cancer,1
2022,12,Maharashtra,COPD,4
2022,12,Maharashtra,COVID-19,2
2022,12,Maharashtra,Chronic Kidney Disease,1
2022,12,Maharashtra,Depression,3
2022,12,Maharashtra,Diabetes (Type 2),2
2022,12,Maharashtra,Diarrhea,1
2022,12,Maharashtra,Filariasis,1
2022,12,Maharashtra,HIV/AIDS,1
2022,12,Maharashtra,Heart Disease,3
2022,12,Maharashtra,Hepatitis B,1
2022,12,Maharashtra,Kala-Azar,1
2022,12,Maharashtra,Lung Cancer,2
2022,12,Maharashtra,Oral Cancer,1
2022,12,Maharashtra,Pneumonia,2
2022,12,Maharashtra,Sickle Cell Anemia,1
2022,12,Maharashtra,Stroke,1
2022,12,Maharashtra,Swine Flu (H1N1),2
2022,12,Maharashtra,Thalassemia,1
2022,12,Maharashtra,Typhoid,1
2022,12,Manipur,Breast Cancer,1
2022,12,Mizoram,COPD,1
2022,12,NCT of Delhi,Asthma,1
2022,12,Nagaland,Diarrhea,1
2022,12,Nagaland,Typhoid,1
2022,12,Odisha,Anxiety Disorder,1
2022,12,Odisha,Asthma,1
2022,12,Odisha,COVID-19,1
2022,12,Odisha,Cholera,1
2022,12,Odisha,Depression,1
2022,12,Odisha,Hepatitis B,1
2022,12,Odisha,Kala-Azar,1
2022,12,Odisha,Oral Cancer,1
2022,12,Odisha,Pneumonia,1
2022,12,Odisha,Swine Flu (H1N1),2
2022,12,Puducherry,Hypertension,1
2022,12,Punjab,Pneumonia,1
2022,12,Punjab,Thalassemia,1
2022,12,Rajasthan,Asthma,1
2022,12,Rajasthan,COPD,2
2022,12,Rajasthan,Depression,1
2022,12,Rajasthan,Diabetes (Type 2),1
2022,12,Rajasthan,Filariasis,1
2022,12,Rajasthan,Heart Disease,1
2022,12,Rajasthan,Japanese Encephalitis,1
2022,12,Rajasthan,Jaundice (Hepatitis A),1
2022,12,Rajasthan,Leptospirosis,1
2022,12,Rajasthan,Oral Cancer,2
2022,12,Rajasthan,Swine Flu (H1N1),1
2022,12,Tamil Nadu,Asthma,2
2022,12,Tamil Nadu,HIV/AIDS,1
2022,12,Tamil Nadu,Heart Disease,1
2022,12,Tamil Nadu,Lung Cancer,1
2022,12,Tamil Nadu,Oral Cancer,2
2022,12,Tamil Nadu,Swine Flu (H1N1),2
2022,12,Tamil Nadu,Thalassemia,1
2022,12,Telangana,Diabetes (Type 2),1
2022,12,Telangana,Filariasis,1
2022,12,Telangana,Hepatitis B,1
2022,12,Telangana,Japanese Encephalitis,2
2022,12,Telangana,Leptospirosis,1
2022,12,Uttar Pradesh,COPD,2
2022,12,Uttar Pradesh,COVID-19,1
2022,12,Uttar Pradesh,Diabetes (Type 2),1
2022,12,Uttar Pradesh,Diarrhea,1
2022,12,Uttar Pradesh,Filariasis,1
2022,12,Uttar Pradesh,Hepatitis B,2
2022,12,Uttar Pradesh,Hypertension,1
2022,12,Uttar Pradesh,Kala-Azar,3
2022,12,Uttar Pradesh,Lung Cancer,2
2022,12,Uttar Pradesh,Oral Cancer,2
2022,12,Uttar Pradesh,Sickle Cell Anemia,1
2022,12,Uttar Pradesh,Swine Flu (H1N1),1
2022,12,Uttar Pradesh,Tuberculosis,1
2022,12,Uttar Pradesh,Typhoid,3
2022,12,Uttarakhand,COVID-19,1
2022,12,Uttarakhand,HIV/AIDS,1
2022,12,Uttarakhand,Hypertension,1
2022,12,Uttarakhand,Typhoid,1
2022,12,West Bengal,Breast Cancer,2
2022,12,West Bengal,COPD,1
2022,12,West Bengal,Dengue,2
2022,12,West Bengal,Depression,1
2022,12,West Bengal,Diabetes (Type 2),1
2022,12,West Bengal,Filariasis,1
2022,12,West Bengal,Japanese Encephalitis,1
2022,12,West Bengal,Oral Cancer,1
2022,12,West Bengal,Sickle Cell Anemia,1
2022,12,West Bengal,Thalassemia,1
2022,12,West Bengal,Typhoid,1
2023,1,Andhra Pradesh,Asthma,1
2023,1,Andhra Pradesh,Breast Cancer,3
2023,1,Andhra Pradesh,COPD,2
2023,1,Andhra Pradesh,Dengue,1
2023,1,Andhra Pradesh,Filariasis,1
2023,1,Andhra Pradesh,HIV/AIDS,1
2023,1,Andhra Pradesh,Hypertension,1
2023,1,Andhra Pradesh,Leptospirosis,1
2023,1,Andhra Pradesh,Lung Cancer,1
2023,1,Andhra Pradesh,Sickle Cell Anemia,1
2023,1,Assam,COVID-19,1
2023,1,Assam,Japanese Encephalitis,1
2023,1,Assam,Lung Cancer,2
2023,1,Assam,Thalassemia,1
2023,1,Assam,Tuberculosis,1
2023,1,Bihar,Asthma,1
2023,1,Bihar,Breast Cancer,1
2023,1,Bihar,Diabetes (Type 2),1
2023,1,Bihar,Filariasis,1
2023,1,Bihar,HIV/AIDS,1
2023,1,Bihar,Heart Disease,1
2023,1,Bihar,Hepatitis B,1
2023,1,Bihar,Hypertension,2
2023,1,Bihar,Japanese Encephalitis,1
2023,1,Bihar,Lung Cancer,1
2023,1,Bihar,Pneumonia,4
2023,1,Bihar,Swine Flu (H1N1),1
2023,1,Bihar,Tuberculosis,1
2023,1,Chhattisgarh,Anxiety Disorder,1
2023,1,Chhattisgarh,Asthma,1
2023,1,Chhattisgarh,COPD,1
2023,1,Chhattisgarh,Depression,1
2023,1,Chhattisgarh,Filariasis,1
2023,1,Chhattisgarh,Pneumonia,2
2023,1,Chhattisgarh,Thalassemia,1
2023,1,Gujarat,Breast Cancer,1
2023,1,Gujarat,COVID-19,1
2023,1,Gujarat,Gastroenteritis,1
2023,1,Gujarat,HIV/AIDS,1
2023,1,Gujarat,Heart Disease,1
2023,1,Gujarat,Japanese Encephalitis,1
2023,1,Gujarat,Jaundice (Hepatitis A),1
2023,1,Gujarat,Stroke,1
2023,1,Haryana,Gastroenteritis,1
2023,1,Haryana,Japanese Encephalitis,1
2023,1,Haryana,Kala-Azar,1
2023,1,Haryana,Swine Flu (H1N1),1
2023,1,Haryana,Typhoid,1
2023,1,Himachal Pradesh,Sickle Cell Anemia,1
2023,1,Himachal Pradesh,Thalassemia,1
2023,1,Jammu and Kashmir,Hypertension,1
2023,1,Jharkhand,COVID-19,1
2023,1,Jharkhand,Jaundice (Hepatitis A),1
2023,1,Jharkhand,Stroke,1
2023,1,Karnataka,Asthma,1
2023,1,Karnataka,COVID-19,2
2023,1,Karnataka,Depression,1
2023,1,Karnataka,Diarrhea,1
2023,1,Karnataka,Gastroenteritis,1
2023,1,Karnataka,Oral Cancer,2
2023,1,Karnataka,Pneumonia,2
2023,1,Kerala,Anxiety Disorder,1
2023,1,Kerala,Chronic Kidney Disease,1
2023,1,Kerala,Dengue,1
2023,1,Kerala,Depression,1
2023,1,Kerala,Diabetes (Type 2),1
2023,1,Kerala,Pneumonia,1
2023,1,Kerala,Thalassemia,1
2023,1,Madhya Pradesh,Anxiety Disorder,2
2023,1,Madhya Pradesh,Asthma,2
2023,1,Madhya Pradesh,Diarrhea,1
2023,1,Madhya Pradesh,Filariasis,1
2023,1,Madhya Pradesh,Japanese Encephalitis,1
2023,1,Madhya Pradesh,Kala-Azar,1
2023,1,Madhya Pradesh,Oral Cancer,2
2023,1,Madhya Pradesh,Swine Flu (H1N1),1
2023,1,Madhya Pradesh,Thalassemia,1
2023,1,Maharashtra,Asthma,1
2023,1,Maharashtra,Breast Cancer,1
2023,1,Maharashtra,COPD,4
2023,1,Maharashtra,COVID-19,1
2023,1,Maharashtra,Depression,1
2023,1,Maharashtra,Diabetes (Type 2),1
2023,1,Maharashtra,Diarrhea,1
2023,1,Maharashtra,Filariasis,2
2023,1,Maharashtra,Gastroenteritis,1
2023,1,Maharashtra,Hepatitis B,1
2023,1,Maharashtra,Lung Cancer,2
2023,1,Maharashtra,Oral Cancer,1
2023,1,Maharashtra,Pneumonia,1
2023,1,Maharashtra,Sickle Cell Anemia,1
2023,1,Maharashtra,Tuberculosis,2
2023,1,Maharashtra,Typhoid,1
2023,1,Meghalaya,Typhoid,1
2023,1,NCT of Delhi,Chikungunya,1
2023,1,NCT of Delhi,Diabetes (Type 2),2
2023,1,NCT of Delhi,Hepatitis B,1
2023,1,NCT of Delhi,Oral Cancer,1
2023,1,Nagaland,Asthma,1
2023,1,Odisha,Breast Cancer,1
2023,1,Odisha,COPD,2
2023,1,Odisha,COVID-19,1
2023,1,Odisha,Chronic Kidney Disease,2
2023,1,Odisha,Gastroenteritis,1
2023,1,Odisha,HIV/AIDS,1
2023,1,Odisha,Stroke,1
2023,1,Odisha,Tuberculosis,1
2023,1,Punjab,Asthma,1
2023,1,Punjab,COPD,2
2023,1,Punjab,Hypertension,1
2023,1,Punjab,Oral Cancer,1
2023,1,Rajasthan,Anxiety Disorder,1
2023,1,Rajasthan,COVID-19,2
2023,1,Rajasthan,Chronic Kidney Disease,2
2023,1,Rajasthan,Dengue,1
2023,1,Rajasthan,Diarrhea,1
2023,1,Rajasthan,Hypertension,1
2023,1,Rajasthan,Japanese Encephalitis,1
2023,1,Rajasthan,Kala-Azar,2
2023,1,Rajasthan,Oral Cancer,3
2023,1,Rajasthan,Tuberculosis,1
2023,1,Tamil Nadu,Asthma,1
2023,1,Tamil Nadu,Breast Cancer,1
2023,1,Tamil Nadu,COPD,2
2023,1,Tamil Nadu,Dengue,1
2023,1,Tamil Nadu,Depression,1
2023,1,Tamil Nadu,Hepatitis B,1
2023,1,Tamil Nadu,Hypertension,1
2023,1,Tamil Nadu,Japanese Encephalitis,1
2023,1,Tamil Nadu,Sickle Cell Anemia,1
2023,1,Tamil Nadu,Swine Flu (H1N1),1
2023,1,Tamil Nadu,Thalassemia,1
2023,1,Telangana,Anxiety Disorder,1
2023,1,Telangana,Asthma,1
2023,1,Telangana,Lung Cancer,1
2023,1,Telangana,Stroke,1
2023,1,Telangana,Thalassemia,1
2023,1,Telangana,Tuberculosis,1
2023,1,Tripura,Chikungunya,1
2023,1,Tripura,Oral Cancer,1
2023,1,Uttar Pradesh,Breast Cancer,2
2023,1,Uttar Pradesh,COPD,4
2023,1,Uttar Pradesh,COVID-19,2
2023,1,Uttar Pradesh,Cholera,1
2023,1,Uttar Pradesh,Chronic Kidney Disease,1
2023,1,Uttar Pradesh,Depression,4
2023,1,Uttar Pradesh,Diarrhea,2
2023,1,Uttar Pradesh,Gastroenteritis,1
2023,1,Uttar Pradesh,HIV/AIDS,1
2023,1,Uttar Pradesh,Heart Disease,1
2023,1,Uttar Pradesh,Japanese Encephalitis,2
2023,1,Uttar Pradesh,Sickle Cell Anemia,1
2023,1,Uttar Pradesh,Stroke,1
2023,1,Uttar Pradesh,Swine Flu (H1N1),1
2023,1,Uttar Pradesh,Thalassemia,1
2023,1,Uttar Pradesh,Tuberculosis,2
2023,1,Uttarakhand,Filariasis,1
2023,1,Uttarakhand,Lung Cancer,1
2023,1,Uttarakhand,Pneumonia,1
2023,1,Uttarakhand,Tuberculosis,1
2023,1,West Bengal,Asthma,1
2023,1,West Bengal,COPD,1
2023,1,West Bengal,COVID-19,1
2023,1,West Bengal,Chronic Kidney Disease,1
2023,1,West Bengal,Diarrhea,1
2023,1,West Bengal,Heart Disease,1
2023,1,West Bengal,Hypertension,2
2023,1,West Bengal,Japanese Encephalitis,1
2023,1,West Bengal,Kala-Azar,2
2023,1,West Bengal,Lung Cancer,2
2023,1,West Bengal,Oral Cancer,1
2023,1,West Bengal,Pneumonia,2
2023,1,West Bengal,Sickle Cell Anemia,1
2023,1,West Bengal,Swine Flu (H1N1),2
2023,1,West Bengal,Thalassemia,2
2023,1,West Bengal,Tuberculosis,1
2023,1,West Bengal,Typhoid,1
2023,2,Andhra Pradesh,Asthma,1
2023,2,Andhra Pradesh,Breast Cancer,1
2023,2,Andhra Pradesh,COPD,1
2023,2,Andhra Pradesh,Cholera,1
2023,2,Andhra Pradesh,HIV/AIDS,1
2023,2,Andhra Pradesh,Heart Disease,2
2023,2,Andhra Pradesh,Japanese Encephalitis,1
2023,2,Andhra Pradesh,Kala-Azar,2
2023,2,Andhra Pradesh,Swine Flu (H1N1),3
2023,2,Arunachal Pradesh,Gastroenteritis,1
2023,2,Assam,COPD,2
2023,2,Assam,COVID-19,2
2023,2,Assam,HIV/AIDS,1
2023,2,Assam,Hypertension,1
2023,2,Assam,Japanese Encephalitis,1
2023,2,Assam,Pneumonia,1
2023,2,Assam,Swine Flu (H1N1),1
2023,2,Assam,Tuberculosis,1
2023,2,Bihar,Asthma,1
2023,2,Bihar,COPD,2
2023,2,Bihar,COVID-19,1
2023,2,Bihar,Chikungunya,2
2023,2,Bihar,Depression,1
2023,2,Bihar,Gastroenteritis,1
2023,2,Bihar,Heart Disease,1
2023,2,Bihar,Hepatitis B,1
2023,2,Bihar,Japanese Encephalitis,2
2023,2,Bihar,Lung Cancer,1
2023,2,Bihar,Pneumonia,1
2023,2,Bihar,Sickle Cell Anemia,1
2023,2,Bihar,Swine Flu (H1N1),1
2023,2,Bihar,Thalassemia,2
2023,2,Bihar,Typhoid,1
2023,2,Chhattisgarh,Breast Cancer,2
2023,2,Chhattisgarh,Diabetes (Type 2),1
2023,2,Chhattisgarh,Swine Flu (H1N1),1
2023,2,Chhattisgarh,Thalassemia,2
2023,2,Goa,Depression,1
2023,2,Gujarat,Asthma,1
2023,2,Gujarat,Breast Cancer,1
2023,2,Gujarat,COVID-19,1
2023,2,Gujarat,Dengue,1
2023,2,Gujarat,Diabetes (Type 2),1
2023,2,Gujarat,Jaundice (Hepatitis A),1
2023,2,Gujarat,Pneumonia,1
2023,2,Gujarat,Swine Flu (H1N1),2
2023,2,Haryana,Anxiety Disorder,2
2023,2,Haryana,Diabetes (Type 2),1
2023,2,Haryana,Pneumonia,1
2023,2,Haryana,Swine Flu (H1N1),1
2023,2,Haryana,Tuberculosis,1
2023,2,Himachal Pradesh,Kala-Azar,1
2023,2,Himachal Pradesh,Swine Flu (H1N1),1
2023,2,Jammu and Kashmir,Hepatitis B,1
2023,2,Jharkhand,COVID-19,2
2023,2,Jharkhand,Chronic Kidney Disease,1
2023,2,Jharkhand,Swine Flu (H1N1),1
2023,2,Karnataka,Asthma,1
2023,2,Karnataka,Breast Cancer,1
2023,2,Karnataka,COVID-19,1
2023,2,Karnataka,Chikungunya,1
2023,2,Karnataka,Pneumonia,1
2023,2,Karnataka,Sickle Cell Anemia,1
2023,2,Karnataka,Swine Flu (H1N1),1
2023,2,Karnataka,Thalassemia,1
2023,2,Karnataka,Typhoid,1
2023,2,Kerala,Chikungunya,1
2023,2,Kerala,Chronic Kidney Disease,1
2023,2,Kerala,Filariasis,1
2023,2,Kerala,Hypertension,1
2023,2,Kerala,Japanese Encephalitis,1
2023,2,Kerala,Kala-Azar,1
2023,2,Kerala,Lung Cancer,1
2023,2,Kerala,Thalassemia,1
2023,2,Kerala,Tuberculosis,1
2023,2,Madhya Pradesh,COPD,4
2023,2,Madhya Pradesh,Diabetes (Type 2),2
2023,2,Madhya Pradesh,Diarrhea,1
2023,2,Madhya Pradesh,Filariasis,1
2023,2,Madhya Pradesh,Heart Disease,1
2023,2,Madhya Pradesh,Hepatitis B,1
2023,2,Madhya Pradesh,Lung Cancer,1
2023,2,Madhya Pradesh,Stroke,1
2023,2,Madhya Pradesh,Swine Flu (H1N1),1
2023,2,Madhya Pradesh,Typhoid,1
2023,2,Maharashtra,Asthma,3
2023,2,Maharashtra,COVID-19,3
2023,2,Maharashtra,Chronic Kidney Disease,1
2023,2,Maharashtra,Diabetes (Type 2),1
2023,2,Maharashtra,Diarrhea,1
2023,2,Maharashtra,Heart Disease,2
2023,2,Maharashtra,Hepatitis B,1
2023,2,Maharashtra,Hypertension,1
2023,2,Maharashtra,Kala-Azar,1
2023,2,Maharashtra,Pneumonia,1
2023,2,Maharashtra,Sickle Cell Anemia,1
2023,2,Maharashtra,Stroke,1
2023,2,Maharashtra,Swine Flu (H1N1),1
2023,2,Maharashtra,Thalassemia,1
2023,2,Maharashtra,Tuberculosis,1
2023,2,Mizoram,Cholera,1
2023,2,NCT of Delhi,Asthma,1
2023,2,NCT of Delhi,Breast Cancer,1
2023,2,NCT of Delhi,Kala-Azar,1
2023,2,NCT of Delhi,Malaria,1
2023,2,NCT of Delhi,Oral Cancer,1
2023,2,NCT of Delhi,Swine Flu (H1N1),1
2023,2,NCT of Delhi,Thalassemia,1
2023,2,Nagaland,Japanese Encephalitis,1
2023,2,Nagaland,Pneumonia,1
2023,2,Nagaland,Typhoid,1
2023,2,Odisha,Asthma,1
2023,2,Odisha,Lung Cancer,1
2023,2,Odisha,Oral Cancer,1
2023,2,Odisha,Swine Flu (H1N1),1
2023,2,Odisha,Typhoid,1
2023,2,Puducherry,Asthma,1
2023,2,Punjab,Anxiety Disorder,1
2023,2,Punjab,Asthma,2
2023,2,Punjab,COPD,1
2023,2,Punjab,COVID-19,2
2023,2,Punjab,Chikungunya,1
2023,2,Punjab,Depression,2
2023,2,Punjab,Heart Disease,1
2023,2,Punjab,Lung Cancer,2
2023,2,Punjab,Sickle Cell Anemia,1
2023,2,Rajasthan,Asthma,1
2023,2,Rajasthan,COPD,2
2023,2,Rajasthan,COVID-19,3
2023,2,Rajasthan,Cholera,1
2023,2,Rajasthan,Chronic Kidney Disease,1
2023,2,Rajasthan,Hepatitis B,1
2023,2,Rajasthan,Hypertension,2
2023,2,Rajasthan,Pneumonia,1
2023,2,Rajasthan,Swine Flu (H1N1),1
2023,2,Rajasthan,Tuberculosis,1
2023,2,Tamil Nadu,Asthma,4
2023,2,Tamil Nadu,Chronic Kidney Disease,1
2023,2,Tamil Nadu,Depression,1
2023,2,Tamil Nadu,Filariasis,1
2023,2,Tamil Nadu,Heart Disease,2
2023,2,Tamil Nadu,Hepatitis B,1
2023,2,Tamil Nadu,Oral Cancer,2
2023,2,Tamil Nadu,Thalassemia,1
2023,2,Telangana,Depression,1
2023,2,Tripura,Japanese Encephalitis,1
2023,2,Uttar Pradesh,Anxiety Disorder,2
2023,2,Uttar Pradesh,Asthma,1
2023,2,Uttar Pradesh,Breast Cancer,1
2023,2,Uttar Pradesh,COPD,5
2023,2,Uttar Pradesh,Depression,1
2023,2,Uttar Pradesh,Diabetes (Type 2),1
2023,2,Uttar Pradesh,Diarrhea,1
2023,2,Uttar Pradesh,Filariasis,2
2023,2,Uttar Pradesh,Gastroenteritis,1
2023,2,Uttar Pradesh,Heart Disease,1
2023,2,Uttar Pradesh,Hepatitis B,1
2023,2,Uttar Pradesh,Hypertension,3
2023,2,Uttar Pradesh,Japanese Encephalitis,1
2023,2,Uttar Pradesh,Kala-Azar,1
2023,2,Uttar Pradesh,Leptospirosis,1
2023,2,Uttar Pradesh,Lung Cancer,1
2023,2,Uttar Pradesh,Oral Cancer,1
2023,2,Uttar Pradesh,Pneumonia,3
2023,2,Uttar Pradesh,Stroke,1
2023,2,Uttar Pradesh,Swine Flu (H1N1),1
2023,2,Uttar Pradesh,Thalassemia,2
2023,2,Uttarakhand,COVID-19,1
2023,2,Uttarakhand,Pneumonia,1
2023,2,West Bengal,Asthma,1
2023,2,West Bengal,COPD,1
2023,2,West Bengal,COVID-19,1
2023,2,West Bengal,Chronic Kidney Disease,1
2023,2,West Bengal,Diabetes (Type 2),1
2023,2,West Bengal,Japanese Encephalitis,1
2023,2,West Bengal,Typhoid,1
2023,3,Andhra Pradesh,Diabetes (Type 2),1
2023,3,Andhra Pradesh,Heart Disease,1
2023,3,Andhra Pradesh,Jaundice (Hepatitis A),1
2023,3,Andhra Pradesh,Stroke,1
2023,3,Assam,Anxiety Disorder,1
2023,3,Assam,Diarrhea,1
2023,3,Assam,HIV/AIDS,1
2023,3,Assam,Japanese Encephalitis,1
2023,3,Assam,Lung Cancer,1
2023,3,Assam,Stroke,1
2023,3,Assam,Tuberculosis,1
2023,3,Bihar,Anxiety Disorder,2
2023,3,Bihar,Dengue,1
2023,3,Bihar,Diabetes (Type 2),2
2023,3,Bihar,Diarrhea,1
2023,3,Bihar,Filariasis,2
2023,3,Bihar,HIV/AIDS,1
2023,3,Bihar,Hypertension,1
2023,3,Bihar,Kala-Azar,1
2023,3,Bihar,Oral Cancer,1
2023,3,Bihar,Thalassemia,1
2023,3,Chandigarh,Hepatitis B,1
2023,3,Chhattisgarh,Cholera,1
2023,3,Chhattisgarh,Diabetes (Type 2),1
2023,3,Chhattisgarh,Sickle Cell Anemia,1
2023,3,Gujarat,Asthma,1
2023,3,Gujarat,Breast Cancer,1
2023,3,Gujarat,Diabetes (Type 2),1
2023,3,Gujarat,Filariasis,1
2023,3,Gujarat,Hypertension,1
2023,3,Gujarat,Kala-Azar,1
2023,3,Gujarat,Lung Cancer,1
2023,3,Gujarat,Pneumonia,1
2023,3,Gujarat,Thalassemia,1
2023,3,Gujarat,Typhoid,1
2023,3,Haryana,COPD,1
2023,3,Haryana,Chikungunya,1
2023,3,Haryana,Hypertension,1
2023,3,Haryana,Oral Cancer,1
2023,3,Haryana,Stroke,1
2023,3,Himachal Pradesh,Malaria,1
2023,3,Himachal Pradesh,Pneumonia,1
2023,3,Jammu and Kashmir,Malaria,1
2023,3,Jammu and Kashmir,Tuberculosis,1
2023,3,Jharkhand,Breast Cancer,1
2023,3,Jharkhand,Filariasis,1
2023,3,Jharkhand,HIV/AIDS,1
2023,3,Jharkhand,Japanese Encephalitis,1
2023,3,Jharkhand,Kala-Azar,1
2023,3,Jharkhand,Stroke,1
2023,3,Karnataka,Chronic Kidney Disease,1
2023,3,Karnataka,Diarrhea,1
2023,3,Karnataka,Japanese Encephalitis,1
2023,3,Karnataka,Oral Cancer,2
2023,3,Karnataka,Tuberculosis,1
2023,3,Kerala,Anxiety Disorder,1
2023,3,Kerala,Diabetes (Type 2),1
2023,3,Kerala,Oral Cancer,1
2023,3,Madhya Pradesh,Breast Cancer,1
2023,3,Madhya Pradesh,Diabetes (Type 2),1
2023,3,Madhya Pradesh,Heart Disease,1
2023,3,Madhya Pradesh,Hypertension,2
2023,3,Madhya Pradesh,Kala-Azar,1
2023,3,Madhya Pradesh,Lung Cancer,2
2023,3,Madhya Pradesh,Pneumonia,1
2023,3,Madhya Pradesh,Stroke,1
2023,3,Madhya Pradesh,Tuberculosis,2
2023,3,Madhya Pradesh,Typhoid,1
2023,3,Maharashtra,Breast Cancer,2
2023,3,Maharashtra,Chronic Kidney Disease,2
2023,3,Maharashtra,Depression,1
2023,3,Maharashtra,Filariasis,1
2023,3,Maharashtra,Lung Cancer,1
2023,3,Maharashtra,Malaria,1
2023,3,Maharashtra,Oral Cancer,1
2023,3,Maharashtra,Thalassemia,2
2023,3,Maharashtra,Typhoid,1
2023,3,Manipur,Diarrhea,1
2023,3,Mizoram,Jaundice (Hepatitis A),1
2023,3,NCT of Delhi,Diarrhea,1
2023,3,NCT of Delhi,Hypertension,1
2023,3,Odisha,Diarrhea,1
2023,3,Odisha,Hypertension,1
2023,3,Odisha,Jaundice (Hepatitis A),1
2023,3,Odisha,Malaria,1
2023,3,Punjab,Hepatitis B,1
2023,3,Punjab,Pneumonia,1
2023,3,Rajasthan,Anxiety Disorder,1
2023,3,Rajasthan,COVID-19,1
2023,3,Rajasthan,Depression,1
2023,3,Rajasthan,Diarrhea,2
2023,3,Rajasthan,Hypertension,1
2023,3,Rajasthan,Japanese Encephalitis,1
2023,3,Rajasthan,Kala-Azar,2
2023,3,Rajasthan,Lung Cancer,1
2023,3,Rajasthan,Sickle Cell Anemia,2
2023,3,Rajasthan,Tuberculosis,2
2023,3,Tamil Nadu,Depression,1
2023,3,Tamil Nadu,Diabetes (Type 2),2
2023,3,Tamil Nadu,Filariasis,1
2023,3,Tamil Nadu,Gastroenteritis,2
2023,3,Tamil Nadu,Hepatitis B,1
2023,3,Tamil Nadu,Japanese Encephalitis,1
2023,3,Tamil Nadu,Oral Cancer,1
2023,3,Tamil Nadu,Sickle Cell Anemia,1
2023,3,Tamil Nadu,Tuberculosis,2
2023,3,Tamil Nadu,Typhoid,1
2023,3,Telangana,Hepatitis B,1
2023,3,Telangana,Hypertension,1
2023,3,Telangana,Oral Cancer,1
2023,3,Telangana,Typhoid,1
2023,3,Uttar Pradesh,COPD,2
2023,3,Uttar Pradesh,Cholera,1
2023,3,Uttar Pradesh,Chronic Kidney Disease,1
2023,3,Uttar Pradesh,Diabetes (Type 2),1
2023,3,Uttar Pradesh,Diarrhea,1
2023,3,Uttar Pradesh,Filariasis,2
2023,3,Uttar Pradesh,Gastroenteritis,1
2023,3,Uttar Pradesh,HIV/AIDS,1
2023,3,Uttar Pradesh,Hypertension,1
2023,3,Uttar Pradesh,Japanese Encephalitis,1
2023,3,Uttar Pradesh,Kala-Azar,1
2023,3,Uttar Pradesh,Leptospirosis,1
2023,3,Uttar Pradesh,Lung Cancer,3
2023,3,Uttar Pradesh,Oral Cancer,1
2023,3,Uttar Pradesh,Pneumonia,1
2023,3,Uttar Pradesh,Sickle Cell Anemia,1
2023,3,Uttar Pradesh,Stroke,1
2023,3,Uttar Pradesh,Thalassemia,1
2023,3,Uttar Pradesh,Typhoid,3
2023,3,West Bengal,Diarrhea,1
2023,3,West Bengal,Hepatitis B,1
2023,3,West Bengal,Japanese Encephalitis,1
2023,3,West Bengal,Thalassemia,1
2023,3,West Bengal,Typhoid,1
2023,4,Andhra Pradesh,Anxiety Disorder,1
2023,4,Andhra Pradesh,Diabetes (Type 2),1
2023,4,Andhra Pradesh,Filariasis,1
2023,4,Andhra Pradesh,Japanese Encephalitis,1
2023,4,Andhra Pradesh,Kala-Azar,1
2023,4,Andhra Pradesh,Malaria,1
2023,4,Andhra Pradesh,Swine Flu (H1N1),1
2023,4,Andhra Pradesh,Thalassemia,1
2023,4,Assam,Gastroenteritis,2
2023,4,Bihar,Asthma,1
2023,4,Bihar,Chronic Kidney Disease,2
2023,4,Bihar,Gastroenteritis,1
2023,4,Bihar,Hepatitis B,1
2023,4,Bihar,Japanese Encephalitis,2
2023,4,Bihar,Stroke,1
2023,4,Bihar,Typhoid,3
2023,4,Chhattisgarh,Diarrhea,1
2023,4,Chhattisgarh,Filariasis,2
2023,4,Chhattisgarh,Gastroenteritis,1
2023,4,Chhattisgarh,Pneumonia,1
2023,4,Chhattisgarh,Thalassemia,1
2023,4,Chhattisgarh,Typhoid,1
2023,4,Gujarat,Gastroenteritis,1
2023,4,Gujarat,Heart Disease,3
2023,4,Gujarat,Hypertension,2
2023,4,Gujarat,Sickle Cell Anemia,1
2023,4,Gujarat,Thalassemia,1
2023,4,Gujarat,Typhoid,1
2023,4,Haryana,Jaundice (Hepatitis A),1
2023,4,Himachal Pradesh,Diarrhea,1
2023,4,Jharkhand,Breast Cancer,1
2023,4,Jharkhand,Filariasis,1
2023,4,Jharkhand,Jaundice (Hepatitis A),2
2023,4,Karnataka,Anxiety Disorder,1
2023,4,Karnataka,Filariasis,1
2023,4,Karnataka,Gastroenteritis,1
2023,4,Karnataka,HIV/AIDS,1
2023,4,Karnataka,Hepatitis B,1
2023,4,Karnataka,Jaundice (Hepatitis A),2
2023,4,Karnataka,Kala-Azar,1
2023,4,Karnataka,Leptospirosis,2
2023,4,Karnataka,Lung Cancer,1
2023,4,Karnataka,Oral Cancer,1
2023,4,Karnataka,Stroke,1
2023,4,Kerala,Jaundice (Hepatitis A),2
2023,4,Kerala,Kala-Azar,2
2023,4,Kerala,Malaria,1
2023,4,Madhya Pradesh,Cholera,1
2023,4,Madhya Pradesh,Filariasis,1
2023,4,Madhya Pradesh,Heart Disease,1
2023,4,Madhya Pradesh,Hepatitis B,2
2023,4,Madhya Pradesh,Jaundice (Hepatitis A),1
2023,4,Madhya Pradesh,Kala-Azar,1
2023,4,Madhya Pradesh,Typhoid,2
2023,4,Maharashtra,Anxiety Disorder,1
2023,4,Maharashtra,Chikungunya,1
2023,4,Maharashtra,Depression,1
2023,4,Maharashtra,Diabetes (Type 2),1
2023,4,Maharashtra,HIV/AIDS,1
2023,4,Maharashtra,Hepatitis B,2
2023,4,Maharashtra,Hypertension,1
2023,4,Maharashtra,Japanese Encephalitis,1
2023,4,Maharashtra,Jaundice (Hepatitis A),1
2023,4,Maharashtra,Malaria,1
2023,4,Maharashtra,Stroke,2
2023,4,Maharashtra,Thalassemia,2
2023,4,Manipur,Gastroenteritis,1
2023,4,Meghalaya,COVID-19,1
2023,4,NCT of Delhi,Diabetes (Type 2),1
2023,4,NCT of Delhi,Tuberculosis,1
2023,4,Odisha,Japanese Encephalitis,1
2023,4,Odisha,Oral Cancer,1
2023,4,Odisha,Stroke,1
2023,4,Punjab,Anxiety Disorder,1
2023,4,Punjab,Chikungunya,2
2023,4,Punjab,Hypertension,1
2023,4,Punjab,Kala-Azar,1
2023,4,Punjab,Typhoid,1
2023,4,Rajasthan,Anxiety Disorder,1
2023,4,Rajasthan,Chronic Kidney Disease,1
2023,4,Rajasthan,Diabetes (Type 2),1
2023,4,Rajasthan,Diarrhea,1
2023,4,Rajasthan,Gastroenteritis,1
2023,4,Rajasthan,Heart Disease,2
2023,4,Rajasthan,Typhoid,1
2023,4,Tamil Nadu,Anxiety Disorder,1
2023,4,Tamil Nadu,Breast Cancer,1
2023,4,Tamil Nadu,COVID-19,1
2023,4,Tamil Nadu,Chronic Kidney Disease,1
2023,4,Tamil Nadu,Diarrhea,1
2023,4,Tamil Nadu,HIV/AIDS,1
2023,4,Tamil Nadu,Hepatitis B,2
2023,4,Tamil Nadu,Jaundice (Hepatitis A),1
2023,4,Tamil Nadu,Oral Cancer,1
2023,4,Telangana,Breast Cancer,1
2023,4,Telangana,Chronic Kidney Disease,1
2023,4,Telangana,Diarrhea,1
2023,4,Telangana,Heart Disease,1
2023,4,Telangana,Leptospirosis,1
2023,4,Telangana,Sickle Cell Anemia,1
2023,4,Telangana,Stroke,1
2023,4,Telangana,Typhoid,1
2023,4,Uttar Pradesh,Anxiety Disorder,1
2023,4,Uttar Pradesh,Breast Cancer,1
2023,4,Uttar Pradesh,COPD,1
2023,4,Uttar Pradesh,COVID-19,2
2023,4,Uttar Pradesh,Cholera,1
2023,4,Uttar Pradesh,Chronic Kidney Disease,2
2023,4,Uttar Pradesh,Dengue,1
2023,4,Uttar Pradesh,Depression,3
2023,4,Uttar Pradesh,Diarrhea,1
2023,4,Uttar Pradesh,Filariasis,1
2023,4,Uttar Pradesh,Gastroenteritis,1
2023,4,Uttar Pradesh,Heart Disease,2
2023,4,Uttar Pradesh,Hepatitis B,1
2023,4,Uttar Pradesh,Hypertension,2
2023,4,Uttar Pradesh,Jaundice (Hepatitis A),2
2023,4,Uttar Pradesh,Kala-Azar,2
2023,4,Uttar Pradesh,Leptospirosis,1
2023,4,Uttar Pradesh,Sickle Cell Anemia,2
2023,4,Uttar Pradesh,Swine Flu (H1N1),1
2023,4,Uttar Pradesh,Thalassemia,1
2023,4,Uttar Pradesh,Tuberculosis,1
2023,4,Uttar Pradesh,Typhoid,1
2023,4,Uttarakhand,Chronic Kidney Disease,1
2023,4,West Bengal,Anxiety Disorder,1
2023,4,West Bengal,COPD,1
2023,4,West Bengal,Chronic Kidney Disease,1
2023,4,West Bengal,Diabetes (Type 2),1
2023,4,West Bengal,Gastroenteritis,3
2023,4,West Bengal,HIV/AIDS,1
2023,4,West Bengal,Heart Disease,1
2023,4,West Bengal,Jaundice (Hepatitis A),2
2023,4,West Bengal,Kala-Azar,1
2023,5,Andhra Pradesh,Gastroenteritis,1
2023,5,Andhra Pradesh,Hypertension,1
2023,5,Andhra Pradesh,Oral Cancer,1
2023,5,Arunachal Pradesh,COPD,1
2023,5,Assam,Breast Cancer,1
2023,5,Assam,HIV/AIDS,1
2023,5,Assam,Japanese Encephalitis,1
2023,5,Assam,Kala-Azar,1
2023,5,Bihar,Breast Cancer,1
2023,5,Bihar,COVID-19,1
2023,5,Bihar,Chronic Kidney Disease,1
2023,5,Bihar,Dengue,1
2023,5,Bihar,Depression,1
2023,5,Bihar,Diarrhea,1
2023,5,Bihar,Filariasis,1
2023,5,Bihar,Gastroenteritis,1
2023,5,Bihar,Hepatitis B,1
2023,5,Bihar,Hypertension,2
2023,5,Bihar,Japanese Encephalitis,1
2023,5,Bihar,Jaundice (Hepatitis A),2
2023,5,Bihar,Kala-Azar,1
2023,5,Bihar,Malaria,1
2023,5,Bihar,Tuberculosis,2
2023,5,Bihar,Typhoid,1
2023,5,Chhattisgarh,Breast Cancer,1
2023,5,Chhattisgarh,Gastroenteritis,1
2023,5,Chhattisgarh,Hypertension,1
2023,5,Chhattisgarh,Jaundice (Hepatitis A),2
2023,5,Chhattisgarh,Sickle Cell Anemia,1
2023,5,Chhattisgarh,Thalassemia,1
2023,5,Gujarat,Asthma,1
2023,5,Gujarat,COPD,1
2023,5,Gujarat,COVID-19,1
2023,5,Gujarat,Gastroenteritis,1
2023,5,Gujarat,Oral Cancer,1
2023,5,Gujarat,Thalassemia,1
2023,5,Gujarat,Tuberculosis,1
2023,5,Haryana,Hepatitis B,2
2023,5,Haryana,Lung Cancer,1
2023,5,Haryana,Sickle Cell Anemia,2
2023,5,Himachal Pradesh,Depression,1
2023,5,Jammu and Kashmir,Jaundice (Hepatitis A),1
2023,5,Jharkhand,Chronic Kidney Disease,1
2023,5,Jharkhand,Heart Disease,1
2023,5,Jharkhand,Lung Cancer,1
2023,5,Jharkhand,Tuberculosis,1
2023,5,Jharkhand,Typhoid,1
2023,5,Karnataka,COVID-19,1
2023,5,Karnataka,Chronic Kidney Disease,1
2023,5,Karnataka,Depression,1
2023,5,Karnataka,Diarrhea,3
2023,5,Karnataka,Tuberculosis,1
2023,5,Kerala,Diarrhea,1
2023,5,Madhya Pradesh,Depression,2
2023,5,Madhya Pradesh,Filariasis,1
2023,5,Madhya Pradesh,HIV/AIDS,1
2023,5,Madhya Pradesh,Heart Disease,3
2023,5,Madhya Pradesh,Oral Cancer,1
2023,5,Madhya Pradesh,Sickle Cell Anemia,1
2023,5,Madhya Pradesh,Stroke,2
2023,5,Maharashtra,Breast Cancer,1
2023,5,Maharashtra,COPD,1
2023,5,Maharashtra,Diabetes (Type 2),1
2023,5,Maharashtra,Diarrhea,1
2023,5,Maharashtra,Filariasis,1
2023,5,Maharashtra,Gastroenteritis,2
2023,5,Maharashtra,Heart Disease,2
2023,5,Maharashtra,Japanese Encephalitis,1
2023,5,Maharashtra,Jaundice (Hepatitis A),1
2023,5,Maharashtra,Kala-Azar,2
2023,5,Maharashtra,Lung Cancer,1
2023,5,Maharashtra,Malaria,1
2023,5,Maharashtra,Oral Cancer,1
2023,5,Maharashtra,Stroke,2
2023,5,Manipur,Gastroenteritis,1
2023,5,Manipur,Oral Cancer,1
2023,5,NCT of Delhi,Filariasis,1
2023,5,NCT of Delhi,Stroke,1
2023,5,NCT of Delhi,Thalassemia,1
2023,5,Nagaland,Kala-Azar,1
2023,5,Odisha,COPD,1
2023,5,Odisha,HIV/AIDS,1
2023,5,Punjab,Pneumonia,2
2023,5,Rajasthan,Diarrhea,1
2023,5,Rajasthan,Gastroenteritis,1
2023,5,Rajasthan,Stroke,1
2023,5,Rajasthan,Tuberculosis,1
2023,5,Tamil Nadu,Anxiety Disorder,1
2023,5,Tamil Nadu,Breast Cancer,2
2023,5,Tamil Nadu,Chronic Kidney Disease,1
2023,5,Tamil Nadu,Depression,1
2023,5,Tamil Nadu,Diarrhea,2
2023,5,Tamil Nadu,Hepatitis B,1
2023,5,Tamil Nadu,Japanese Encephalitis,1
2023,5,Tamil Nadu,Jaundice (Hepatitis A),1
2023,5,Tamil Nadu,Sickle Cell Anemia,1
2023,5,Tamil Nadu,Thalassemia,2
2023,5,Tamil Nadu,Typhoid,1
2023,5,Telangana,Breast Cancer,2
2023,5,Telangana,COVID-19,1
2023,5,Telangana,Gastroenteritis,1
2023,5,Telangana,Hypertension,1
2023,5,Telangana,Kala-Azar,2
2023,5,Telangana,Tuberculosis,1
2023,5,Tripura,Anxiety Disorder,1
2023,5,Tripura,Swine Flu (H1N1),1
2023,5,Uttar Pradesh,Dengue,1
2023,5,Uttar Pradesh,Diabetes (Type 2),3
2023,5,Uttar Pradesh,Diarrhea,1
2023,5,Uttar Pradesh,Gastroenteritis,2
2023,5,Uttar Pradesh,Heart Disease,3
2023,5,Uttar Pradesh,Hypertension,2
2023,5,Uttar Pradesh,Malaria,2
2023,5,Uttar Pradesh,Oral Cancer,1
2023,5,Uttar Pradesh,Sickle Cell Anemia,1
2023,5,Uttar Pradesh,Stroke,1
2023,5,Uttar Pradesh,Tuberculosis,2
2023,5,Uttar Pradesh,Typhoid,1
2023,5,Uttarakhand,Breast Cancer,1
2023,5,Uttarakhand,HIV/AIDS,1
2023,5,Uttarakhand,Thalassemia,1
2023,5,West Bengal,Anxiety Disorder,1
2023,5,West Bengal,Asthma,1
2023,5,West Bengal,Breast Cancer,1
2023,5,West Bengal,Chronic Kidney Disease,1
2023,5,West Bengal,Depression,1
2023,5,West Bengal,Heart Disease,4
2023,5,West Bengal,Jaundice (Hepatitis A),1
2023,5,West Bengal,Leptospirosis,1
2023,5,West Bengal,Pneumonia,1
2023,5,West Bengal,Sickle Cell Anemia,1
2023,5,West Bengal,Stroke,1
2023,6,Andhra Pradesh,Chronic Kidney Disease,1
2023,6,Andhra Pradesh,Depression,1
2023,6,Andhra Pradesh,Gastroenteritis,1
2023,6,Andhra Pradesh,HIV/AIDS,1
2023,6,Andhra Pradesh,Hypertension,1
2023,6,Andhra Pradesh,Japanese Encephalitis,1
2023,6,Assam,Anxiety Disorder,1
2023,6,Assam,Diarrhea,1
2023,6,Assam,Gastroenteritis,1
2023,6,Assam,Hepatitis B,1
2023,6,Assam,Hypertension,1
2023,6,Assam,Jaundice (Hepatitis A),1
2023,6,Assam,Lung Cancer,1
2023,6,Assam,Oral Cancer,2
2023,6,Bihar,Anxiety Disorder,1
2023,6,Bihar,Chikungunya,1
2023,6,Bihar,Chronic Kidney Disease,1
2023,6,Bihar,Diabetes (Type 2),1
2023,6,Bihar,Gastroenteritis,1
2023,6,Bihar,HIV/AIDS,1
2023,6,Bihar,Hepatitis B,1
2023,6,Bihar,Hypertension,2
2023,6,Bihar,Pneumonia,1
2023,6,Bihar,Sickle Cell Anemia,1
2023,6,Bihar,Stroke,1
2023,6,Bihar,Thalassemia,2
2023,6,Chhattisgarh,COPD,1
2023,6,Chhattisgarh,Filariasis,1
2023,6,Chhattisgarh,Hepatitis B,2
2023,6,Chhattisgarh,Jaundice (Hepatitis A),1
2023,6,Chhattisgarh,Malaria,1
2023,6,Chhattisgarh,Tuberculosis,1
2023,6,Goa,Depression,1
2023,6,Goa,Lung Cancer,1
2023,6,Gujarat,Anxiety Disorder,1
2023,6,Gujarat,COPD,1
2023,6,Gujarat,Gastroenteritis,2
2023,6,Gujarat,Jaundice (Hepatitis A),1
2023,6,Gujarat,Kala-Azar,1
2023,6,Gujarat,Oral Cancer,3
2023,6,Gujarat,Stroke,1
2023,6,Haryana,Hepatitis B,1
2023,6,Haryana,Hypertension,1
2023,6,Haryana,Oral Cancer,2
2023,6,Haryana,Thalassemia,1
2023,6,Jammu and Kashmir,Anxiety Disorder,1
2023,6,Jammu and Kashmir,Gastroenteritis,1
2023,6,Jammu and Kashmir,HIV/AIDS,1
2023,6,Jammu and Kashmir,Leptospirosis,1
2023,6,Jammu and Kashmir,Stroke,1
2023,6,Jharkhand,Dengue,1
2023,6,Jharkhand,Depression,1
2023,6,Jharkhand,Lung Cancer,1
2023,6,Jharkhand,Tuberculosis,1
2023,6,Karnataka,Anxiety Disorder,1
2023,6,Karnataka,COPD,2
2023,6,Karnataka,Diarrhea,1
2023,6,Karnataka,Hypertension,1
2023,6,Karnataka,Lung Cancer,1
2023,6,Karnataka,Stroke,1
2023,6,Karnataka,Swine Flu (H1N1),1
2023,6,Kerala,Anxiety Disorder,1
2023,6,Kerala,Gastroenteritis,1
2023,6,Kerala,Heart Disease,1
2023,6,Kerala,Kala-Azar,1
2023,6,Kerala,Stroke,1
2023,6,Madhya Pradesh,COPD,1
2023,6,Madhya Pradesh,Chikungunya,1
2023,6,Madhya Pradesh,Depression,2
2023,6,Madhya Pradesh,Diarrhea,1
2023,6,Madhya Pradesh,Gastroenteritis,2
2023,6,Madhya Pradesh,HIV/AIDS,1
2023,6,Madhya Pradesh,Jaundice (Hepatitis A),1
2023,6,Madhya Pradesh,Kala-Azar,1
2023,6,Madhya Pradesh,Sickle Cell Anemia,1
2023,6,Madhya Pradesh,Stroke,2
2023,6,Madhya Pradesh,Swine Flu (H1N1),2
2023,6,Madhya Pradesh,Tuberculosis,1
2023,6,Madhya Pradesh,Typhoid,1
2023,6,Maharashtra,Filariasis,1
2023,6,Maharashtra,Gastroenteritis,2
2023,6,Maharashtra,HIV/AIDS,1
2023,6,Maharashtra,Hepatitis B,1
2023,6,Maharashtra,Lung Cancer,1
2023,6,Maharashtra,Oral Cancer,1
2023,6,Maharashtra,Stroke,1
2023,6,Maharashtra,Thalassemia,1
2023,6,Maharashtra,Tuberculosis,1
2023,6,Maharashtra,Typhoid,1
2023,6,Manipur,Thalassemia,1
2023,6,Meghalaya,Japanese Encephalitis,1
2023,6,NCT of Delhi,Sickle Cell Anemia,2
2023,6,Nagaland,Sickle Cell Anemia,1
2023,6,Odisha,Depression,2
2023,6,Odisha,Hypertension,1
2023,6,Odisha,Lung Cancer,1
2023,6,Punjab,Cholera,1
2023,6,Punjab,Depression,1
2023,6,Punjab,Gastroenteritis,1
2023,6,Punjab,Lung Cancer,1
2023,6,Rajasthan,COPD,1
2023,6,Rajasthan,Diabetes (Type 2),2
2023,6,Rajasthan,Filariasis,1
2023,6,Rajasthan,Gastroenteritis,1
2023,6,Rajasthan,Hepatitis B,1
2023,6,Rajasthan,Japanese Encephalitis,1
2023,6,Rajasthan,Jaundice (Hepatitis A),1
2023,6,Rajasthan,Stroke,1
2023,6,Rajasthan,Thalassemia,2
2023,6,Tamil Nadu,Anxiety Disorder,1
2023,6,Tamil Nadu,Depression,1
2023,6,Tamil Nadu,Gastroenteritis,1
2023,6,Tamil Nadu,Hepatitis B,1
2023,6,Tamil Nadu,Kala-Azar,1
2023,6,Tamil Nadu,Lung Cancer,2
2023,6,Tamil Nadu,Oral Cancer,2
2023,6,Telangana,Breast Cancer,1
2023,6,Telangana,Japanese Encephalitis,1
2023,6,Telangana,Pneumonia,1
2023,6,Telangana,Sickle Cell Anemia,1
2023,6,Uttar Pradesh,Anxiety Disorder,1
2023,6,Uttar Pradesh,Breast Cancer,2
2023,6,Uttar Pradesh,Cholera,1
2023,6,Uttar Pradesh,Depression,1
2023,6,Uttar Pradesh,Diabetes (Type 2),1
2023,6,Uttar Pradesh,Gastroenteritis,2
2023,6,Uttar Pradesh,Hepatitis B,2
2023,6,Uttar Pradesh,Japanese Encephalitis,2
2023,6,Uttar Pradesh,Jaundice (Hepatitis A),2
2023,6,Uttar Pradesh,Kala-Azar,3
2023,6,Uttar Pradesh,Lung Cancer,2
2023,6,Uttar Pradesh,Oral Cancer,1
2023,6,Uttar Pradesh,Sickle Cell Anemia,1
2023,6,Uttar Pradesh,Stroke,1
2023,6,Uttar Pradesh,Swine Flu (H1N1),1
2023,6,Uttar Pradesh,Thalassemia,1
2023,6,West Bengal,Anxiety Disorder,1
2023,6,West Bengal,Breast Cancer,1
2023,6,West Bengal,Hypertension,1
2023,6,West Bengal,Jaundice (Hepatitis A),1
2023,6,West Bengal,Lung Cancer,1
2023,7,Andhra Pradesh,COVID-19,1
2023,7,Andhra Pradesh,Chikungunya,1
2023,7,Andhra Pradesh,Dengue,1
2023,7,Andhra Pradesh,Diabetes (Type 2),1
2023,7,Andhra Pradesh,Filariasis,1
2023,7,Andhra Pradesh,Gastroenteritis,2
2023,7,Andhra Pradesh,Malaria,1
2023,7,Andhra Pradesh,Oral Cancer,1
2023,7,Assam,Cholera,1
2023,7,Assam,Diabetes (Type 2),1
2023,7,Assam,Leptospirosis,1
2023,7,Assam,Malaria,1
2023,7,Bihar,Anxiety Disorder,1
2023,7,Bihar,Chikungunya,2
2023,7,Bihar,Cholera,1
2023,7,Bihar,Chronic Kidney Disease,1
2023,7,Bihar,Dengue,2
2023,7,Bihar,Depression,1
2023,7,Bihar,Diabetes (Type 2),1
2023,7,Bihar,Filariasis,1
2023,7,Bihar,Hypertension,1
2023,7,Bihar,Kala-Azar,1
2023,7,Bihar,Leptospirosis,3
2023,7,Bihar,Lung Cancer,2
2023,7,Bihar,Pneumonia,1
2023,7,Bihar,Tuberculosis,1
2023,7,Chandigarh,Breast Cancer,1
2023,7,Chhattisgarh,Chikungunya,2
2023,7,Chhattisgarh,Cholera,1
2023,7,Chhattisgarh,Dengue,3
2023,7,Chhattisgarh,Gastroenteritis,1
2023,7,Chhattisgarh,Kala-Azar,1
2023,7,Gujarat,Chikungunya,2
2023,7,Gujarat,Dengue,2
2023,7,Gujarat,Heart Disease,2
2023,7,Gujarat,Hypertension,1
2023,7,Gujarat,Leptospirosis,1
2023,7,Gujarat,Lung Cancer,1
2023,7,Gujarat,Malaria,1
2023,7,Gujarat,Pneumonia,1
2023,7,Gujarat,Sickle Cell Anemia,3
2023,7,Haryana,Depression,1
2023,7,Haryana,Diarrhea,1
2023,7,Haryana,HIV/AIDS,1
2023,7,Haryana,Kala-Azar,1
2023,7,Haryana,Leptospirosis,1
2023,7,Jammu and Kashmir,Malaria,1
2023,7,Jharkhand,Chronic Kidney Disease,1
2023,7,Jharkhand,Dengue,1
2023,7,Jharkhand,Filariasis,1
2023,7,Jharkhand,Hepatitis B,1
2023,7,Jharkhand,Jaundice (Hepatitis A),1
2023,7,Jharkhand,Malaria,1
2023,7,Jharkhand,Pneumonia,1
2023,7,Karnataka,Anxiety Disorder,1
2023,7,Karnataka,Breast Cancer,1
2023,7,Karnataka,Chikungunya,1
2023,7,Karnataka,Cholera,2
2023,7,Karnataka,Chronic Kidney Disease,2
2023,7,Karnataka,Gastroenteritis,2
2023,7,Karnataka,Heart Disease,1
2023,7,Kerala,Breast Cancer,1
2023,7,Kerala,Diarrhea,1
2023,7,Kerala,Gastroenteritis,2
2023,7,Kerala,Japanese Encephalitis,1
2023,7,Kerala,Kala-Azar,1
2023,7,Kerala,Oral Cancer,1
2023,7,Kerala,Typhoid,1
2023,7,Madhya Pradesh,Anxiety Disorder,3
2023,7,Madhya Pradesh,COPD,2
2023,7,Madhya Pradesh,COVID-19,1
2023,7,Madhya Pradesh,Chikungunya,2
2023,7,Madhya Pradesh,Dengue,1
2023,7,Madhya Pradesh,Depression,1
2023,7,Madhya Pradesh,Filariasis,1
2023,7,Madhya Pradesh,Gastroenteritis,1
2023,7,Madhya Pradesh,Kala-Azar,2
2023,7,Madhya Pradesh,Lung Cancer,2
2023,7,Madhya Pradesh,Malaria,2
2023,7,Madhya Pradesh,Pneumonia,1
2023,7,Madhya Pradesh,Thalassemia,1
2023,7,Madhya Pradesh,Tuberculosis,1
2023,7,Maharashtra,COPD,1
2023,7,Maharashtra,Chikungunya,1
2023,7,Maharashtra,Cholera,1
2023,7,Maharashtra,Chronic Kidney Disease,1
2023,7,Maharashtra,Dengue,4
2023,7,Maharashtra,Depression,1
2023,7,Maharashtra,Filariasis,2
2023,7,Maharashtra,Gastroenteritis,2
2023,7,Maharashtra,HIV/AIDS,2
2023,7,Maharashtra,Heart Disease,3
2023,7,Maharashtra,Leptospirosis,3
2023,7,Maharashtra,Lung Cancer,1
2023,7,Maharashtra,Oral Cancer,1
2023,7,Maharashtra,Thalassemia,2
2023,7,Meghalaya,Anxiety Disorder,1
2023,7,Meghalaya,HIV/AIDS,1
2023,7,Meghalaya,Malaria,1
2023,7,Meghalaya,Sickle Cell Anemia,1
2023,7,Meghalaya,Thalassemia,2
2023,7,Mizoram,COPD,1
2023,7,Mizoram,Heart Disease,1
2023,7,NCT of Delhi,Cholera,1
2023,7,NCT of Delhi,Tuberculosis,1
2023,7,Odisha,Chikungunya,1
2023,7,Odisha,Chronic Kidney Disease,1
2023,7,Odisha,Filariasis,1
2023,7,Odisha,Leptospirosis,1
2023,7,Odisha,Malaria,1
2023,7,Odisha,Pneumonia,1
2023,7,Punjab,Breast Cancer,1
2023,7,Punjab,Chronic Kidney Disease,1
2023,7,Punjab,Dengue,1
2023,7,Punjab,Depression,1
2023,7,Punjab,Jaundice (Hepatitis A),1
2023,7,Punjab,Stroke,1
2023,7,Rajasthan,Breast Cancer,1
2023,7,Rajasthan,COVID-19,1
2023,7,Rajasthan,Dengue,2
2023,7,Rajasthan,Diarrhea,1
2023,7,Rajasthan,Gastroenteritis,1
2023,7,Rajasthan,Heart Disease,1
2023,7,Rajasthan,Leptospirosis,1
2023,7,Rajasthan,Malaria,1
2023,7,Rajasthan,Oral Cancer,1
2023,7,Tamil Nadu,Anxiety Disorder,1
2023,7,Tamil Nadu,Cholera,3
2023,7,Tamil Nadu,Diabetes (Type 2),1
2023,7,Tamil Nadu,Filariasis,1
2023,7,Tamil Nadu,Gastroenteritis,1
2023,7,Tamil Nadu,HIV/AIDS,1
2023,7,Tamil Nadu,Lung Cancer,1
2023,7,Tamil Nadu,Malaria,3
2023,7,Tamil Nadu,Stroke,1
2023,7,Tamil Nadu,Swine Flu (H1N1),1
2023,7,Telangana,Chikungunya,2
2023,7,Telangana,Depression,1
2023,7,Telangana,Gastroenteritis,1
2023,7,Telangana,Sickle Cell Anemia,1
2023,7,Telangana,Typhoid,1
2023,7,Tripura,Anxiety Disorder,1
2023,7,Tripura,Chronic Kidney Disease,1
2023,7,Tripura,Depression,1
2023,7,Tripura,Gastroenteritis,1
2023,7,Tripura,Kala-Azar,1
2023,7,Tripura,Lung Cancer,1
2023,7,Uttar Pradesh,Asthma,1
2023,7,Uttar Pradesh,Breast Cancer,1
2023,7,Uttar Pradesh,COPD,2
2023,7,Uttar Pradesh,Chikungunya,1
2023,7,Uttar Pradesh,Chronic Kidney Disease,1
2023,7,Uttar Pradesh,Depression,2
2023,7,Uttar Pradesh,Filariasis,1
2023,7,Uttar Pradesh,HIV/AIDS,1
2023,7,Uttar Pradesh,Heart Disease,1
2023,7,Uttar Pradesh,Hepatitis B,1
2023,7,Uttar Pradesh,Hypertension,1
2023,7,Uttar Pradesh,Japanese Encephalitis,2
2023,7,Uttar Pradesh,Jaundice (Hepatitis A),2
2023,7,Uttar Pradesh,Kala-Azar,1
2023,7,Uttar Pradesh,Leptospirosis,2
2023,7,Uttar Pradesh,Malaria,3
2023,7,Uttar Pradesh,Oral Cancer,1
2023,7,Uttar Pradesh,Sickle Cell Anemia,1
2023,7,Uttar Pradesh,Stroke,1
2023,7,Uttar Pradesh,Thalassemia,2
2023,7,Uttar Pradesh,Tuberculosis,1
2023,7,Uttar Pradesh,Typhoid,1
2023,7,Uttarakhand,Jaundice (Hepatitis A),1
2023,7,West Bengal,Breast Cancer,1
2023,7,West Bengal,Chikungunya,1
2023,7,West Bengal,Cholera,1
2023,7,West Bengal,Chronic Kidney Disease,4
2023,7,West Bengal,Diabetes (Type 2),1
2023,7,West Bengal,Filariasis,1
2023,7,West Bengal,Gastroenteritis,3
2023,7,West Bengal,HIV/AIDS,2
2023,7,West Bengal,Heart Disease,1
2023,7,West Bengal,Hypertension,1
2023,7,West Bengal,Kala-Azar,1
2023,7,West Bengal,Leptospirosis,1
2023,7,West Bengal,Malaria,1
2023,7,West Bengal,Sickle Cell Anemia,2
2023,7,West Bengal,Typhoid,1
2023,8,Andhra Pradesh,Anxiety Disorder,1
2023,8,Andhra Pradesh,COVID-19,1
2023,8,Andhra Pradesh,Chikungunya,1
2023,8,Andhra Pradesh,Heart Disease,1
2023,8,Andhra Pradesh,Japanese Encephalitis,1
2023,8,Andhra Pradesh,Jaundice (Hepatitis A),1
2023,8,Andhra Pradesh,Leptospirosis,3
2023,8,Andhra Pradesh,Malaria,1
2023,8,Andhra Pradesh,Sickle Cell Anemia,1
2023,8,Andhra Pradesh,Thalassemia,2
2023,8,Andhra Pradesh,Tuberculosis,1
2023,8,Assam,Asthma,1
2023,8,Assam,Cholera,1
2023,8,Assam,Dengue,1
2023,8,Assam,Depression,1
2023,8,Assam,Jaundice (Hepatitis A),1
2023,8,Assam,Leptospirosis,1
2023,8,Assam,Pneumonia,1
2023,8,Bihar,Anxiety Disorder,1
2023,8,Bihar,Breast Cancer,1
2023,8,Bihar,Chikungunya,4
2023,8,Bihar,Cholera,3
2023,8,Bihar,Chronic Kidney Disease,1
2023,8,Bihar,Dengue,2
2023,8,Bihar,Depression,1
2023,8,Bihar,Diarrhea,2
2023,8,Bihar,Filariasis,2
2023,8,Bihar,Gastroenteritis,1
2023,8,Bihar,Heart Disease,1
2023,8,Bihar,Hypertension,1
2023,8,Bihar,Jaundice (Hepatitis A),2
2023,8,Bihar,Leptospirosis,3
2023,8,Bihar,Malaria,1
2023,8,Bihar,Oral Cancer,2
2023,8,Bihar,Sickle Cell Anemia,2
2023,8,Chhattisgarh,Asthma,1
2023,8,Chhattisgarh,Diarrhea,1
2023,8,Chhattisgarh,Jaundice (Hepatitis A),1
2023,8,Chhattisgarh,Leptospirosis,2
2023,8,Chhattisgarh,Thalassemia,1
2023,8,Goa,Anxiety Disorder,1
2023,8,Goa,Leptospirosis,1
2023,8,Gujarat,Breast Cancer,1
2023,8,Gujarat,Cholera,1
2023,8,Gujarat,Depression,1
2023,8,Gujarat,Diarrhea,1
2023,8,Gujarat,HIV/AIDS,2
2023,8,Gujarat,Heart Disease,1
2023,8,Gujarat,Hepatitis B,1
2023,8,Gujarat,Malaria,1
2023,8,Gujarat,Pneumonia,1
2023,8,Gujarat,Sickle Cell Anemia,1
2023,8,Gujarat,Typhoid,2
2023,8,Haryana,COPD,1
2023,8,Haryana,Cholera,1
2023,8,Haryana,Dengue,1
2023,8,Haryana,Depression,1
2023,8,Haryana,Gastroenteritis,1
2023,8,Haryana,Swine Flu (H1N1),1
2023,8,Himachal Pradesh,Dengue,1
2023,8,Jammu and Kashmir,Malaria,1
2023,8,Jharkhand,Dengue,1
2023,8,Jharkhand,Depression,1
2023,8,Jharkhand,Leptospirosis,1
2023,8,Jharkhand,Malaria,1
2023,8,Jharkhand,Sickle Cell Anemia,1
2023,8,Jharkhand,Swine Flu (H1N1),1
2023,8,Karnataka,Cholera,1
2023,8,Karnataka,Depression,2
2023,8,Karnataka,Diabetes (Type 2),1
2023,8,Karnataka,Diarrhea,1
2023,8,Karnataka,HIV/AIDS,2
2023,8,Karnataka,Japanese Encephalitis,1
2023,8,Karnataka,Kala-Azar,1
2023,8,Karnataka,Leptospirosis,1
2023,8,Karnataka,Malaria,1
2023,8,Kerala,Breast Cancer,1
2023,8,Kerala,Chikungunya,1
2023,8,Kerala,Dengue,2
2023,8,Kerala,Gastroenteritis,2
2023,8,Kerala,Heart Disease,1
2023,8,Kerala,Hypertension,1
2023,8,Kerala,Jaundice (Hepatitis A),1
2023,8,Madhya Pradesh,COVID-19,1
2023,8,Madhya Pradesh,Chikungunya,1
2023,8,Madhya Pradesh,Chronic Kidney Disease,1
2023,8,Madhya Pradesh,Dengue,2
2023,8,Madhya Pradesh,Depression,1
2023,8,Madhya Pradesh,Diarrhea,1
2023,8,Madhya Pradesh,Filariasis,2
2023,8,Madhya Pradesh,Gastroenteritis,2
2023,8,Madhya Pradesh,Hypertension,2
2023,8,Madhya Pradesh,Kala-Azar,1
2023,8,Madhya Pradesh,Leptospirosis,1
2023,8,Madhya Pradesh,Malaria,2
2023,8,Madhya Pradesh,Pneumonia,1
2023,8,Madhya Pradesh,Sickle Cell Anemia,1
2023,8,Madhya Pradesh,Swine Flu (H1N1),1
2023,8,Madhya Pradesh,Tuberculosis,2
2023,8,Maharashtra,Asthma,1
2023,8,Maharashtra,Chikungunya,5
2023,8,Maharashtra,Cholera,2
2023,8,Maharashtra,Chronic Kidney Disease,2
2023,8,Maharashtra,Dengue,1
2023,8,Maharashtra,Filariasis,3
2023,8,Maharashtra,Hypertension,1
2023,8,Maharashtra,Kala-Azar,1
2023,8,Maharashtra,Leptospirosis,2
2023,8,Maharashtra,Sickle Cell Anemia,2
2023,8,Maharashtra,Thalassemia,1
2023,8,Maharashtra,Tuberculosis,2
2023,8,Maharashtra,Typhoid,1
2023,8,Manipur,Hypertension,1
2023,8,Meghalaya,Chikungunya,1
2023,8,Meghalaya,Filariasis,1
2023,8,Mizoram,Malaria,1
2023,8,NCT of Delhi,Chikungunya,2
2023,8,NCT of Delhi,Cholera,1
2023,8,NCT of Delhi,Hepatitis B,1
2023,8,NCT of Delhi,Hypertension,1
2023,8,NCT of Delhi,Thalassemia,1
2023,8,Odisha,Asthma,1
2023,8,Odisha,Gastroenteritis,1
2023,8,Odisha,HIV/AIDS,1
2023,8,Odisha,Hypertension,1
2023,8,Odisha,Jaundice (Hepatitis A),1
2023,8,Punjab,Anxiety Disorder,1
2023,8,Punjab,Asthma,1
2023,8,Punjab,Breast Cancer,1
2023,8,Punjab,Malaria,1
2023,8,Rajasthan,Anxiety Disorder,1
2023,8,Rajasthan,Depression,1
2023,8,Rajasthan,Diabetes (Type 2),1
2023,8,Rajasthan,Gastroenteritis,3
2023,8,Rajasthan,Hepatitis B,1
2023,8,Rajasthan,Hypertension,2
2023,8,Rajasthan,Jaundice (Hepatitis A),2
2023,8,Rajasthan,Kala-Azar,1
2023,8,Rajasthan,Leptospirosis,1
2023,8,Rajasthan,Lung Cancer,1
2023,8,Rajasthan,Oral Cancer,1
2023,8,Rajasthan,Sickle Cell Anemia,1
2023,8,Rajasthan,Swine Flu (H1N1),1
2023,8,Rajasthan,Tuberculosis,1
2023,8,Tamil Nadu,COVID-19,1
2023,8,Tamil Nadu,Chikungunya,1
2023,8,Tamil Nadu,Cholera,1
2023,8,Tamil Nadu,Depression,1
2023,8,Tamil Nadu,Filariasis,1
2023,8,Tamil Nadu,HIV/AIDS,1
2023,8,Tamil Nadu,Jaundice (Hepatitis A),1
2023,8,Tamil Nadu,Malaria,1
2023,8,Telangana,COPD,1
2023,8,Telangana,Cholera,1
2023,8,Telangana,Dengue,1
2023,8,Telangana,Malaria,1
2023,8,Uttar Pradesh,Chikungunya,2
2023,8,Uttar Pradesh,Cholera,4
2023,8,Uttar Pradesh,Chronic Kidney Disease,1
2023,8,Uttar Pradesh,Dengue,1
2023,8,Uttar Pradesh,Diabetes (Type 2),3
2023,8,Uttar Pradesh,Filariasis,1
2023,8,Uttar Pradesh,Gastroenteritis,1
2023,8,Uttar Pradesh,HIV/AIDS,1
2023,8,Uttar Pradesh,Heart Disease,1
2023,8,Uttar Pradesh,Hepatitis B,1
2023,8,Uttar Pradesh,Japanese Encephalitis,4
2023,8,Uttar Pradesh,Jaundice (Hepatitis A),1
2023,8,Uttar Pradesh,Leptospirosis,1
2023,8,Uttar Pradesh,Lung Cancer,2
2023,8,Uttar Pradesh,Malaria,1
2023,8,Uttar Pradesh,Oral Cancer,1
2023,8,Uttar Pradesh,Sickle Cell Anemia,1
2023,8,Uttar Pradesh,Stroke,1
2023,8,Uttar Pradesh,Swine Flu (H1N1),2
2023,8,Uttar Pradesh,Tuberculosis,2
2023,8,Uttar Pradesh,Typhoid,1
2023,8,West Bengal,Anxiety Disorder,2
2023,8,West Bengal,Chikungunya,2
2023,8,West Bengal,Cholera,4
2023,8,West Bengal,Dengue,1
2023,8,West Bengal,Filariasis,3
2023,8,West Bengal,Gastroenteritis,1
2023,8,West Bengal,Jaundice (Hepatitis A),2
2023,8,West Bengal,Leptospirosis,1
2023,8,West Bengal,Thalassemia,1
2023,8,West Bengal,Typhoid,1
2023,9,Andhra Pradesh,Chikungunya,1
2023,9,Andhra Pradesh,Diarrhea,1
2023,9,Andhra Pradesh,Kala-Azar,2
2023,9,Arunachal Pradesh,Chikungunya,1
2023,9,Assam,Cholera,1
2023,9,Assam,Kala-Azar,1
2023,9,Assam,Leptospirosis,1
2023,9,Assam,Lung Cancer,1
2023,9,Assam,Oral Cancer,2
2023,9,Assam,Stroke,1
2023,9,Assam,Thalassemia,1
2023,9,Bihar,Anxiety Disorder,1
2023,9,Bihar,Breast Cancer,1
2023,9,Bihar,COPD,2
2023,9,Bihar,COVID-19,1
2023,9,Bihar,Chikungunya,1
2023,9,Bihar,Cholera,1
2023,9,Bihar,Chronic Kidney Disease,1
2023,9,Bihar,Dengue,2
2023,9,Bihar,Depression,1
2023,9,Bihar,Gastroenteritis,1
2023,9,Bihar,Heart Disease,1
2023,9,Bihar,Hepatitis B,1
2023,9,Bihar,Kala-Azar,1
2023,9,Bihar,Leptospirosis,1
2023,9,Bihar,Malaria,1
2023,9,Bihar,Swine Flu (H1N1),1
2023,9,Bihar,Thalassemia,1
2023,9,Bihar,Tuberculosis,1
2023,9,Bihar,Typhoid,2
2023,9,Chhattisgarh,Cholera,1
2023,9,Chhattisgarh,Filariasis,1
2023,9,Chhattisgarh,Hypertension,1
2023,9,Chhattisgarh,Kala-Azar,1
2023,9,Chhattisgarh,Malaria,2
2023,9,Goa,Dengue,1
2023,9,Gujarat,Anxiety Disorder,1
2023,9,Gujarat,Chronic Kidney Disease,2
2023,9,Gujarat,Depression,1
2023,9,Gujarat,Diabetes (Type 2),1
2023,9,Gujarat,Leptospirosis,1
2023,9,Gujarat,Lung Cancer,1
2023,9,Gujarat,Malaria,2
2023,9,Gujarat,Stroke,1
2023,9,Gujarat,Typhoid,1
2023,9,Haryana,Breast Cancer,1
2023,9,Haryana,Malaria,1
2023,9,Himachal Pradesh,Thalassemia,1
2023,9,Jharkhand,Anxiety Disorder,1
2023,9,Jharkhand,Hypertension,2
2023,9,Jharkhand,Leptospirosis,1
2023,9,Jharkhand,Malaria,1
2023,9,Jharkhand,Oral Cancer,1
2023,9,Karnataka,Breast Cancer,1
2023,9,Karnataka,Chikungunya,2
2023,9,Karnataka,Cholera,1
2023,9,Karnataka,Chronic Kidney Disease,1
2023,9,Karnataka,Hypertension,2
2023,9,Karnataka,Leptospirosis,2
2023,9,Karnataka,Malaria,1
2023,9,Karnataka,Swine Flu (H1N1),1
2023,9,Kerala,Chikungunya,2
2023,9,Kerala,Dengue,1
2023,9,Kerala,Filariasis,1
2023,9,Madhya Pradesh,Breast Cancer,1
2023,9,Madhya Pradesh,COPD,1
2023,9,Madhya Pradesh,Chikungunya,2
2023,9,Madhya Pradesh,Cholera,1
2023,9,Madhya Pradesh,Dengue,3
2023,9,Madhya Pradesh,Depression,1
2023,9,Madhya Pradesh,Diabetes (Type 2),1
2023,9,Madhya Pradesh,HIV/AIDS,1
2023,9,Madhya Pradesh,Heart Disease,1
2023,9,Madhya Pradesh,Jaundice (Hepatitis A),1
2023,9,Madhya Pradesh,Lung Cancer,1
2023,9,Madhya Pradesh,Typhoid,1
2023,9,Maharashtra,COPD,1
2023,9,Maharashtra,Chikungunya,3
2023,9,Maharashtra,Dengue,2
2023,9,Maharashtra,Depression,1
2023,9,Maharashtra,Diabetes (Type 2),1
2023,9,Maharashtra,HIV/AIDS,1
2023,9,Maharashtra,Heart Disease,1
2023,9,Maharashtra,Hepatitis B,1
2023,9,Maharashtra,Japanese Encephalitis,2
2023,9,Maharashtra,Jaundice (Hepatitis A),1
2023,9,Maharashtra,Leptospirosis,1
2023,9,Maharashtra,Lung Cancer,2
2023,9,Maharashtra,Malaria,3
2023,9,Maharashtra,Stroke,3
2023,9,Maharashtra,Swine Flu (H1N1),1
2023,9,Maharashtra,Thalassemia,2
2023,9,Maharashtra,Tuberculosis,1
2023,9,Maharashtra,Typhoid,1
2023,9,Meghalaya,Tuberculosis,1
2023,9,NCT of Delhi,Cholera,1
2023,9,Odisha,Anxiety Disorder,2
2023,9,Odisha,Diarrhea,1
2023,9,Odisha,Hypertension,1
2023,9,Odisha,Japanese Encephalitis,1
2023,9,Odisha,Leptospirosis,1
2023,9,Odisha,Malaria,1
2023,9,Punjab,Dengue,1
2023,9,Punjab,HIV/AIDS,1
2023,9,Punjab,Leptospirosis,2
2023,9,Rajasthan,Anxiety Disorder,2
2023,9,Rajasthan,Breast Cancer,1
2023,9,Rajasthan,Chikungunya,1
2023,9,Rajasthan,Dengue,2
2023,9,Rajasthan,Filariasis,1
2023,9,Rajasthan,Heart Disease,1
2023,9,Rajasthan,Hepatitis B,1
2023,9,Rajasthan,Hypertension,2
2023,9,Rajasthan,Japanese Encephalitis,1
2023,9,Rajasthan,Kala-Azar,1
2023,9,Rajasthan,Leptospirosis,2
2023,9,Rajasthan,Malaria,1
2023,9,Rajasthan,Oral Cancer,1
2023,9,Rajasthan,Sickle Cell Anemia,1
2023,9,Rajasthan,Stroke,1
2023,9,Sikkim,Kala-Azar,1
2023,9,Tamil Nadu,Asthma,1
2023,9,Tamil Nadu,Breast Cancer,1
2023,9,Tamil Nadu,Chikungunya,1
2023,9,Tamil Nadu,Cholera,1
2023,9,Tamil Nadu,Chronic Kidney Disease,2
2023,9,Tamil Nadu,Dengue,1
2023,9,Tamil Nadu,HIV/AIDS,1
2023,9,Tamil Nadu,Heart Disease,2
2023,9,Tamil Nadu,Hypertension,1
2023,9,Tamil Nadu,Kala-Azar,1
2023,9,Tamil Nadu,Leptospirosis,1
2023,9,Tamil Nadu,Malaria,1
2023,9,Tamil Nadu,Thalassemia,2
2023,9,Tamil Nadu,Tuberculosis,1
2023,9,Telangana,Chikungunya,1
2023,9,Telangana,Cholera,1
2023,9,Telangana,Chronic Kidney Disease,1
2023,9,Telangana,Diabetes (Type 2),1
2023,9,Telangana,Diarrhea,1
2023,9,Telangana,Kala-Azar,1
2023,9,Telangana,Leptospirosis,3
2023,9,Telangana,Stroke,1
2023,9,Tripura,Dengue,1
2023,9,Tripura,Japanese Encephalitis,1
2023,9,Tripura,Malaria,1
2023,9,Uttar Pradesh,Breast Cancer,2
2023,9,Uttar Pradesh,Chikungunya,4
2023,9,Uttar Pradesh,Cholera,4
2023,9,Uttar Pradesh,Chronic Kidney Disease,1
2023,9,Uttar Pradesh,Dengue,3
2023,9,Uttar Pradesh,Depression,1
2023,9,Uttar Pradesh,Diabetes (Type 2),2
2023,9,Uttar Pradesh,Diarrhea,2
2023,9,Uttar Pradesh,HIV/AIDS,2
2023,9,Uttar Pradesh,Leptospirosis,3
2023,9,Uttar Pradesh,Oral Cancer,2
2023,9,Uttar Pradesh,Pneumonia,1
2023,9,Uttar Pradesh,Sickle Cell Anemia,2
2023,9,Uttar Pradesh,Stroke,1
2023,9,Uttar Pradesh,Swine Flu (H1N1),1
2023,9,Uttar Pradesh,Typhoid,1
2023,9,Uttarakhand,COPD,1
2023,9,Uttarakhand,Leptospirosis,1
2023,9,Uttarakhand,Pneumonia,1
2023,9,West Bengal,COVID-19,1
2023,9,West Bengal,Chikungunya,2
2023,9,West Bengal,Cholera,1
2023,9,West Bengal,Dengue,1
2023,9,West Bengal,Diabetes (Type 2),1
2023,9,West Bengal,Heart Disease,1
2023,9,West Bengal,Kala-Azar,1
2023,9,West Bengal,Lung Cancer,1
2023,9,West Bengal,Malaria,4
2023,9,West Bengal,Oral Cancer,2
2023,9,West Bengal,Tuberculosis,1
2023,9,West Bengal,Typhoid,1
2023,10,Andhra Pradesh,COPD,1
2023,10,Andhra Pradesh,Dengue,1
2023,10,Andhra Pradesh,Filariasis,1
2023,10,Andhra Pradesh,Hypertension,2
2023,10,Andhra Pradesh,Jaundice (Hepatitis A),1
2023,10,Andhra Pradesh,Kala-Azar,1
2023,10,Andhra Pradesh,Malaria,1
2023,10,Andhra Pradesh,Oral Cancer,2
2023,10,Andhra Pradesh,Typhoid,1
2023,10,Assam,Chikungunya,2
2023,10,Assam,Filariasis,1
2023,10,Assam,Malaria,1
2023,10,Assam,Oral Cancer,3
2023,10,Assam,Sickle Cell Anemia,1
2023,10,Bihar,Anxiety Disorder,3
2023,10,Bihar,Breast Cancer,1
2023,10,Bihar,COPD,1
2023,10,Bihar,Cholera,2
2023,10,Bihar,Dengue,3
2023,10,Bihar,HIV/AIDS,1
2023,10,Bihar,Hepatitis B,4
2023,10,Bihar,Hypertension,1
2023,10,Bihar,Kala-Azar,2
2023,10,Bihar,Leptospirosis,2
2023,10,Bihar,Malaria,2
2023,10,Bihar,Oral Cancer,1
2023,10,Bihar,Pneumonia,1
2023,10,Bihar,Sickle Cell Anemia,1
2023,10,Bihar,Tuberculosis,1
2023,10,Chhattisgarh,Chikungunya,1
2023,10,Chhattisgarh,Malaria,1
2023,10,Chhattisgarh,Sickle Cell Anemia,1
2023,10,Goa,Leptospirosis,1
2023,10,Gujarat,Cholera,1
2023,10,Gujarat,Dengue,1
2023,10,Gujarat,Diabetes (Type 2),2
2023,10,Gujarat,Filariasis,1
2023,10,Gujarat,HIV/AIDS,1
2023,10,Gujarat,Kala-Azar,1
2023,10,Gujarat,Malaria,1
2023,10,Gujarat,Tuberculosis,1
2023,10,Gujarat,Typhoid,1
2023,10,Haryana,Anxiety Disorder,1
2023,10,Haryana,Dengue,1
2023,10,Haryana,HIV/AIDS,1
2023,10,Haryana,Hepatitis B,1
2023,10,Haryana,Kala-Azar,1
2023,10,Haryana,Oral Cancer,1
2023,10,Haryana,Typhoid,1
2023,10,Himachal Pradesh,Swine Flu (H1N1),1
2023,10,Jammu and Kashmir,Heart Disease,1
2023,10,Jharkhand,COPD,1
2023,10,Jharkhand,Chikungunya,1
2023,10,Jharkhand,Depression,1
2023,10,Jharkhand,Leptospirosis,2
2023,10,Karnataka,Asthma,1
2023,10,Karnataka,Breast Cancer,1
2023,10,Karnataka,Dengue,3
2023,10,Karnataka,HIV/AIDS,1
2023,10,Karnataka,Heart Disease,1
2023,10,Karnataka,Japanese Encephalitis,1
2023,10,Karnataka,Leptospirosis,2
2023,10,Karnataka,Malaria,2
2023,10,Karnataka,Pneumonia,1
2023,10,Kerala,Dengue,2
2023,10,Kerala,Hepatitis B,1
2023,10,Kerala,Sickle Cell Anemia,1
2023,10,Kerala,Thalassemia,1
2023,10,Madhya Pradesh,Anxiety Disorder,1
2023,10,Madhya Pradesh,Chronic Kidney Disease,1
2023,10,Madhya Pradesh,Dengue,1
2023,10,Madhya Pradesh,Diarrhea,3
2023,10,Madhya Pradesh,Heart Disease,2
2023,10,Madhya Pradesh,Hypertension,1
2023,10,Madhya Pradesh,Jaundice (Hepatitis A),1
2023,10,Madhya Pradesh,Leptospirosis,1
2023,10,Madhya Pradesh,Lung Cancer,1
2023,10,Madhya Pradesh,Malaria,2
2023,10,Madhya Pradesh,Stroke,1
2023,10,Madhya Pradesh,Tuberculosis,1
2023,10,Madhya Pradesh,Typhoid,3
2023,10,Maharashtra,Anxiety Disorder,2
2023,10,Maharashtra,Chikungunya,2
2023,10,Maharashtra,Filariasis,1
2023,10,Maharashtra,HIV/AIDS,1
2023,10,Maharashtra,Hepatitis B,1
2023,10,Maharashtra,Hypertension,1
2023,10,Maharashtra,Japanese Encephalitis,1
2023,10,Maharashtra,Leptospirosis,2
2023,10,Maharashtra,Lung Cancer,1
2023,10,Maharashtra,Sickle Cell Anemia,1
2023,10,Maharashtra,Thalassemia,1
2023,10,Meghalaya,Chikungunya,1
2023,10,Meghalaya,Gastroenteritis,1
2023,10,Meghalaya,Hypertension,1
2023,10,Mizoram,Hypertension,1
2023,10,NCT of Delhi,Depression,1
2023,10,NCT of Delhi,Hypertension,2
2023,10,NCT of Delhi,Malaria,1
2023,10,Nagaland,Asthma,1
2023,10,Odisha,Breast Cancer,1
2023,10,Odisha,Depression,1
2023,10,Odisha,Diabetes (Type 2),2
2023,10,Odisha,Diarrhea,1
2023,10,Odisha,Heart Disease,1
2023,10,Odisha,Japanese Encephalitis,2
2023,10,Odisha,Oral Cancer,1
2023,10,Odisha,Stroke,1
2023,10,Puducherry,Kala-Azar,1
2023,10,Punjab,Breast Cancer,1
2023,10,Punjab,Chikungunya,1
2023,10,Punjab,Filariasis,1
2023,10,Punjab,Hepatitis B,1
2023,10,Punjab,Hypertension,1
2023,10,Punjab,Leptospirosis,1
2023,10,Punjab,Malaria,2
2023,10,Punjab,Stroke,1
2023,10,Rajasthan,Cholera,1
2023,10,Rajasthan,Chronic Kidney Disease,1
2023,10,Rajasthan,Diabetes (Type 2),1
2023,10,Rajasthan,Diarrhea,1
2023,10,Rajasthan,HIV/AIDS,1
2023,10,Rajasthan,Heart Disease,1
2023,10,Rajasthan,Japanese Encephalitis,1
2023,10,Rajasthan,Leptospirosis,1
2023,10,Rajasthan,Lung Cancer,1
2023,10,Rajasthan,Malaria,1
2023,10,Rajasthan,Oral Cancer,1
2023,10,Rajasthan,Sickle Cell Anemia,1
2023,10,Rajasthan,Tuberculosis,1
2023,10,Tamil Nadu,Cholera,1
2023,10,Tamil Nadu,Dengue,1
2023,10,Tamil Nadu,Heart Disease,1
2023,10,Tamil Nadu,Hypertension,1
2023,10,Tamil Nadu,Leptospirosis,1
2023,10,Tamil Nadu,Malaria,2
2023,10,Telangana,Anxiety Disorder,1
2023,10,Telangana,Cholera,1
2023,10,Telangana,Dengue,1
2023,10,Telangana,Filariasis,1
2023,10,Telangana,Stroke,1
2023,10,Telangana,Thalassemia,1
2023,10,Tripura,Breast Cancer,1
2023,10,Tripura,Chikungunya,1
2023,10,Tripura,Hepatitis B,1
2023,10,Uttar Pradesh,COPD,1
2023,10,Uttar Pradesh,Chikungunya,1
2023,10,Uttar Pradesh,Cholera,1
2023,10,Uttar Pradesh,Dengue,1
2023,10,Uttar Pradesh,Filariasis,2
2023,10,Uttar Pradesh,Gastroenteritis,1
2023,10,Uttar Pradesh,HIV/AIDS,1
2023,10,Uttar Pradesh,Heart Disease,1
2023,10,Uttar Pradesh,Hepatitis B,2
2023,10,Uttar Pradesh,Hypertension,2
2023,10,Uttar Pradesh,Japanese Encephalitis,2
2023,10,Uttar Pradesh,Kala-Azar,2
2023,10,Uttar Pradesh,Leptospirosis,1
2023,10,Uttar Pradesh,Malaria,1
2023,10,Uttar Pradesh,Pneumonia,1
2023,10,Uttar Pradesh,Sickle Cell Anemia,2
2023,10,Uttar Pradesh,Stroke,2
2023,10,Uttar Pradesh,Thalassemia,2
2023,10,Uttar Pradesh,Tuberculosis,2
2023,10,Uttarakhand,Japanese Encephalitis,1
2023,10,West Bengal,Breast Cancer,1
2023,10,West Bengal,Chikungunya,1
2023,10,West Bengal,Cholera,2
2023,10,West Bengal,Dengue,1
2023,10,West Bengal,Depression,1
2023,10,West Bengal,Heart Disease,1
2023,10,West Bengal,Hypertension,1
2023,10,West Bengal,Jaundice (Hepatitis A),1
2023,10,West Bengal,Leptospirosis,6
2023,10,West Bengal,Lung Cancer,1
2023,10,West Bengal,Thalassemia,1
2023,11,Andaman and Nicobar Islands,Filariasis,1
2023,11,Andhra Pradesh,Anxiety Disorder,1
2023,11,Andhra Pradesh,COVID-19,1
2023,11,Andhra Pradesh,Chronic Kidney Disease,1
2023,11,Andhra Pradesh,Diabetes (Type 2),1
2023,11,Andhra Pradesh,Diarrhea,1
2023,11,Andhra Pradesh,HIV/AIDS,1
2023,11,Andhra Pradesh,Heart Disease,1
2023,11,Andhra Pradesh,Leptospirosis,1
2023,11,Andhra Pradesh,Lung Cancer,1
2023,11,Andhra Pradesh,Oral Cancer,1
2023,11,Andhra Pradesh,Pneumonia,1
2023,11,Andhra Pradesh,Sickle Cell Anemia,1
2023,11,Andhra Pradesh,Thalassemia,3
2023,11,Andhra Pradesh,Tuberculosis,1
2023,11,Assam,Asthma,1
2023,11,Assam,Chronic Kidney Disease,1
2023,11,Assam,Diabetes (Type 2),1
2023,11,Assam,Kala-Azar,1
2023,11,Bihar,Breast Cancer,1
2023,11,Bihar,COPD,1
2023,11,Bihar,COVID-19,1
2023,11,Bihar,Chronic Kidney Disease,2
2023,11,Bihar,Diabetes (Type 2),1
2023,11,Bihar,Diarrhea,1
2023,11,Bihar,Gastroenteritis,2
2023,11,Bihar,Leptospirosis,1
2023,11,Bihar,Lung Cancer,2
2023,11,Bihar,Pneumonia,2
2023,11,Bihar,Sickle Cell Anemia,1
2023,11,Bihar,Stroke,1
2023,11,Bihar,Typhoid,1
2023,11,Chhattisgarh,Chronic Kidney Disease,1
2023,11,Chhattisgarh,HIV/AIDS,1
2023,11,Chhattisgarh,Heart Disease,1
2023,11,Chhattisgarh,Hepatitis B,1
2023,11,Chhattisgarh,Oral Cancer,1
2023,11,Chhattisgarh,Pneumonia,1
2023,11,Chhattisgarh,Sickle Cell Anemia,1
2023,11,Gujarat,Breast Cancer,2
2023,11,Gujarat,COVID-19,1
2023,11,Gujarat,Depression,1
2023,11,Gujarat,HIV/AIDS,1
2023,11,Gujarat,Heart Disease,1
2023,11,Gujarat,Hepatitis B,1
2023,11,Gujarat,Hypertension,1
2023,11,Gujarat,Japanese Encephalitis,2
2023,11,Gujarat,Oral Cancer,2
2023,11,Gujarat,Swine Flu (H1N1),1
2023,11,Haryana,Diarrhea,1
2023,11,Haryana,Hepatitis B,1
2023,11,Haryana,Swine Flu (H1N1),1
2023,11,Haryana,Typhoid,1
2023,11,Himachal Pradesh,COVID-19,1
2023,11,Himachal Pradesh,Lung Cancer,1
2023,11,Himachal Pradesh,Oral Cancer,1
2023,11,Himachal Pradesh,Thalassemia,1
2023,11,Jammu and Kashmir,COPD,1
2023,11,Jammu and Kashmir,Hepatitis B,1
2023,11,Jharkhand,Breast Cancer,1
2023,11,Jharkhand,COVID-19,2
2023,11,Jharkhand,Chronic Kidney Disease,1
2023,11,Jharkhand,Hypertension,1
2023,11,Jharkhand,Swine Flu (H1N1),1
2023,11,Karnataka,Asthma,2
2023,11,Karnataka,Breast Cancer,1
2023,11,Karnataka,COPD,1
2023,11,Karnataka,COVID-19,1
2023,11,Karnataka,Depression,1
2023,11,Karnataka,Diabetes (Type 2),1
2023,11,Karnataka,HIV/AIDS,1
2023,11,Karnataka,Oral Cancer,1
2023,11,Karnataka,Pneumonia,3
2023,11,Karnataka,Swine Flu (H1N1),1
2023,11,Karnataka,Thalassemia,1
2023,11,Kerala,COPD,2
2023,11,Kerala,COVID-19,1
2023,11,Madhya Pradesh,Anxiety Disorder,1
2023,11,Madhya Pradesh,Asthma,2
2023,11,Madhya Pradesh,COVID-19,2
2023,11,Madhya Pradesh,Chronic Kidney Disease,1
2023,11,Madhya Pradesh,Gastroenteritis,1
2023,11,Madhya Pradesh,HIV/AIDS,2
2023,11,Madhya Pradesh,Heart Disease,1
2023,11,Madhya Pradesh,Pneumonia,2
2023,11,Madhya Pradesh,Sickle Cell Anemia,1
2023,11,Madhya Pradesh,Stroke,1
2023,11,Madhya Pradesh,Swine Flu (H1N1),2
2023,11,Maharashtra,Anxiety Disorder,2
2023,11,Maharashtra,Asthma,1
2023,11,Maharashtra,COVID-19,1
2023,11,Maharashtra,Diabetes (Type 2),1
2023,11,Maharashtra,Diarrhea,2
2023,11,Maharashtra,Filariasis,1
2023,11,Maharashtra,Heart Disease,2
2023,11,Maharashtra,Oral Cancer,1
2023,11,Maharashtra,Pneumonia,2
2023,11,Maharashtra,Sickle Cell Anemia,1
2023,11,Maharashtra,Stroke,2
2023,11,Maharashtra,Thalassemia,2
2023,11,Maharashtra,Tuberculosis,2
2023,11,Manipur,COPD,1
2023,11,Manipur,Chronic Kidney Disease,1
2023,11,Meghalaya,Pneumonia,1
2023,11,NCT of Delhi,Asthma,1
2023,11,NCT of Delhi,COVID-19,2
2023,11,NCT of Delhi,Diabetes (Type 2),1
2023,11,Nagaland,Dengue,1
2023,11,Odisha,Asthma,2
2023,11,Odisha,Filariasis,1
2023,11,Odisha,Gastroenteritis,1
2023,11,Odisha,Pneumonia,1
2023,11,Puducherry,Thalassemia,1
2023,11,Punjab,Asthma,1
2023,11,Punjab,COPD,1
2023,11,Punjab,Lung Cancer,1
2023,11,Punjab,Oral Cancer,1
2023,11,Punjab,Sickle Cell Anemia,1
2023,11,Punjab,Stroke,1
2023,11,Punjab,Swine Flu (H1N1),1
2023,11,Punjab,Thalassemia,1
2023,11,Punjab,Typhoid,1
2023,11,Rajasthan,Anxiety Disorder,1
2023,11,Rajasthan,Asthma,2
2023,11,Rajasthan,Breast Cancer,1
2023,11,Rajasthan,COPD,1
2023,11,Rajasthan,COVID-19,1
2023,11,Rajasthan,Depression,1
2023,11,Rajasthan,Gastroenteritis,1
2023,11,Rajasthan,Hypertension,1
2023,11,Rajasthan,Japanese Encephalitis,2
2023,11,Rajasthan,Jaundice (Hepatitis A),1
2023,11,Rajasthan,Lung Cancer,1
2023,11,Rajasthan,Pneumonia,2
2023,11,Rajasthan,Thalassemia,1
2023,11,Tamil Nadu,Asthma,1
2023,11,Tamil Nadu,Breast Cancer,1
2023,11,Tamil Nadu,COVID-19,1
2023,11,Tamil Nadu,Chronic Kidney Disease,2
2023,11,Tamil Nadu,Diabetes (Type 2),1
2023,11,Tamil Nadu,HIV/AIDS,2
2023,11,Tamil Nadu,Japanese Encephalitis,1
2023,11,Tamil Nadu,Oral Cancer,2
2023,11,Tamil Nadu,Pneumonia,1
2023,11,Tamil Nadu,Swine Flu (H1N1),3
2023,11,Tamil Nadu,Thalassemia,1
2023,11,Telangana,Asthma,1
2023,11,Telangana,Breast Cancer,1
2023,11,Telangana,Chronic Kidney Disease,1
2023,11,Telangana,Diabetes (Type 2),1
2023,11,Telangana,Filariasis,1
2023,11,Telangana,Heart Disease,1
2023,11,Telangana,Japanese Encephalitis,1
2023,11,Telangana,Oral Cancer,1
2023,11,Telangana,Swine Flu (H1N1),1
2023,11,Tripura,Swine Flu (H1N1),1
2023,11,Uttar Pradesh,Anxiety Disorder,1
2023,11,Uttar Pradesh,COVID-19,2
2023,11,Uttar Pradesh,Chronic Kidney Disease,2
2023,11,Uttar Pradesh,Diarrhea,2
2023,11,Uttar Pradesh,Gastroenteritis,1
2023,11,Uttar Pradesh,HIV/AIDS,1
2023,11,Uttar Pradesh,Heart Disease,1
2023,11,Uttar Pradesh,Kala-Azar,1
2023,11,Uttar Pradesh,Malaria,1
2023,11,Uttar Pradesh,Pneumonia,1
2023,11,Uttar Pradesh,Stroke,2
2023,11,Uttar Pradesh,Swine Flu (H1N1),5
2023,11,Uttar Pradesh,Tuberculosis,5
2023,11,Uttar Pradesh,Typhoid,1
2023,11,Uttarakhand,Breast Cancer,1
2023,11,West Bengal,Anxiety Disorder,1
2023,11,West Bengal,Asthma,2
2023,11,West Bengal,COPD,1
2023,11,West Bengal,COVID-19,1
2023,11,West Bengal,Chikungunya,1
2023,11,West Bengal,Diabetes (Type 2),1
2023,11,West Bengal,Diarrhea,1
2023,11,West Bengal,Hepatitis B,1
2023,11,West Bengal,Kala-Azar,1
2023,11,West Bengal,Pneumonia,1
2023,11,West Bengal,Sickle Cell Anemia,1
2023,11,West Bengal,Swine Flu (H1N1),1
2023,12,Andhra Pradesh,Anxiety Disorder,1
2023,12,Andhra Pradesh,Asthma,1
2023,12,Andhra Pradesh,Breast Cancer,1
2023,12,Andhra Pradesh,COPD,1
2023,12,Andhra Pradesh,Diabetes (Type 2),1
2023,12,Andhra Pradesh,Filariasis,1
2023,12,Andhra Pradesh,HIV/AIDS,1
2023,12,Andhra Pradesh,Leptospirosis,1
2023,12,Andhra Pradesh,Malaria,1
2023,12,Andhra Pradesh,Oral Cancer,1
2023,12,Andhra Pradesh,Pneumonia,1
2023,12,Assam,Asthma,1
2023,12,Assam,Breast Cancer,1
2023,12,Assam,Chikungunya,1
2023,12,Assam,Dengue,1
2023,12,Assam,Depression,1
2023,12,Assam,Typhoid,1
2023,12,Bihar,Asthma,1
2023,12,Bihar,Breast Cancer,1
2023,12,Bihar,COPD,1
2023,12,Bihar,COVID-19,2
2023,12,Bihar,Chronic Kidney Disease,1
2023,12,Bihar,Diabetes (Type 2),2
2023,12,Bihar,Heart Disease,1
2023,12,Bihar,Hepatitis B,1
2023,12,Bihar,Hypertension,1
2023,12,Bihar,Japanese Encephalitis,1
2023,12,Bihar,Pneumonia,2
2023,12,Bihar,Swine Flu (H1N1),2
2023,12,Bihar,Tuberculosis,1
2023,12,Chhattisgarh,Anxiety Disorder,1
2023,12,Chhattisgarh,COVID-19,1
2023,12,Chhattisgarh,Japanese Encephalitis,1
2023,12,Chhattisgarh,Kala-Azar,1
2023,12,Chhattisgarh,Thalassemia,1
2023,12,Gujarat,Asthma,1
2023,12,Gujarat,COVID-19,1
2023,12,Gujarat,Filariasis,2
2023,12,Gujarat,Hypertension,1
2023,12,Gujarat,Japanese Encephalitis,1
2023,12,Gujarat,Pneumonia,1
2023,12,Gujarat,Stroke,1
2023,12,Gujarat,Thalassemia,1
2023,12,Gujarat,Tuberculosis,1
2023,12,Haryana,Anxiety Disorder,1
2023,12,Haryana,COVID-19,1
2023,12,Haryana,Chronic Kidney Disease,1
2023,12,Haryana,Hypertension,1
2023,12,Haryana,Japanese Encephalitis,1
2023,12,Haryana,Pneumonia,1
2023,12,Himachal Pradesh,COVID-19,1
2023,12,Himachal Pradesh,Jaundice (Hepatitis A),1
2023,12,Himachal Pradesh,Stroke,1
2023,12,Jharkhand,Diarrhea,1
2023,12,Jharkhand,Leptospirosis,1
2023,12,Jharkhand,Thalassemia,1
2023,12,Karnataka,Anxiety Disorder,1
2023,12,Karnataka,Asthma,1
2023,12,Karnataka,COVID-19,1
2023,12,Karnataka,Chronic Kidney Disease,1
2023,12,Karnataka,Hepatitis B,1
2023,12,Karnataka,Oral Cancer,1
2023,12,Karnataka,Pneumonia,2
2023,12,Karnataka,Sickle Cell Anemia,1
2023,12,Karnataka,Stroke,1
2023,12,Karnataka,Swine Flu (H1N1),2
2023,12,Karnataka,Thalassemia,1
2023,12,Karnataka,Tuberculosis,2
2023,12,Kerala,Pneumonia,2
2023,12,Kerala,Tuberculosis,1
2023,12,Madhya Pradesh,Asthma,2
2023,12,Madhya Pradesh,COPD,1
2023,12,Madhya Pradesh,COVID-19,2
2023,12,Madhya Pradesh,Chronic Kidney Disease,1
2023,12,Madhya Pradesh,Diabetes (Type 2),2
2023,12,Madhya Pradesh,HIV/AIDS,1
2023,12,Madhya Pradesh,Hepatitis B,1
2023,12,Madhya Pradesh,Hypertension,2
2023,12,Madhya Pradesh,Jaundice (Hepatitis A),1
2023,12,Madhya Pradesh,Lung Cancer,1
2023,12,Madhya Pradesh,Stroke,2
2023,12,Madhya Pradesh,Swine Flu (H1N1),2
2023,12,Madhya Pradesh,Tuberculosis,1
2023,12,Maharashtra,Breast Cancer,1
2023,12,Maharashtra,COPD,2
2023,12,Maharashtra,COVID-19,1
2023,12,Maharashtra,Chikungunya,1
2023,12,Maharashtra,Chronic Kidney Disease,1
2023,12,Maharashtra,Depression,1
2023,12,Maharashtra,Diabetes (Type 2),1
2023,12,Maharashtra,Diarrhea,1
2023,12,Maharashtra,Gastroenteritis,1
2023,12,Maharashtra,Heart Disease,4
2023,12,Maharashtra,Kala-Azar,1
2023,12,Maharashtra,Leptospirosis,1
2023,12,Maharashtra,Lung Cancer,1
2023,12,Maharashtra,Swine Flu (H1N1),1
2023,12,Maharashtra,Typhoid,1
2023,12,Manipur,Lung Cancer,1
2023,12,Mizoram,Filariasis,1
2023,12,NCT of Delhi,Asthma,1
2023,12,NCT of Delhi,Hypertension,1
2023,12,NCT of Delhi,Swine Flu (H1N1),1
2023,12,Nagaland,Japanese Encephalitis,1
2023,12,Odisha,Breast Cancer,1
2023,12,Odisha,COVID-19,1
2023,12,Odisha,Chronic Kidney Disease,1
2023,12,Odisha,Kala-Azar,1
2023,12,Odisha,Oral Cancer,1
2023,12,Odisha,Swine Flu (H1N1),1
2023,12,Punjab,Stroke,1
2023,12,Rajasthan,Asthma,3
2023,12,Rajasthan,Breast Cancer,1
2023,12,Rajasthan,COPD,1
2023,12,Rajasthan,Depression,1
2023,12,Rajasthan,Diarrhea,2
2023,12,Rajasthan,Jaundice (Hepatitis A),1
2023,12,Rajasthan,Oral Cancer,1
2023,12,Rajasthan,Pneumonia,1
2023,12,Rajasthan,Swine Flu (H1N1),1
2023,12,Rajasthan,Thalassemia,1
2023,12,Tamil Nadu,Asthma,2
2023,12,Tamil Nadu,Breast Cancer,1
2023,12,Tamil Nadu,COPD,1
2023,12,Tamil Nadu,COVID-19,2
2023,12,Tamil Nadu,Chronic Kidney Disease,1
2023,12,Tamil Nadu,HIV/AIDS,1
2023,12,Tamil Nadu,Hypertension,1
2023,12,Tamil Nadu,Lung Cancer,1
2023,12,Tamil Nadu,Pneumonia,1
2023,12,Telangana,Asthma,1
2023,12,Telangana,Diarrhea,1
2023,12,Telangana,Stroke,2
2023,12,Telangana,Swine Flu (H1N1),1
2023,12,Tripura,Hepatitis B,1
2023,12,Tripura,Pneumonia,1
2023,12,Uttar Pradesh,Asthma,1
2023,12,Uttar Pradesh,COVID-19,1
2023,12,Uttar Pradesh,Chronic Kidney Disease,2
2023,12,Uttar Pradesh,Depression,1
2023,12,Uttar Pradesh,Diabetes (Type 2),1
2023,12,Uttar Pradesh,Hypertension,2
2023,12,Uttar Pradesh,Japanese Encephalitis,1
2023,12,Uttar Pradesh,Jaundice (Hepatitis A),1
2023,12,Uttar Pradesh,Kala-Azar,2
2023,12,Uttar Pradesh,Lung Cancer,2
2023,12,Uttar Pradesh,Pneumonia,1
2023,12,Uttar Pradesh,Sickle Cell Anemia,2
2023,12,Uttar Pradesh,Swine Flu (H1N1),2
2023,12,Uttar Pradesh,Thalassemia,1
2023,12,Uttarakhand,COPD,2
2023,12,Uttarakhand,Japanese Encephalitis,1
2023,12,Uttarakhand,Pneumonia,1
2023,12,Uttarakhand,Swine Flu (H1N1),1
2023,12,West Bengal,COPD,1
2023,12,West Bengal,Dengue,1
2023,12,West Bengal,Diabetes (Type 2),2
2023,12,West Bengal,Diarrhea,2
2023,12,West Bengal,Filariasis,1
2023,12,West Bengal,Gastroenteritis,1
2023,12,West Bengal,HIV/AIDS,1
2023,12,West Bengal,Heart Disease,1
2023,12,West Bengal,Japanese Encephalitis,1
2023,12,West Bengal,Kala-Azar,2
2023,12,West Bengal,Lung Cancer,1
2023,12,West Bengal,Oral Cancer,1
2023,12,West Bengal,Pneumonia,1
2023,12,West Bengal,Sickle Cell Anemia,1
2024,1,Andhra Pradesh,Asthma,3
2024,1,Andhra Pradesh,Breast Cancer,1
2024,1,Andhra Pradesh,Chronic Kidney Disease,2
2024,1,Andhra Pradesh,Diabetes (Type 2),1
2024,1,Andhra Pradesh,Jaundice (Hepatitis A),1
2024,1,Andhra Pradesh,Kala-Azar,1
2024,1,Andhra Pradesh,Oral Cancer,1
2024,1,Andhra Pradesh,Pneumonia,1
2024,1,Andhra Pradesh,Thalassemia,1
2024,1,Andhra Pradesh,Typhoid,2
2024,1,Arunachal Pradesh,Kala-Azar,1
2024,1,Assam,Asthma,1
2024,1,Assam,Chronic Kidney Disease,1
2024,1,Assam,Depression,1
2024,1,Assam,Diabetes (Type 2),1
2024,1,Assam,Filariasis,1
2024,1,Assam,Gastroenteritis,1
2024,1,Bihar,Asthma,2
2024,1,Bihar,COPD,2
2024,1,Bihar,COVID-19,1
2024,1,Bihar,Diabetes (Type 2),2
2024,1,Bihar,Filariasis,1
2024,1,Bihar,HIV/AIDS,1
2024,1,Bihar,Hypertension,1
2024,1,Bihar,Stroke,2
2024,1,Bihar,Swine Flu (H1N1),1
2024,1,Chhattisgarh,COPD,1
2024,1,Goa,Typhoid,1
2024,1,Gujarat,Asthma,1
2024,1,Gujarat,Breast Cancer,1
2024,1,Gujarat,COPD,1
2024,1,Gujarat,Chronic Kidney Disease,1
2024,1,Gujarat,Depression,1
2024,1,Gujarat,Diarrhea,1
2024,1,Gujarat,Heart Disease,1
2024,1,Gujarat,Japanese Encephalitis,1
2024,1,Gujarat,Kala-Azar,2
2024,1,Gujarat,Lung Cancer,1
2024,1,Gujarat,Pneumonia,1
2024,1,Gujarat,Sickle Cell Anemia,1
2024,1,Haryana,COPD,1
2024,1,Haryana,Depression,2
2024,1,Haryana,Malaria,1
2024,1,Haryana,Stroke,1
2024,1,Haryana,Swine Flu (H1N1),1
2024,1,Himachal Pradesh,Japanese Encephalitis,1
2024,1,Jammu and Kashmir,Diarrhea,1
2024,1,Jammu and Kashmir,Hepatitis B,1
2024,1,Jharkhand,Asthma,1
2024,1,Jharkhand,Breast Cancer,1
2024,1,Jharkhand,Depression,1
2024,1,Jharkhand,Oral Cancer,1
2024,1,Jharkhand,Typhoid,1
2024,1,Karnataka,COVID-19,1
2024,1,Karnataka,Diabetes (Type 2),1
2024,1,Karnataka,Gastroenteritis,1
2024,1,Karnataka,Hepatitis B,1
2024,1,Karnataka,Japanese Encephalitis,1
2024,1,Karnataka,Pneumonia,1
2024,1,Karnataka,Sickle Cell Anemia,1
2024,1,Karnataka,Tuberculosis,1
2024,1,Kerala,Breast Cancer,1
2024,1,Kerala,COVID-19,1
2024,1,Kerala,Chikungunya,1
2024,1,Kerala,Filariasis,1
2024,1,Kerala,Lung Cancer,1
2024,1,Kerala,Stroke,1
2024,1,Kerala,Typhoid,1
2024,1,Madhya Pradesh,Anxiety Disorder,1
2024,1,Madhya Pradesh,Asthma,3
2024,1,Madhya Pradesh,COVID-19,1
2024,1,Madhya Pradesh,Diabetes (Type 2),1
2024,1,Madhya Pradesh,Heart Disease,1
2024,1,Madhya Pradesh,Hypertension,1
2024,1,Madhya Pradesh,Oral Cancer,1
2024,1,Madhya Pradesh,Pneumonia,2
2024,1,Madhya Pradesh,Swine Flu (H1N1),4
2024,1,Maharashtra,Anxiety Disorder,1
2024,1,Maharashtra,Asthma,2
2024,1,Maharashtra,Breast Cancer,1
2024,1,Maharashtra,COVID-19,2
2024,1,Maharashtra,Chikungunya,1
2024,1,Maharashtra,Depression,1
2024,1,Maharashtra,Diabetes (Type 2),1
2024,1,Maharashtra,Filariasis,1
2024,1,Maharashtra,Hepatitis B,1
2024,1,Maharashtra,Hypertension,2
2024,1,Maharashtra,Japanese Encephalitis,1
2024,1,Maharashtra,Lung Cancer,1
2024,1,Maharashtra,Pneumonia,1
2024,1,Maharashtra,Swine Flu (H1N1),1
2024,1,Maharashtra,Typhoid,1
2024,1,Meghalaya,Depression,1
2024,1,Meghalaya,Gastroenteritis,1
2024,1,Mizoram,Breast Cancer,1
2024,1,NCT of Delhi,COPD,1
2024,1,NCT of Delhi,Malaria,1
2024,1,NCT of Delhi,Stroke,2
2024,1,Odisha,COVID-19,2
2024,1,Odisha,Filariasis,2
2024,1,Odisha,Hepatitis B,1
2024,1,Odisha,Jaundice (Hepatitis A),1
2024,1,Odisha,Thalassemia,1
2024,1,Odisha,Typhoid,1
2024,1,Punjab,COPD,1
2024,1,Punjab,Depression,1
2024,1,Punjab,Filariasis,1
2024,1,Punjab,Hepatitis B,1
2024,1,Punjab,Japanese Encephalitis,1
2024,1,Punjab,Oral Cancer,1
2024,1,Rajasthan,Breast Cancer,1
2024,1,Rajasthan,Chronic Kidney Disease,3
2024,1,Rajasthan,Diabetes (Type 2),1
2024,1,Rajasthan,Diarrhea,2
2024,1,Rajasthan,Filariasis,1
2024,1,Rajasthan,Heart Disease,1
2024,1,Rajasthan,Hepatitis B,1
2024,1,Rajasthan,Jaundice (Hepatitis A),1
2024,1,Rajasthan,Kala-Azar,1
2024,1,Rajasthan,Leptospirosis,1
2024,1,Rajasthan,Pneumonia,1
2024,1,Rajasthan,Typhoid,1
2024,1,Tamil Nadu,Anxiety Disorder,1
2024,1,Tamil Nadu,COPD,2
2024,1,Tamil Nadu,Chikungunya,1
2024,1,Tamil Nadu,Diarrhea,1
2024,1,Tamil Nadu,HIV/AIDS,1
2024,1,Tamil Nadu,Hepatitis B,1
2024,1,Tamil Nadu,Hypertension,1
2024,1,Tamil Nadu,Japanese Encephalitis,1
2024,1,Tamil Nadu,Kala-Azar,1
2024,1,Tamil Nadu,Lung Cancer,1
2024,1,Tamil Nadu,Sickle Cell Anemia,1
2024,1,Tamil Nadu,Swine Flu (H1N1),3
2024,1,Tamil Nadu,Thalassemia,1
2024,1,Telangana,Asthma,1
2024,1,Telangana,COVID-19,1
2024,1,Telangana,Hepatitis B,1
2024,1,Telangana,Hypertension,1
2024,1,Uttar Pradesh,Anxiety Disorder,1
2024,1,Uttar Pradesh,Asthma,2
2024,1,Uttar Pradesh,Breast Cancer,1
2024,1,Uttar Pradesh,COPD,1
2024,1,Uttar Pradesh,COVID-19,3
2024,1,Uttar Pradesh,Dengue,2
2024,1,Uttar Pradesh,Depression,1
2024,1,Uttar Pradesh,Diabetes (Type 2),1
2024,1,Uttar Pradesh,Diarrhea,1
2024,1,Uttar Pradesh,Filariasis,2
2024,1,Uttar Pradesh,HIV/AIDS,1
2024,1,Uttar Pradesh,Heart Disease,2
2024,1,Uttar Pradesh,Hepatitis B,1
2024,1,Uttar Pradesh,Hypertension,1
2024,1,Uttar Pradesh,Japanese Encephalitis,1
2024,1,Uttar Pradesh,Kala-Azar,2
2024,1,Uttar Pradesh,Lung Cancer,3
2024,1,Uttar Pradesh,Oral Cancer,1
2024,1,Uttar Pradesh,Pneumonia,2
2024,1,Uttar Pradesh,Sickle Cell Anemia,2
2024,1,Uttar Pradesh,Swine Flu (H1N1),2
2024,1,Uttar Pradesh,Tuberculosis,2
2024,1,Uttarakhand,Kala-Azar,1
2024,1,Uttarakhand,Oral Cancer,1
2024,1,West Bengal,Anxiety Disorder,2
2024,1,West Bengal,Asthma,2
2024,1,West Bengal,COVID-19,2
2024,1,West Bengal,Chronic Kidney Disease,1
2024,1,West Bengal,Depression,1
2024,1,West Bengal,Diabetes (Type 2),1
2024,1,West Bengal,Diarrhea,2
2024,1,West Bengal,Hepatitis B,3
2024,1,West Bengal,Lung Cancer,1
2024,1,West Bengal,Oral Cancer,1
2024,1,West Bengal,Pneumonia,1
2024,1,West Bengal,Stroke,3
2024,1,West Bengal,Swine Flu (H1N1),3
2024,1,West Bengal,Thalassemia,1
2024,2,Andhra Pradesh,Anxiety Disorder,1
2024,2,Andhra Pradesh,COVID-19,1
2024,2,Andhra Pradesh,Heart Disease,1
2024,2,Andhra Pradesh,Hypertension,1
2024,2,Andhra Pradesh,Pneumonia,1
2024,2,Andhra Pradesh,Stroke,1
2024,2,Andhra Pradesh,Swine Flu (H1N1),1
2024,2,Assam,Diabetes (Type 2),1
2024,2,Assam,Gastroenteritis,1
2024,2,Assam,Hepatitis B,1
2024,2,Assam,Hypertension,1
2024,2,Bihar,Anxiety Disorder,1
2024,2,Bihar,Asthma,1
2024,2,Bihar,COVID-19,1
2024,2,Bihar,Chronic Kidney Disease,2
2024,2,Bihar,Dengue,1
2024,2,Bihar,Diabetes (Type 2),1
2024,2,Bihar,Japanese Encephalitis,2
2024,2,Bihar,Kala-Azar,1
2024,2,Bihar,Sickle Cell Anemia,3
2024,2,Bihar,Stroke,3
2024,2,Bihar,Swine Flu (H1N1),2
2024,2,Bihar,Thalassemia,1
2024,2,Chhattisgarh,COPD,1
2024,2,Chhattisgarh,Thalassemia,1
2024,2,Chhattisgarh,Typhoid,1
2024,2,Gujarat,COPD,1
2024,2,Gujarat,COVID-19,2
2024,2,Gujarat,Depression,1
2024,2,Gujarat,Diabetes (Type 2),1
2024,2,Gujarat,HIV/AIDS,1
2024,2,Gujarat,Hypertension,1
2024,2,Gujarat,Leptospirosis,1
2024,2,Gujarat,Lung Cancer,1
2024,2,Gujarat,Malaria,1
2024,2,Gujarat,Swine Flu (H1N1),1
2024,2,Gujarat,Typhoid,1
2024,2,Haryana,HIV/AIDS,1
2024,2,Haryana,Pneumonia,1
2024,2,Haryana,Thalassemia,1
2024,2,Himachal Pradesh,Chikungunya,1
2024,2,Jharkhand,Breast Cancer,1
2024,2,Jharkhand,COPD,2
2024,2,Jharkhand,HIV/AIDS,1
2024,2,Jharkhand,Heart Disease,1
2024,2,Jharkhand,Hypertension,1
2024,2,Jharkhand,Jaundice (Hepatitis A),1
2024,2,Jharkhand,Sickle Cell Anemia,1
2024,2,Jharkhand,Swine Flu (H1N1),1
2024,2,Jharkhand,Thalassemia,2
2024,2,Karnataka,Anxiety Disorder,1
2024,2,Karnataka,Asthma,1
2024,2,Karnataka,Breast Cancer,1
2024,2,Karnataka,COVID-19,1
2024,2,Karnataka,Depression,2
2024,2,Karnataka,Diarrhea,1
2024,2,Karnataka,Filariasis,1
2024,2,Karnataka,HIV/AIDS,1
2024,2,Karnataka,Hypertension,2
2024,2,Karnataka,Kala-Azar,1
2024,2,Karnataka,Lung Cancer,2
2024,2,Karnataka,Sickle Cell Anemia,1
2024,2,Karnataka,Stroke,1
2024,2,Karnataka,Tuberculosis,2
2024,2,Karnataka,Typhoid,1
2024,2,Kerala,Asthma,2
2024,2,Kerala,HIV/AIDS,1
2024,2,Kerala,Stroke,1
2024,2,Kerala,Typhoid,1
2024,2,Madhya Pradesh,Anxiety Disorder,1
2024,2,Madhya Pradesh,COPD,2
2024,2,Madhya Pradesh,Chronic Kidney Disease,1
2024,2,Madhya Pradesh,Dengue,1
2024,2,Madhya Pradesh,Depression,1
2024,2,Madhya Pradesh,Diarrhea,1
2024,2,Madhya Pradesh,Filariasis,1
2024,2,Madhya Pradesh,HIV/AIDS,1
2024,2,Madhya Pradesh,Hepatitis B,1
2024,2,Madhya Pradesh,Lung Cancer,1
2024,2,Madhya Pradesh,Pneumonia,1
2024,2,Madhya Pradesh,Stroke,1
2024,2,Madhya Pradesh,Swine Flu (H1N1),1
2024,2,Maharashtra,Anxiety Disorder,2
2024,2,Maharashtra,Asthma,2
2024,2,Maharashtra,COPD,1
2024,2,Maharashtra,COVID-19,2
2024,2,Maharashtra,Chronic Kidney Disease,1
2024,2,Maharashtra,Dengue,1
2024,2,Maharashtra,Gastroenteritis,2
2024,2,Maharashtra,Heart Disease,1
2024,2,Maharashtra,Kala-Azar,1
2024,2,Maharashtra,Pneumonia,1
2024,2,Maharashtra,Sickle Cell Anemia,1
2024,2,Maharashtra,Thalassemia,1
2024,2,Manipur,HIV/AIDS,1
2024,2,Meghalaya,Stroke,1
2024,2,Mizoram,Chikungunya,1
2024,2,NCT of Delhi,Filariasis,1
2024,2,NCT of Delhi,Hepatitis B,1
2024,2,NCT of Delhi,Oral Cancer,1
2024,2,NCT of Delhi,Pneumonia,1
2024,2,Odisha,Breast Cancer,1
2024,2,Odisha,COPD,2
2024,2,Odisha,HIV/AIDS,1
2024,2,Odisha,Heart Disease,1
2024,2,Odisha,Kala-Azar,1
2024,2,Odisha,Leptospirosis,1
2024,2,Odisha,Stroke,1
2024,2,Odisha,Thalassemia,2
2024,2,Punjab,COVID-19,1
2024,2,Punjab,Heart Disease,1
2024,2,Punjab,Hypertension,1
2024,2,Punjab,Lung Cancer,1
2024,2,Punjab,Oral Cancer,1
2024,2,Punjab,Pneumonia,1
2024,2,Rajasthan,Depression,1
2024,2,Rajasthan,Diabetes (Type 2),1
2024,2,Rajasthan,Diarrhea,1
2024,2,Rajasthan,Filariasis,1
2024,2,Rajasthan,Japanese Encephalitis,1
2024,2,Rajasthan,Kala-Azar,2
2024,2,Rajasthan,Thalassemia,1
2024,2,Rajasthan,Typhoid,2
2024,2,Sikkim,Anxiety Disorder,1
2024,2,Sikkim,Chronic Kidney Disease,1
2024,2,Tamil Nadu,Diarrhea,1
2024,2,Tamil Nadu,Filariasis,1
2024,2,Tamil Nadu,Hepatitis B,1
2024,2,Tamil Nadu,Oral Cancer,1
2024,2,Tamil Nadu,Swine Flu (H1N1),1
2024,2,Telangana,Asthma,1
2024,2,Telangana,Chronic Kidney Disease,1
2024,2,Telangana,Depression,1
2024,2,Telangana,Japanese Encephalitis,1
2024,2,Telangana,Kala-Azar,1
2024,2,Telangana,Lung Cancer,1
2024,2,Tripura,COPD,1
2024,2,Uttar Pradesh,Anxiety Disorder,2
2024,2,Uttar Pradesh,Breast Cancer,1
2024,2,Uttar Pradesh,COPD,1
2024,2,Uttar Pradesh,COVID-19,2
2024,2,Uttar Pradesh,Chikungunya,1
2024,2,Uttar Pradesh,Chronic Kidney Disease,1
2024,2,Uttar Pradesh,Depression,1
2024,2,Uttar Pradesh,Diabetes (Type 2),1
2024,2,Uttar Pradesh,Diarrhea,1
2024,2,Uttar Pradesh,Gastroenteritis,1
2024,2,Uttar Pradesh,HIV/AIDS,1
2024,2,Uttar Pradesh,Kala-Azar,2
2024,2,Uttar Pradesh,Lung Cancer,3
2024,2,Uttar Pradesh,Malaria,2
2024,2,Uttar Pradesh,Pneumonia,3
2024,2,Uttar Pradesh,Sickle Cell Anemia,2
2024,2,Uttar Pradesh,Swine Flu (H1N1),2
2024,2,Uttar Pradesh,Thalassemia,1
2024,2,Uttar Pradesh,Tuberculosis,1
2024,2,Uttarakhand,Oral Cancer,1
2024,2,West Bengal,Asthma,2
2024,2,West Bengal,Breast Cancer,1
2024,2,West Bengal,COPD,1
2024,2,West Bengal,Dengue,1
2024,2,West Bengal,Diarrhea,1
2024,2,West Bengal,Filariasis,1
2024,2,West Bengal,HIV/AIDS,1
2024,2,West Bengal,Hypertension,1
2024,2,West Bengal,Lung Cancer,1
2024,2,West Bengal,Swine Flu (H1N1),2
2024,2,West Bengal,Tuberculosis,1
2024,3,Andhra Pradesh,Anxiety Disorder,1
2024,3,Andhra Pradesh,Breast Cancer,1
2024,3,Andhra Pradesh,Chronic Kidney Disease,1
2024,3,Andhra Pradesh,Hypertension,1
2024,3,Andhra Pradesh,Jaundice (Hepatitis A),1
2024,3,Andhra Pradesh,Kala-Azar,1
2024,3,Andhra Pradesh,Stroke,1
2024,3,Andhra Pradesh,Thalassemia,1
2024,3,Andhra Pradesh,Tuberculosis,1
2024,3,Assam,Depression,1
2024,3,Assam,Thalassemia,1
2024,3,Bihar,Anxiety Disorder,1
2024,3,Bihar,Diabetes (Type 2),1
2024,3,Bihar,Filariasis,1
2024,3,Bihar,Gastroenteritis,1
2024,3,Bihar,HIV/AIDS,3
2024,3,Bihar,Hypertension,1
2024,3,Bihar,Leptospirosis,1
2024,3,Bihar,Lung Cancer,1
2024,3,Bihar,Sickle Cell Anemia,2
2024,3,Bihar,Stroke,1
2024,3,Bihar,Swine Flu (H1N1),1
2024,3,Bihar,Tuberculosis,1
2024,3,Chhattisgarh,Anxiety Disorder,1
2024,3,Chhattisgarh,Filariasis,1
2024,3,Chhattisgarh,Hypertension,1
2024,3,Chhattisgarh,Jaundice (Hepatitis A),1
2024,3,Chhattisgarh,Kala-Azar,1
2024,3,Goa,Sickle Cell Anemia,1
2024,3,Gujarat,Breast Cancer,1
2024,3,Gujarat,Cholera,1
2024,3,Gujarat,Depression,1
2024,3,Gujarat,Gastroenteritis,1
2024,3,Gujarat,Hepatitis B,2
2024,3,Gujarat,Japanese Encephalitis,2
2024,3,Gujarat,Kala-Azar,3
2024,3,Gujarat,Lung Cancer,1
2024,3,Gujarat,Oral Cancer,2
2024,3,Haryana,Diabetes (Type 2),1
2024,3,Haryana,Diarrhea,1
2024,3,Haryana,Japanese Encephalitis,1
2024,3,Haryana,Lung Cancer,1
2024,3,Haryana,Malaria,1
2024,3,Haryana,Thalassemia,1
2024,3,Himachal Pradesh,Chronic Kidney Disease,1
2024,3,Himachal Pradesh,Thalassemia,1
2024,3,Jammu and Kashmir,COPD,1
2024,3,Jammu and Kashmir,Oral Cancer,1
2024,3,Jammu and Kashmir,Thalassemia,1
2024,3,Jharkhand,Hepatitis B,1
2024,3,Jharkhand,Jaundice (Hepatitis A),1
2024,3,Karnataka,Breast Cancer,1
2024,3,Karnataka,Cholera,1
2024,3,Karnataka,Depression,2
2024,3,Karnataka,Diarrhea,1
2024,3,Karnataka,Filariasis,1
2024,3,Karnataka,Japanese Encephalitis,1
2024,3,Karnataka,Sickle Cell Anemia,1
2024,3,Karnataka,Tuberculosis,2
2024,3,Kerala,Anxiety Disorder,1
2024,3,Kerala,Diabetes (Type 2),1
2024,3,Kerala,Hepatitis B,1
2024,3,Kerala,Japanese Encephalitis,1
2024,3,Kerala,Lung Cancer,1
2024,3,Madhya Pradesh,COVID-19,1
2024,3,Madhya Pradesh,Depression,1
2024,3,Madhya Pradesh,Filariasis,2
2024,3,Madhya Pradesh,HIV/AIDS,2
2024,3,Madhya Pradesh,Hepatitis B,2
2024,3,Madhya Pradesh,Tuberculosis,1
2024,3,Maharashtra,Anxiety Disorder,1
2024,3,Maharashtra,Asthma,1
2024,3,Maharashtra,Breast Cancer,1
2024,3,Maharashtra,Gastroenteritis,1
2024,3,Maharashtra,Heart Disease,1
2024,3,Maharashtra,Hepatitis B,2
2024,3,Maharashtra,Malaria,1
2024,3,Maharashtra,Oral Cancer,1
2024,3,Maharashtra,Tuberculosis,1
2024,3,Manipur,Thalassemia,1
2024,3,NCT of Delhi,Heart Disease,1
2024,3,NCT of Delhi,Hypertension,1
2024,3,NCT of Delhi,Pneumonia,1
2024,3,Odisha,Breast Cancer,1
2024,3,Odisha,COPD,1
2024,3,Odisha,Diarrhea,1
2024,3,Odisha,Heart Disease,2
2024,3,Odisha,Oral Cancer,1
2024,3,Odisha,Stroke,1
2024,3,Odisha,Swine Flu (H1N1),1
2024,3,Odisha,Thalassemia,1
2024,3,Punjab,Depression,1
2024,3,Punjab,Sickle Cell Anemia,1
2024,3,Punjab,Typhoid,1
2024,3,Rajasthan,Breast Cancer,3
2024,3,Rajasthan,Diarrhea,2
2024,3,Rajasthan,HIV/AIDS,1
2024,3,Rajasthan,Hypertension,1
2024,3,Rajasthan,Japanese Encephalitis,1
2024,3,Rajasthan,Lung Cancer,1
2024,3,Rajasthan,Stroke,1
2024,3,Rajasthan,Tuberculosis,1
2024,3,Tamil Nadu,Anxiety Disorder,1
2024,3,Tamil Nadu,Asthma,1
2024,3,Tamil Nadu,COPD,1
2024,3,Tamil Nadu,Depression,1
2024,3,Tamil Nadu,Filariasis,1
2024,3,Tamil Nadu,Gastroenteritis,1
2024,3,Tamil Nadu,Heart Disease,1
2024,3,Tamil Nadu,Hypertension,1
2024,3,Tamil Nadu,Kala-Azar,2
2024,3,Telangana,Anxiety Disorder,1
2024,3,Telangana,Depression,1
2024,3,Telangana,Japanese Encephalitis,1
2024,3,Uttar Pradesh,Anxiety Disorder,3
2024,3,Uttar Pradesh,Asthma,1
2024,3,Uttar Pradesh,COVID-19,2
2024,3,Uttar Pradesh,Diabetes (Type 2),2
2024,3,Uttar Pradesh,Diarrhea,1
2024,3,Uttar Pradesh,HIV/AIDS,2
2024,3,Uttar Pradesh,Hypertension,1
2024,3,Uttar Pradesh,Jaundice (Hepatitis A),2
2024,3,Uttar Pradesh,Kala-Azar,3
2024,3,Uttar Pradesh,Lung Cancer,1
2024,3,Uttar Pradesh,Stroke,2
2024,3,Uttar Pradesh,Thalassemia,1
2024,3,Uttar Pradesh,Tuberculosis,1
2024,3,Uttar Pradesh,Typhoid,4
2024,3,West Bengal,Anxiety Disorder,1
2024,3,West Bengal,Chikungunya,1
2024,3,West Bengal,Filariasis,1
2024,3,West Bengal,Gastroenteritis,1
2024,3,West Bengal,HIV/AIDS,1
2024,3,West Bengal,Heart Disease,1
2024,3,West Bengal,Hepatitis B,1
2024,3,West Bengal,Kala-Azar,1
2024,3,West Bengal,Oral Cancer,2
2024,3,West Bengal,Sickle Cell Anemia,2
2024,4,Andhra Pradesh,Chronic Kidney Disease,1
2024,4,Andhra Pradesh,Diabetes (Type 2),1
2024,4,Andhra Pradesh,Diarrhea,1
2024,4,Andhra Pradesh,Gastroenteritis,1
2024,4,Andhra Pradesh,Sickle Cell Anemia,1
2024,4,Assam,Breast Cancer,1
2024,4,Assam,Japanese Encephalitis,1
2024,4,Assam,Pneumonia,1
2024,4,Bihar,Anxiety Disorder,1
2024,4,Bihar,Dengue,1
2024,4,Bihar,Depression,1
2024,4,Bihar,Filariasis,1
2024,4,Bihar,Gastroenteritis,6
2024,4,Bihar,Hepatitis B,1
2024,4,Bihar,Jaundice (Hepatitis A),1
2024,4,Bihar,Kala-Azar,1
2024,4,Bihar,Leptospirosis,1
2024,4,Bihar,Lung Cancer,1
2024,4,Bihar,Oral Cancer,1
2024,4,Bihar,Pneumonia,1
2024,4,Bihar,Tuberculosis,2
2024,4,Chhattisgarh,Chronic Kidney Disease,1
2024,4,Goa,Kala-Azar,1
2024,4,Gujarat,COPD,2
2024,4,Gujarat,COVID-19,1
2024,4,Gujarat,Filariasis,1
2024,4,Gujarat,HIV/AIDS,1
2024,4,Gujarat,Hepatitis B,1
2024,4,Gujarat,Jaundice (Hepatitis A),2
2024,4,Gujarat,Leptospirosis,1
2024,4,Gujarat,Stroke,1
2024,4,Gujarat,Thalassemia,1
2024,4,Gujarat,Tuberculosis,1
2024,4,Haryana,Heart Disease,1
2024,4,Haryana,Japanese Encephalitis,1
2024,4,Haryana,Leptospirosis,1
2024,4,Haryana,Stroke,1
2024,4,Haryana,Typhoid,1
2024,4,Himachal Pradesh,Filariasis,1
2024,4,Himachal Pradesh,Jaundice (Hepatitis A),1
2024,4,Jharkhand,Hypertension,1
2024,4,Jharkhand,Japanese Encephalitis,1
2024,4,Karnataka,Anxiety Disorder,1
2024,4,Karnataka,Asthma,1
2024,4,Karnataka,Depression,1
2024,4,Karnataka,Diabetes (Type 2),2
2024,4,Karnataka,Diarrhea,1
2024,4,Karnataka,Sickle Cell Anemia,1
2024,4,Karnataka,Thalassemia,1
2024,4,Karnataka,Tuberculosis,1
2024,4,Kerala,Anxiety Disorder,1
2024,4,Kerala,COVID-19,1
2024,4,Kerala,Kala-Azar,1
2024,4,Kerala,Lung Cancer,1
2024,4,Madhya Pradesh,Depression,1
2024,4,Madhya Pradesh,Diabetes (Type 2),2
2024,4,Madhya Pradesh,Gastroenteritis,1
2024,4,Madhya Pradesh,HIV/AIDS,1
2024,4,Madhya Pradesh,Hypertension,1
2024,4,Madhya Pradesh,Kala-Azar,1
2024,4,Madhya Pradesh,Thalassemia,1
2024,4,Madhya Pradesh,Tuberculosis,1
2024,4,Maharashtra,Breast Cancer,1
2024,4,Maharashtra,Cholera,1
2024,4,Maharashtra,Chronic Kidney Disease,1
2024,4,Maharashtra,Gastroenteritis,3
2024,4,Maharashtra,HIV/AIDS,1
2024,4,Maharashtra,Heart Disease,1
2024,4,Maharashtra,Jaundice (Hepatitis A),2
2024,4,Maharashtra,Malaria,1
2024,4,Maharashtra,Oral Cancer,1
2024,4,Maharashtra,Sickle Cell Anemia,1
2024,4,Maharashtra,Stroke,1
2024,4,Maharashtra,Tuberculosis,2
2024,4,Maharashtra,Typhoid,1
2024,4,Meghalaya,Breast Cancer,1
2024,4,Meghalaya,Gastroenteritis,1
2024,4,NCT of Delhi,Anxiety Disorder,1
2024,4,NCT of Delhi,Dengue,1
2024,4,NCT of Delhi,Heart Disease,1
2024,4,NCT of Delhi,Malaria,1
2024,4,NCT of Delhi,Thalassemia,1
2024,4,Odisha,Chikungunya,1
2024,4,Odisha,Chronic Kidney Disease,2
2024,4,Odisha,Gastroenteritis,2
2024,4,Odisha,HIV/AIDS,1
2024,4,Puducherry,Filariasis,1
2024,4,Punjab,Anxiety Disorder,1
2024,4,Punjab,Chikungunya,1
2024,4,Punjab,Diarrhea,1
2024,4,Rajasthan,Anxiety Disorder,1
2024,4,Rajasthan,Breast Cancer,1
2024,4,Rajasthan,Gastroenteritis,2
2024,4,Rajasthan,HIV/AIDS,1
2024,4,Rajasthan,Hepatitis B,1
2024,4,Rajasthan,Jaundice (Hepatitis A),1
2024,4,Rajasthan,Leptospirosis,1
2024,4,Rajasthan,Oral Cancer,1
2024,4,Rajasthan,Sickle Cell Anemia,1
2024,4,Rajasthan,Thalassemia,2
2024,4,Tamil Nadu,COPD,1
2024,4,Tamil Nadu,COVID-19,1
2024,4,Tamil Nadu,Chronic Kidney Disease,1
2024,4,Tamil Nadu,Diabetes (Type 2),2
2024,4,Tamil Nadu,Diarrhea,1
2024,4,Tamil Nadu,Filariasis,1
2024,4,Tamil Nadu,Heart Disease,1
2024,4,Tamil Nadu,Hypertension,1
2024,4,Tamil Nadu,Japanese Encephalitis,1
2024,4,Tamil Nadu,Jaundice (Hepatitis A),1
2024,4,Tamil Nadu,Oral Cancer,2
2024,4,Tamil Nadu,Sickle Cell Anemia,1
2024,4,Tamil Nadu,Stroke,1
2024,4,Tamil Nadu,Thalassemia,2
2024,4,Tamil Nadu,Typhoid,1
2024,4,Telangana,Chronic Kidney Disease,2
2024,4,Telangana,Diabetes (Type 2),1
2024,4,Telangana,Gastroenteritis,1
2024,4,Telangana,Hypertension,1
2024,4,Uttar Pradesh,Anxiety Disorder,1
2024,4,Uttar Pradesh,Breast Cancer,1
2024,4,Uttar Pradesh,COVID-19,1
2024,4,Uttar Pradesh,Chikungunya,1
2024,4,Uttar Pradesh,Cholera,1
2024,4,Uttar Pradesh,Chronic Kidney Disease,2
2024,4,Uttar Pradesh,Depression,1
2024,4,Uttar Pradesh,Gastroenteritis,2
2024,4,Uttar Pradesh,Heart Disease,1
2024,4,Uttar Pradesh,Hepatitis B,1
2024,4,Uttar Pradesh,Hypertension,1
2024,4,Uttar Pradesh,Jaundice (Hepatitis A),3
2024,4,Uttar Pradesh,Kala-Azar,1
2024,4,Uttar Pradesh,Malaria,1
2024,4,Uttar Pradesh,Oral Cancer,1
2024,4,Uttar Pradesh,Thalassemia,1
2024,4,Uttar Pradesh,Tuberculosis,1
2024,4,Uttar Pradesh,Typhoid,1
2024,4,West Bengal,Asthma,1
2024,4,West Bengal,Cholera,1
2024,4,West Bengal,Diarrhea,2
2024,4,West Bengal,Gastroenteritis,2
2024,4,West Bengal,Hepatitis B,1
2024,4,West Bengal,Japanese Encephalitis,1
2024,4,West Bengal,Lung Cancer,1
2024,4,West Bengal,Sickle Cell Anemia,1
2024,4,West Bengal,Stroke,2
2024,4,West Bengal,Thalassemia,1
2024,5,Andhra Pradesh,Anxiety Disorder,1
2024,5,Andhra Pradesh,Asthma,1
2024,5,Andhra Pradesh,Chronic Kidney Disease,1
2024,5,Andhra Pradesh,Gastroenteritis,1
2024,5,Andhra Pradesh,Japanese Encephalitis,1
2024,5,Andhra Pradesh,Jaundice (Hepatitis A),1
2024,5,Andhra Pradesh,Sickle Cell Anemia,1
2024,5,Assam,Breast Cancer,1
2024,5,Assam,Diarrhea,1
2024,5,Assam,Gastroenteritis,1
2024,5,Assam,Heart Disease,1
2024,5,Assam,Swine Flu (H1N1),1
2024,5,Bihar,COVID-19,1
2024,5,Bihar,Depression,2
2024,5,Bihar,Diarrhea,1
2024,5,Bihar,Hepatitis B,1
2024,5,Bihar,Hypertension,1
2024,5,Bihar,Japanese Encephalitis,1
2024,5,Bihar,Jaundice (Hepatitis A),1
2024,5,Bihar,Tuberculosis,1
2024,5,Bihar,Typhoid,1
2024,5,Chhattisgarh,Diarrhea,1
2024,5,Chhattisgarh,Japanese Encephalitis,2
2024,5,Chhattisgarh,Jaundice (Hepatitis A),1
2024,5,Chhattisgarh,Kala-Azar,1
2024,5,Chhattisgarh,Thalassemia,1
2024,5,Chhattisgarh,Tuberculosis,1
2024,5,Goa,Diarrhea,1
2024,5,Goa,Swine Flu (H1N1),1
2024,5,Gujarat,Anxiety Disorder,1
2024,5,Gujarat,Cholera,1
2024,5,Gujarat,Gastroenteritis,2
2024,5,Gujarat,Heart Disease,1
2024,5,Gujarat,Japanese Encephalitis,1
2024,5,Gujarat,Jaundice (Hepatitis A),2
2024,5,Gujarat,Kala-Azar,1
2024,5,Gujarat,Lung Cancer,1
2024,5,Gujarat,Pneumonia,1
2024,5,Gujarat,Stroke,1
2024,5,Haryana,Chronic Kidney Disease,1
2024,5,Himachal Pradesh,Dengue,1
2024,5,Jammu and Kashmir,Gastroenteritis,1
2024,5,Jammu and Kashmir,Oral Cancer,1
2024,5,Karnataka,COPD,1
2024,5,Karnataka,Gastroenteritis,2
2024,5,Karnataka,Lung Cancer,1
2024,5,Karnataka,Malaria,1
2024,5,Karnataka,Thalassemia,1
2024,5,Kerala,Breast Cancer,2
2024,5,Kerala,Oral Cancer,1
2024,5,Madhya Pradesh,Filariasis,1
2024,5,Madhya Pradesh,Gastroenteritis,1
2024,5,Madhya Pradesh,HIV/AIDS,2
2024,5,Madhya Pradesh,Heart Disease,1
2024,5,Madhya Pradesh,Hypertension,1
2024,5,Madhya Pradesh,Stroke,1
2024,5,Madhya Pradesh,Thalassemia,2
2024,5,Madhya Pradesh,Tuberculosis,1
2024,5,Maharashtra,Asthma,1
2024,5,Maharashtra,Breast Cancer,1
2024,5,Maharashtra,COVID-19,1
2024,5,Maharashtra,Dengue,1
2024,5,Maharashtra,Diarrhea,1
2024,5,Maharashtra,HIV/AIDS,1
2024,5,Maharashtra,Heart Disease,1
2024,5,Maharashtra,Jaundice (Hepatitis A),2
2024,5,Maharashtra,Kala-Azar,2
2024,5,Maharashtra,Lung Cancer,1
2024,5,Maharashtra,Pneumonia,1
2024,5,Maharashtra,Stroke,3
2024,5,Maharashtra,Typhoid,2
2024,5,NCT of Delhi,Diarrhea,1
2024,5,NCT of Delhi,Jaundice (Hepatitis A),1
2024,5,NCT of Delhi,Sickle Cell Anemia,1
2024,5,NCT of Delhi,Thalassemia,1
2024,5,Odisha,Asthma,1
2024,5,Odisha,Diarrhea,1
2024,5,Odisha,Kala-Azar,1
2024,5,Odisha,Sickle Cell Anemia,1
2024,5,Odisha,Thalassemia,1
2024,5,Punjab,Anxiety Disorder,2
2024,5,Punjab,Japanese Encephalitis,1
2024,5,Punjab,Leptospirosis,1
2024,5,Rajasthan,Dengue,1
2024,5,Rajasthan,Diabetes (Type 2),1
2024,5,Rajasthan,Diarrhea,1
2024,5,Rajasthan,Jaundice (Hepatitis A),2
2024,5,Rajasthan,Stroke,1
2024,5,Rajasthan,Thalassemia,1
2024,5,Tamil Nadu,Asthma,1
2024,5,Tamil Nadu,Chronic Kidney Disease,1
2024,5,Tamil Nadu,Diabetes (Type 2),1
2024,5,Tamil Nadu,Gastroenteritis,1
2024,5,Tamil Nadu,HIV/AIDS,1
2024,5,Tamil Nadu,Japanese Encephalitis,1
2024,5,Tamil Nadu,Oral Cancer,1
2024,5,Tamil Nadu,Sickle Cell Anemia,1
2024,5,Telangana,Hypertension,1
2024,5,Telangana,Japanese Encephalitis,1
2024,5,Telangana,Pneumonia,1
2024,5,Telangana,Sickle Cell Anemia,1
2024,5,Telangana,Thalassemia,1
2024,5,Telangana,Typhoid,1
2024,5,Uttar Pradesh,Breast Cancer,2
2024,5,Uttar Pradesh,COPD,1
2024,5,Uttar Pradesh,Cholera,1
2024,5,Uttar Pradesh,Dengue,2
2024,5,Uttar Pradesh,Depression,1
2024,5,Uttar Pradesh,Diabetes (Type 2),1
2024,5,Uttar Pradesh,Diarrhea,2
2024,5,Uttar Pradesh,Filariasis,1
2024,5,Uttar Pradesh,Gastroenteritis,1
2024,5,Uttar Pradesh,Heart Disease,1
2024,5,Uttar Pradesh,Hepatitis B,1
2024,5,Uttar Pradesh,Japanese Encephalitis,1
2024,5,Uttar Pradesh,Jaundice (Hepatitis A),3
2024,5,Uttar Pradesh,Oral Cancer,2
2024,5,Uttar Pradesh,Stroke,4
2024,5,Uttar Pradesh,Tuberculosis,1
2024,5,West Bengal,Breast Cancer,1
2024,5,West Bengal,Depression,1
2024,5,West Bengal,Diarrhea,1
2024,5,West Bengal,Hepatitis B,1
2024,5,West Bengal,Jaundice (Hepatitis A),2
2024,5,West Bengal,Kala-Azar,1
2024,5,West Bengal,Stroke,1
2024,6,Andhra Pradesh,Asthma,1
2024,6,Andhra Pradesh,Depression,1
2024,6,Andhra Pradesh,Japanese Encephalitis,1
2024,6,Andhra Pradesh,Jaundice (Hepatitis A),2
2024,6,Andhra Pradesh,Kala-Azar,1
2024,6,Andhra Pradesh,Leptospirosis,1
2024,6,Andhra Pradesh,Oral Cancer,1
2024,6,Andhra Pradesh,Tuberculosis,1
2024,6,Assam,Filariasis,1
2024,6,Assam,Gastroenteritis,1
2024,6,Assam,Japanese Encephalitis,1
2024,6,Assam,Jaundice (Hepatitis A),1
2024,6,Assam,Lung Cancer,1
2024,6,Assam,Stroke,1
2024,6,Bihar,Breast Cancer,1
2024,6,Bihar,Chronic Kidney Disease,1
2024,6,Bihar,Diabetes (Type 2),2
2024,6,Bihar,Gastroenteritis,3
2024,6,Bihar,HIV/AIDS,1
2024,6,Bihar,Heart Disease,1
2024,6,Bihar,Hypertension,1
2024,6,Bihar,Jaundice (Hepatitis A),2
2024,6,Bihar,Oral Cancer,1
2024,6,Bihar,Stroke,1
2024,6,Bihar,Thalassemia,1
2024,6,Bihar,Tuberculosis,2
2024,6,Bihar,Typhoid,1
2024,6,Chhattisgarh,Chronic Kidney Disease,1
2024,6,Goa,HIV/AIDS,1
2024,6,Goa,Swine Flu (H1N1),1
2024,6,Gujarat,Filariasis,1
2024,6,Gujarat,Gastroenteritis,1
2024,6,Gujarat,HIV/AIDS,1
2024,6,Gujarat,Hypertension,1
2024,6,Gujarat,Jaundice (Hepatitis A),2
2024,6,Gujarat,Pneumonia,1
2024,6,Haryana,Chikungunya,1
2024,6,Haryana,Oral Cancer,1
2024,6,Haryana,Sickle Cell Anemia,1
2024,6,Jammu and Kashmir,Heart Disease,2
2024,6,Jammu and Kashmir,Kala-Azar,1
2024,6,Jharkhand,HIV/AIDS,1
2024,6,Jharkhand,Hepatitis B,1
2024,6,Jharkhand,Hypertension,1
2024,6,Jharkhand,Jaundice (Hepatitis A),1
2024,6,Jharkhand,Kala-Azar,1
2024,6,Jharkhand,Pneumonia,1
2024,6,Jharkhand,Stroke,1
2024,6,Karnataka,Breast Cancer,1
2024,6,Karnataka,Chronic Kidney Disease,1
2024,6,Karnataka,Gastroenteritis,1
2024,6,Karnataka,Heart Disease,2
2024,6,Karnataka,Hypertension,1
2024,6,Karnataka,Jaundice (Hepatitis A),1
2024,6,Karnataka,Stroke,1
2024,6,Kerala,Depression,1
2024,6,Kerala,Diarrhea,1
2024,6,Kerala,Japanese Encephalitis,2
2024,6,Kerala,Kala-Azar,1
2024,6,Kerala,Stroke,1
2024,6,Kerala,Typhoid,1
2024,6,Madhya Pradesh,Chronic Kidney Disease,1
2024,6,Madhya Pradesh,Diabetes (Type 2),1
2024,6,Madhya Pradesh,Filariasis,1
2024,6,Madhya Pradesh,HIV/AIDS,1
2024,6,Madhya Pradesh,Hypertension,1
2024,6,Madhya Pradesh,Jaundice (Hepatitis A),1
2024,6,Madhya Pradesh,Kala-Azar,1
2024,6,Madhya Pradesh,Oral Cancer,1
2024,6,Madhya Pradesh,Swine Flu (H1N1),1
2024,6,Madhya Pradesh,Thalassemia,1
2024,6,Madhya Pradesh,Tuberculosis,1
2024,6,Maharashtra,Anxiety Disorder,2
2024,6,Maharashtra,Diabetes (Type 2),1
2024,6,Maharashtra,Diarrhea,1
2024,6,Maharashtra,Heart Disease,1
2024,6,Maharashtra,Hypertension,1
2024,6,Maharashtra,Jaundice (Hepatitis A),2
2024,6,Maharashtra,Kala-Azar,2
2024,6,Maharashtra,Leptospirosis,1
2024,6,Maharashtra,Sickle Cell Anemia,1
2024,6,Maharashtra,Tuberculosis,2
2024,6,Maharashtra,Typhoid,1
2024,6,Manipur,Stroke,1
2024,6,Meghalaya,Hypertension,1
2024,6,NCT of Delhi,Kala-Azar,1
2024,6,Nagaland,Kala-Azar,1
2024,6,Odisha,Breast Cancer,1
2024,6,Odisha,Chronic Kidney Disease,3
2024,6,Odisha,Diabetes (Type 2),1
2024,6,Odisha,Gastroenteritis,2
2024,6,Odisha,Jaundice (Hepatitis A),2
2024,6,Odisha,Kala-Azar,1
2024,6,Odisha,Malaria,1
2024,6,Odisha,Thalassemia,1
2024,6,Punjab,HIV/AIDS,1
2024,6,Punjab,Lung Cancer,1
2024,6,Punjab,Sickle Cell Anemia,1
2024,6,Rajasthan,COPD,1
2024,6,Rajasthan,Gastroenteritis,2
2024,6,Rajasthan,HIV/AIDS,1
2024,6,Rajasthan,Hypertension,2
2024,6,Rajasthan,Leptospirosis,1
2024,6,Rajasthan,Oral Cancer,1
2024,6,Rajasthan,Stroke,1
2024,6,Rajasthan,Swine Flu (H1N1),1
2024,6,Rajasthan,Tuberculosis,2
2024,6,Tamil Nadu,Chronic Kidney Disease,1
2024,6,Tamil Nadu,Hypertension,2
2024,6,Tamil Nadu,Japanese Encephalitis,1
2024,6,Tamil Nadu,Sickle Cell Anemia,1
2024,6,Tamil Nadu,Thalassemia,1
2024,6,Tamil Nadu,Typhoid,1
2024,6,Telangana,Depression,1
2024,6,Telangana,Diabetes (Type 2),1
2024,6,Telangana,Japanese Encephalitis,1
2024,6,Telangana,Jaundice (Hepatitis A),1
2024,6,Telangana,Stroke,1
2024,6,Uttar Pradesh,COVID-19,1
2024,6,Uttar Pradesh,Chikungunya,2
2024,6,Uttar Pradesh,Diabetes (Type 2),2
2024,6,Uttar Pradesh,Filariasis,1
2024,6,Uttar Pradesh,Gastroenteritis,2
2024,6,Uttar Pradesh,Hepatitis B,2
2024,6,Uttar Pradesh,Hypertension,1
2024,6,Uttar Pradesh,Leptospirosis,1
2024,6,Uttar Pradesh,Oral Cancer,1
2024,6,Uttar Pradesh,Sickle Cell Anemia,1
2024,6,Uttar Pradesh,Stroke,1
2024,6,Uttar Pradesh,Swine Flu (H1N1),1
2024,6,Uttarakhand,Hepatitis B,1
2024,6,West Bengal,Depression,1
2024,6,West Bengal,Diabetes (Type 2),1
2024,6,West Bengal,Filariasis,1
2024,6,West Bengal,Hypertension,2
2024,6,West Bengal,Oral Cancer,1
2024,7,Andhra Pradesh,Cholera,1
2024,7,Andhra Pradesh,Depression,1
2024,7,Andhra Pradesh,Jaundice (Hepatitis A),1
2024,7,Andhra Pradesh,Kala-Azar,1
2024,7,Andhra Pradesh,Leptospirosis,1
2024,7,Andhra Pradesh,Malaria,1
2024,7,Andhra Pradesh,Sickle Cell Anemia,1
2024,7,Arunachal Pradesh,Gastroenteritis,1
2024,7,Assam,Anxiety Disorder,1
2024,7,Assam,Chikungunya,1
2024,7,Assam,Cholera,2
2024,7,Assam,Dengue,1
2024,7,Assam,Hepatitis B,1
2024,7,Assam,Hypertension,1
2024,7,Assam,Malaria,2
2024,7,Bihar,Anxiety Disorder,2
2024,7,Bihar,Breast Cancer,1
2024,7,Bihar,Chikungunya,1
2024,7,Bihar,Cholera,1
2024,7,Bihar,Dengue,2
2024,7,Bihar,Diabetes (Type 2),1
2024,7,Bihar,Filariasis,1
2024,7,Bihar,Heart Disease,2
2024,7,Bihar,Hepatitis B,1
2024,7,Bihar,Hypertension,2
2024,7,Bihar,Japanese Encephalitis,2
2024,7,Bihar,Jaundice (Hepatitis A),1
2024,7,Bihar,Leptospirosis,6
2024,7,Bihar,Sickle Cell Anemia,2
2024,7,Bihar,Tuberculosis,1
2024,7,Chhattisgarh,Chikungunya,1
2024,7,Chhattisgarh,Gastroenteritis,1
2024,7,Chhattisgarh,Jaundice (Hepatitis A),1
2024,7,Chhattisgarh,Malaria,1
2024,7,Goa,Malaria,1
2024,7,Gujarat,COVID-19,1
2024,7,Gujarat,Cholera,1
2024,7,Gujarat,Dengue,3
2024,7,Gujarat,Diabetes (Type 2),1
2024,7,Gujarat,Diarrhea,1
2024,7,Gujarat,Heart Disease,1
2024,7,Gujarat,Japanese Encephalitis,1
2024,7,Gujarat,Jaundice (Hepatitis A),1
2024,7,Gujarat,Leptospirosis,2
2024,7,Gujarat,Lung Cancer,2
2024,7,Gujarat,Malaria,2
2024,7,Gujarat,Thalassemia,1
2024,7,Gujarat,Tuberculosis,1
2024,7,Haryana,Chronic Kidney Disease,3
2024,7,Haryana,Diabetes (Type 2),1
2024,7,Haryana,Diarrhea,2
2024,7,Haryana,Filariasis,1
2024,7,Haryana,Gastroenteritis,3
2024,7,Haryana,Malaria,1
2024,7,Himachal Pradesh,Chikungunya,1
2024,7,Himachal Pradesh,HIV/AIDS,1
2024,7,Himachal Pradesh,Hepatitis B,1
2024,7,Jammu and Kashmir,Anxiety Disorder,1
2024,7,Jammu and Kashmir,Depression,1
2024,7,Jharkhand,Gastroenteritis,1
2024,7,Jharkhand,Heart Disease,1
2024,7,Jharkhand,Hepatitis B,1
2024,7,Jharkhand,Malaria,1
2024,7,Jharkhand,Oral Cancer,1
2024,7,Jharkhand,Sickle Cell Anemia,1
2024,7,Karnataka,Cholera,1
2024,7,Karnataka,Chronic Kidney Disease,1
2024,7,Karnataka,Depression,1
2024,7,Karnataka,Gastroenteritis,2
2024,7,Karnataka,Hypertension,1
2024,7,Karnataka,Jaundice (Hepatitis A),1
2024,7,Karnataka,Kala-Azar,1
2024,7,Karnataka,Leptospirosis,1
2024,7,Karnataka,Lung Cancer,1
2024,7,Karnataka,Malaria,2
2024,7,Karnataka,Swine Flu (H1N1),1
2024,7,Karnataka,Tuberculosis,1
2024,7,Kerala,Breast Cancer,1
2024,7,Kerala,Cholera,1
2024,7,Kerala,Diabetes (Type 2),1
2024,7,Kerala,Filariasis,1
2024,7,Kerala,Hypertension,1
2024,7,Kerala,Kala-Azar,1
2024,7,Kerala,Stroke,2
2024,7,Madhya Pradesh,Anxiety Disorder,2
2024,7,Madhya Pradesh,Chikungunya,2
2024,7,Madhya Pradesh,Cholera,2
2024,7,Madhya Pradesh,Dengue,2
2024,7,Madhya Pradesh,Depression,1
2024,7,Madhya Pradesh,Gastroenteritis,1
2024,7,Madhya Pradesh,Hepatitis B,2
2024,7,Madhya Pradesh,Jaundice (Hepatitis A),1
2024,7,Madhya Pradesh,Leptospirosis,1
2024,7,Madhya Pradesh,Lung Cancer,1
2024,7,Madhya Pradesh,Tuberculosis,1
2024,7,Maharashtra,Anxiety Disorder,1
2024,7,Maharashtra,Chikungunya,1
2024,7,Maharashtra,Cholera,1
2024,7,Maharashtra,Depression,1
2024,7,Maharashtra,Diabetes (Type 2),1
2024,7,Maharashtra,Diarrhea,3
2024,7,Maharashtra,Gastroenteritis,1
2024,7,Maharashtra,Jaundice (Hepatitis A),1
2024,7,Maharashtra,Leptospirosis,1
2024,7,Maharashtra,Oral Cancer,2
2024,7,Maharashtra,Sickle Cell Anemia,1
2024,7,Maharashtra,Thalassemia,2
2024,7,Maharashtra,Tuberculosis,1
2024,7,Maharashtra,Typhoid,1
2024,7,NCT of Delhi,Depression,1
2024,7,NCT of Delhi,Gastroenteritis,1
2024,7,NCT of Delhi,HIV/AIDS,1
2024,7,NCT of Delhi,Jaundice (Hepatitis A),1
2024,7,NCT of Delhi,Lung Cancer,1
2024,7,NCT of Delhi,Oral Cancer,1
2024,7,NCT of Delhi,Thalassemia,1
2024,7,Odisha,Asthma,1
2024,7,Odisha,Cholera,1
2024,7,Odisha,Chronic Kidney Disease,1
2024,7,Odisha,Filariasis,1
2024,7,Odisha,Gastroenteritis,1
2024,7,Odisha,Heart Disease,1
2024,7,Odisha,Malaria,1
2024,7,Odisha,Oral Cancer,1
2024,7,Odisha,Tuberculosis,1
2024,7,Odisha,Typhoid,1
2024,7,Puducherry,Kala-Azar,1
2024,7,Punjab,Cholera,1
2024,7,Punjab,HIV/AIDS,1
2024,7,Punjab,Hepatitis B,1
2024,7,Punjab,Leptospirosis,1
2024,7,Punjab,Lung Cancer,1
2024,7,Punjab,Malaria,1
2024,7,Punjab,Oral Cancer,1
2024,7,Rajasthan,Anxiety Disorder,1
2024,7,Rajasthan,Chikungunya,3
2024,7,Rajasthan,Cholera,2
2024,7,Rajasthan,HIV/AIDS,1
2024,7,Rajasthan,Heart Disease,1
2024,7,Rajasthan,Leptospirosis,1
2024,7,Rajasthan,Malaria,1
2024,7,Tamil Nadu,Dengue,1
2024,7,Tamil Nadu,Diarrhea,1
2024,7,Tamil Nadu,Filariasis,1
2024,7,Tamil Nadu,Leptospirosis,1
2024,7,Tamil Nadu,Malaria,1
2024,7,Tamil Nadu,Pneumonia,1
2024,7,Tamil Nadu,Thalassemia,1
2024,7,Tamil Nadu,Tuberculosis,1
2024,7,Telangana,Asthma,1
2024,7,Telangana,Chronic Kidney Disease,1
2024,7,Telangana,Dengue,1
2024,7,Telangana,Depression,1
2024,7,Telangana,Malaria,1
2024,7,Telangana,Oral Cancer,1
2024,7,Telangana,Sickle Cell Anemia,1
2024,7,Telangana,Thalassemia,1
2024,7,Uttar Pradesh,Asthma,1
2024,7,Uttar Pradesh,Chikungunya,2
2024,7,Uttar Pradesh,Cholera,3
2024,7,Uttar Pradesh,Chronic Kidney Disease,1
2024,7,Uttar Pradesh,Dengue,2
2024,7,Uttar Pradesh,Diabetes (Type 2),1
2024,7,Uttar Pradesh,Filariasis,1
2024,7,Uttar Pradesh,Gastroenteritis,1
2024,7,Uttar Pradesh,HIV/AIDS,1
2024,7,Uttar Pradesh,Heart Disease,1
2024,7,Uttar Pradesh,Japanese Encephalitis,2
2024,7,Uttar Pradesh,Kala-Azar,1
2024,7,Uttar Pradesh,Leptospirosis,2
2024,7,Uttar Pradesh,Malaria,2
2024,7,Uttar Pradesh,Oral Cancer,2
2024,7,Uttar Pradesh,Pneumonia,1
2024,7,Uttar Pradesh,Thalassemia,1
2024,7,Uttar Pradesh,Typhoid,2
2024,7,Uttarakhand,Breast Cancer,1
2024,7,Uttarakhand,Lung Cancer,1
2024,7,Uttarakhand,Oral Cancer,1
2024,7,West Bengal,Anxiety Disorder,2
2024,7,West Bengal,Chikungunya,2
2024,7,West Bengal,Dengue,2
2024,7,West Bengal,Diarrhea,2
2024,7,West Bengal,HIV/AIDS,1
2024,7,West Bengal,Heart Disease,2
2024,7,West Bengal,Hepatitis B,3
2024,7,West Bengal,Hypertension,1
2024,7,West Bengal,Japanese Encephalitis,1
2024,7,West Bengal,Jaundice (Hepatitis A),1
2024,7,West Bengal,Kala-Azar,1
2024,7,West Bengal,Leptospirosis,2
2024,7,West Bengal,Malaria,1
2024,7,West Bengal,Oral Cancer,1
2024,7,West Bengal,Stroke,1
2024,8,Andhra Pradesh,HIV/AIDS,1
2024,8,Andhra Pradesh,Heart Disease,2
2024,8,Andhra Pradesh,Hepatitis B,1
2024,8,Andhra Pradesh,Kala-Azar,1
2024,8,Andhra Pradesh,Leptospirosis,1
2024,8,Andhra Pradesh,Thalassemia,1
2024,8,Andhra Pradesh,Tuberculosis,1
2024,8,Andhra Pradesh,Typhoid,1
2024,8,Assam,Chikungunya,1
2024,8,Assam,Gastroenteritis,1
2024,8,Assam,Hypertension,1
2024,8,Assam,Japanese Encephalitis,3
2024,8,Assam,Malaria,1
2024,8,Assam,Oral Cancer,1
2024,8,Assam,Swine Flu (H1N1),1
2024,8,Bihar,Anxiety Disorder,1
2024,8,Bihar,Asthma,1
2024,8,Bihar,COVID-19,1
2024,8,Bihar,Chikungunya,2
2024,8,Bihar,Cholera,3
2024,8,Bihar,Dengue,3
2024,8,Bihar,Gastroenteritis,1
2024,8,Bihar,HIV/AIDS,1
2024,8,Bihar,Heart Disease,1
2024,8,Bihar,Hepatitis B,1
2024,8,Bihar,Hypertension,1
2024,8,Bihar,Japanese Encephalitis,1
2024,8,Bihar,Jaundice (Hepatitis A),1
2024,8,Bihar,Kala-Azar,1
2024,8,Bihar,Malaria,3
2024,8,Bihar,Oral Cancer,1
2024,8,Bihar,Thalassemia,2
2024,8,Chhattisgarh,Chronic Kidney Disease,1
2024,8,Chhattisgarh,Gastroenteritis,2
2024,8,Chhattisgarh,Hepatitis B,1
2024,8,Chhattisgarh,Kala-Azar,1
2024,8,Chhattisgarh,Leptospirosis,1
2024,8,Chhattisgarh,Tuberculosis,1
2024,8,Goa,Diarrhea,1
2024,8,Goa,Stroke,1
2024,8,Gujarat,Asthma,1
2024,8,Gujarat,Breast Cancer,2
2024,8,Gujarat,COVID-19,1
2024,8,Gujarat,Chikungunya,3
2024,8,Gujarat,Cholera,1
2024,8,Gujarat,Chronic Kidney Disease,2
2024,8,Gujarat,Dengue,1
2024,8,Gujarat,Jaundice (Hepatitis A),1
2024,8,Gujarat,Oral Cancer,1
2024,8,Gujarat,Typhoid,1
2024,8,Haryana,Gastroenteritis,2
2024,8,Haryana,Heart Disease,1
2024,8,Haryana,Jaundice (Hepatitis A),1
2024,8,Haryana,Kala-Azar,1
2024,8,Haryana,Oral Cancer,1
2024,8,Himachal Pradesh,Cholera,1
2024,8,Jammu and Kashmir,Chikungunya,1
2024,8,Jammu and Kashmir,Hepatitis B,1
2024,8,Jammu and Kashmir,Leptospirosis,1
2024,8,Jammu and Kashmir,Stroke,1
2024,8,Jammu and Kashmir,Thalassemia,2
2024,8,Jharkhand,Chikungunya,2
2024,8,Jharkhand,Cholera,1
2024,8,Jharkhand,Leptospirosis,2
2024,8,Jharkhand,Sickle Cell Anemia,1
2024,8,Jharkhand,Typhoid,1
2024,8,Karnataka,Chikungunya,1
2024,8,Karnataka,Depression,1
2024,8,Karnataka,Filariasis,1
2024,8,Karnataka,HIV/AIDS,1
2024,8,Karnataka,Leptospirosis,2
2024,8,Karnataka,Lung Cancer,2
2024,8,Karnataka,Malaria,1
2024,8,Karnataka,Pneumonia,1
2024,8,Karnataka,Stroke,1
2024,8,Karnataka,Swine Flu (H1N1),1
2024,8,Kerala,Anxiety Disorder,1
2024,8,Kerala,Chikungunya,1
2024,8,Kerala,Cholera,1
2024,8,Kerala,Chronic Kidney Disease,1
2024,8,Kerala,HIV/AIDS,1
2024,8,Kerala,Heart Disease,1
2024,8,Kerala,Kala-Azar,1
2024,8,Kerala,Sickle Cell Anemia,2
2024,8,Kerala,Swine Flu (H1N1),1
2024,8,Madhya Pradesh,COVID-19,1
2024,8,Madhya Pradesh,Chikungunya,1
2024,8,Madhya Pradesh,Cholera,1
2024,8,Madhya Pradesh,Diabetes (Type 2),1
2024,8,Madhya Pradesh,Diarrhea,2
2024,8,Madhya Pradesh,Japanese Encephalitis,2
2024,8,Madhya Pradesh,Jaundice (Hepatitis A),1
2024,8,Madhya Pradesh,Leptospirosis,2
2024,8,Madhya Pradesh,Lung Cancer,1
2024,8,Madhya Pradesh,Stroke,1
2024,8,Madhya Pradesh,Thalassemia,1
2024,8,Maharashtra,Anxiety Disorder,2
2024,8,Maharashtra,Breast Cancer,1
2024,8,Maharashtra,Chikungunya,1
2024,8,Maharashtra,Cholera,4
2024,8,Maharashtra,Chronic Kidney Disease,1
2024,8,Maharashtra,Dengue,2
2024,8,Maharashtra,Depression,1
2024,8,Maharashtra,Diabetes (Type 2),1
2024,8,Maharashtra,Filariasis,1
2024,8,Maharashtra,Gastroenteritis,2
2024,8,Maharashtra,Heart Disease,1
2024,8,Maharashtra,Hepatitis B,2
2024,8,Maharashtra,Jaundice (Hepatitis A),1
2024,8,Maharashtra,Leptospirosis,1
2024,8,Maharashtra,Lung Cancer,1
2024,8,Maharashtra,Malaria,2
2024,8,Maharashtra,Sickle Cell Anemia,1
2024,8,Maharashtra,Thalassemia,2
2024,8,Maharashtra,Tuberculosis,1
2024,8,Manipur,Chikungunya,1
2024,8,Manipur,Heart Disease,1
2024,8,Manipur,Hypertension,1
2024,8,Manipur,Leptospirosis,1
2024,8,Manipur,Lung Cancer,1
2024,8,Manipur,Stroke,1
2024,8,Manipur,Typhoid,1
2024,8,Meghalaya,HIV/AIDS,1
2024,8,Mizoram,Breast Cancer,1
2024,8,NCT of Delhi,Breast Cancer,1
2024,8,NCT of Delhi,Filariasis,1
2024,8,NCT of Delhi,Heart Disease,1
2024,8,NCT of Delhi,Thalassemia,1
2024,8,Nagaland,Breast Cancer,1
2024,8,Nagaland,Kala-Azar,1
2024,8,Odisha,Dengue,1
2024,8,Odisha,Diarrhea,1
2024,8,Odisha,Hypertension,1
2024,8,Odisha,Japanese Encephalitis,1
2024,8,Punjab,Anxiety Disorder,1
2024,8,Punjab,Chikungunya,1
2024,8,Punjab,Cholera,1
2024,8,Punjab,Gastroenteritis,1
2024,8,Punjab,Jaundice (Hepatitis A),1
2024,8,Punjab,Kala-Azar,1
2024,8,Punjab,Leptospirosis,3
2024,8,Punjab,Sickle Cell Anemia,1
2024,8,Rajasthan,Chikungunya,2
2024,8,Rajasthan,Cholera,1
2024,8,Rajasthan,Chronic Kidney Disease,1
2024,8,Rajasthan,Dengue,2
2024,8,Rajasthan,Gastroenteritis,1
2024,8,Rajasthan,HIV/AIDS,1
2024,8,Rajasthan,Hypertension,1
2024,8,Rajasthan,Leptospirosis,1
2024,8,Rajasthan,Malaria,1
2024,8,Rajasthan,Stroke,1
2024,8,Rajasthan,Thalassemia,1
2024,8,Rajasthan,Typhoid,1
2024,8,Tamil Nadu,Breast Cancer,1
2024,8,Tamil Nadu,Chikungunya,1
2024,8,Tamil Nadu,Cholera,1
2024,8,Tamil Nadu,Filariasis,1
2024,8,Tamil Nadu,Hepatitis B,1
2024,8,Tamil Nadu,Leptospirosis,1
2024,8,Tamil Nadu,Malaria,2
2024,8,Tamil Nadu,Oral Cancer,1
2024,8,Tamil Nadu,Typhoid,1
2024,8,Telangana,Breast Cancer,3
2024,8,Telangana,Chikungunya,2
2024,8,Telangana,Cholera,1
2024,8,Telangana,Gastroenteritis,1
2024,8,Telangana,Leptospirosis,1
2024,8,Telangana,Malaria,1
2024,8,Telangana,Pneumonia,1
2024,8,Uttar Pradesh,Anxiety Disorder,1
2024,8,Uttar Pradesh,Breast Cancer,2
2024,8,Uttar Pradesh,Chikungunya,3
2024,8,Uttar Pradesh,Cholera,6
2024,8,Uttar Pradesh,Chronic Kidney Disease,1
2024,8,Uttar Pradesh,Dengue,2
2024,8,Uttar Pradesh,Depression,1
2024,8,Uttar Pradesh,Diarrhea,1
2024,8,Uttar Pradesh,Gastroenteritis,1
2024,8,Uttar Pradesh,HIV/AIDS,2
2024,8,Uttar Pradesh,Hepatitis B,1
2024,8,Uttar Pradesh,Hypertension,2
2024,8,Uttar Pradesh,Japanese Encephalitis,1
2024,8,Uttar Pradesh,Jaundice (Hepatitis A),4
2024,8,Uttar Pradesh,Kala-Azar,1
2024,8,Uttar Pradesh,Leptospirosis,3
2024,8,Uttar Pradesh,Pneumonia,1
2024,8,Uttar Pradesh,Stroke,2
2024,8,Uttar Pradesh,Thalassemia,1
2024,8,Uttar Pradesh,Tuberculosis,2
2024,8,Uttarakhand,Japanese Encephalitis,1
2024,8,West Bengal,Asthma,1
2024,8,West Bengal,Breast Cancer,1
2024,8,West Bengal,Cholera,1
2024,8,West Bengal,Chronic Kidney Disease,1
2024,8,West Bengal,Depression,2
2024,8,West Bengal,Diarrhea,1
2024,8,West Bengal,HIV/AIDS,1
2024,8,West Bengal,Hypertension,1
2024,8,West Bengal,Japanese Encephalitis,2
2024,8,West Bengal,Jaundice (Hepatitis A),1
2024,8,West Bengal,Lung Cancer,1
2024,8,West Bengal,Malaria,1
2024,8,West Bengal,Pneumonia,1
2024,9,Andhra Pradesh,Anxiety Disorder,1
2024,9,Andhra Pradesh,Breast Cancer,1
2024,9,Andhra Pradesh,Diabetes (Type 2),1
2024,9,Andhra Pradesh,Diarrhea,1
2024,9,Andhra Pradesh,HIV/AIDS,1
2024,9,Andhra Pradesh,Heart Disease,1
2024,9,Andhra Pradesh,Japanese Encephalitis,1
2024,9,Andhra Pradesh,Leptospirosis,1
2024,9,Andhra Pradesh,Malaria,2
2024,9,Andhra Pradesh,Stroke,1
2024,9,Assam,Anxiety Disorder,1
2024,9,Assam,Malaria,2
2024,9,Assam,Stroke,1
2024,9,Bihar,COPD,1
2024,9,Bihar,Chikungunya,2
2024,9,Bihar,Cholera,3
2024,9,Bihar,Dengue,1
2024,9,Bihar,Depression,3
2024,9,Bihar,Diarrhea,1
2024,9,Bihar,Filariasis,1
2024,9,Bihar,Heart Disease,2
2024,9,Bihar,Hepatitis B,1
2024,9,Bihar,Hypertension,1
2024,9,Bihar,Kala-Azar,1
2024,9,Bihar,Leptospirosis,3
2024,9,Bihar,Malaria,1
2024,9,Bihar,Pneumonia,1
2024,9,Chandigarh,Chikungunya,1
2024,9,Chhattisgarh,Cholera,1
2024,9,Chhattisgarh,Chronic Kidney Disease,1
2024,9,Goa,Malaria,2
2024,9,Goa,Tuberculosis,1
2024,9,Gujarat,Anxiety Disorder,1
2024,9,Gujarat,Breast Cancer,1
2024,9,Gujarat,Cholera,1
2024,9,Gujarat,Gastroenteritis,1
2024,9,Gujarat,HIV/AIDS,1
2024,9,Gujarat,Leptospirosis,1
2024,9,Gujarat,Lung Cancer,1
2024,9,Gujarat,Malaria,1
2024,9,Gujarat,Stroke,2
2024,9,Gujarat,Typhoid,1
2024,9,Haryana,Anxiety Disorder,1
2024,9,Haryana,Diabetes (Type 2),1
2024,9,Haryana,Gastroenteritis,1
2024,9,Haryana,Japanese Encephalitis,1
2024,9,Himachal Pradesh,COVID-19,1
2024,9,Jammu and Kashmir,Malaria,1
2024,9,Jharkhand,Hypertension,1
2024,9,Jharkhand,Lung Cancer,1
2024,9,Jharkhand,Malaria,1
2024,9,Jharkhand,Sickle Cell Anemia,1
2024,9,Jharkhand,Swine Flu (H1N1),1
2024,9,Karnataka,COVID-19,1
2024,9,Karnataka,Chronic Kidney Disease,1
2024,9,Karnataka,Dengue,2
2024,9,Karnataka,Hepatitis B,1
2024,9,Karnataka,Hypertension,1
2024,9,Karnataka,Kala-Azar,1
2024,9,Karnataka,Leptospirosis,2
2024,9,Karnataka,Malaria,1
2024,9,Karnataka,Swine Flu (H1N1),1
2024,9,Kerala,Chikungunya,1
2024,9,Kerala,Diarrhea,1
2024,9,Kerala,Kala-Azar,1
2024,9,Kerala,Leptospirosis,1
2024,9,Kerala,Swine Flu (H1N1),1
2024,9,Madhya Pradesh,Breast Cancer,1
2024,9,Madhya Pradesh,Chikungunya,2
2024,9,Madhya Pradesh,Dengue,1
2024,9,Madhya Pradesh,Diarrhea,2
2024,9,Madhya Pradesh,Heart Disease,1
2024,9,Madhya Pradesh,Hypertension,1
2024,9,Madhya Pradesh,Pneumonia,1
2024,9,Madhya Pradesh,Sickle Cell Anemia,3
2024,9,Madhya Pradesh,Stroke,1
2024,9,Madhya Pradesh,Tuberculosis,1
2024,9,Maharashtra,Anxiety Disorder,1
2024,9,Maharashtra,COVID-19,1
2024,9,Maharashtra,Chikungunya,2
2024,9,Maharashtra,Cholera,2
2024,9,Maharashtra,Dengue,2
2024,9,Maharashtra,Diabetes (Type 2),1
2024,9,Maharashtra,Diarrhea,1
2024,9,Maharashtra,Heart Disease,1
2024,9,Maharashtra,Hypertension,1
2024,9,Maharashtra,Kala-Azar,1
2024,9,Maharashtra,Malaria,2
2024,9,Maharashtra,Oral Cancer,2
2024,9,Maharashtra,Pneumonia,1
2024,9,Maharashtra,Thalassemia,1
2024,9,Maharashtra,Tuberculosis,1
2024,9,NCT of Delhi,Anxiety Disorder,1
2024,9,NCT of Delhi,Dengue,2
2024,9,NCT of Delhi,Japanese Encephalitis,1
2024,9,Odisha,Chikungunya,1
2024,9,Odisha,Depression,2
2024,9,Odisha,Diabetes (Type 2),1
2024,9,Odisha,Hypertension,1
2024,9,Odisha,Japanese Encephalitis,1
2024,9,Odisha,Sickle Cell Anemia,1
2024,9,Odisha,Thalassemia,1
2024,9,Odisha,Typhoid,1
2024,9,Punjab,Dengue,1
2024,9,Punjab,HIV/AIDS,1
2024,9,Punjab,Jaundice (Hepatitis A),1
2024,9,Punjab,Kala-Azar,1
2024,9,Punjab,Typhoid,2
2024,9,Rajasthan,Depression,1
2024,9,Rajasthan,Diarrhea,1
2024,9,Rajasthan,Japanese Encephalitis,1
2024,9,Rajasthan,Leptospirosis,1
2024,9,Rajasthan,Stroke,1
2024,9,Rajasthan,Tuberculosis,1
2024,9,Rajasthan,Typhoid,1
2024,9,Tamil Nadu,Breast Cancer,2
2024,9,Tamil Nadu,Chikungunya,1
2024,9,Tamil Nadu,Cholera,2
2024,9,Tamil Nadu,Diabetes (Type 2),1
2024,9,Tamil Nadu,Heart Disease,1
2024,9,Tamil Nadu,Leptospirosis,1
2024,9,Tamil Nadu,Lung Cancer,1
2024,9,Tamil Nadu,Malaria,1
2024,9,Tamil Nadu,Sickle Cell Anemia,1
2024,9,Tamil Nadu,Thalassemia,1
2024,9,Tamil Nadu,Tuberculosis,1
2024,9,Tamil Nadu,Typhoid,1
2024,9,Telangana,Breast Cancer,1
2024,9,Telangana,Chikungunya,1
2024,9,Telangana,Malaria,1
2024,9,Telangana,Pneumonia,1
2024,9,Uttar Pradesh,Breast Cancer,2
2024,9,Uttar Pradesh,COVID-19,2
2024,9,Uttar Pradesh,Chikungunya,2
2024,9,Uttar Pradesh,Cholera,1
2024,9,Uttar Pradesh,Chronic Kidney Disease,1
2024,9,Uttar Pradesh,Dengue,2
2024,9,Uttar Pradesh,Depression,2
2024,9,Uttar Pradesh,Filariasis,1
2024,9,Uttar Pradesh,Heart Disease,2
2024,9,Uttar Pradesh,Hepatitis B,2
2024,9,Uttar Pradesh,Hypertension,1
2024,9,Uttar Pradesh,Jaundice (Hepatitis A),1
2024,9,Uttar Pradesh,Kala-Azar,1
2024,9,Uttar Pradesh,Leptospirosis,1
2024,9,Uttar Pradesh,Malaria,1
2024,9,Uttar Pradesh,Oral Cancer,3
2024,9,Uttar Pradesh,Pneumonia,2
2024,9,Uttar Pradesh,Sickle Cell Anemia,1
2024,9,Uttar Pradesh,Thalassemia,1
2024,9,Uttar Pradesh,Tuberculosis,2
2024,9,Uttarakhand,Depression,1
2024,9,Uttarakhand,Pneumonia,1
2024,9,West Bengal,Cholera,1
2024,9,West Bengal,Chronic Kidney Disease,1
2024,9,West Bengal,Dengue,2
2024,9,West Bengal,Diarrhea,2
2024,9,West Bengal,Heart Disease,1
2024,9,West Bengal,Japanese Encephalitis,1
2024,9,West Bengal,Kala-Azar,4
2024,9,West Bengal,Oral Cancer,1
2024,9,West Bengal,Pneumonia,1
2024,9,West Bengal,Sickle Cell Anemia,1
2024,9,West Bengal,Thalassemia,1
2024,9,West Bengal,Tuberculosis,1
2024,10,Andhra Pradesh,Breast Cancer,1
2024,10,Andhra Pradesh,Diabetes (Type 2),1
2024,10,Andhra Pradesh,HIV/AIDS,1
2024,10,Andhra Pradesh,Hypertension,1
2024,10,Andhra Pradesh,Malaria,1
2024,10,Andhra Pradesh,Typhoid,1
2024,10,Arunachal Pradesh,Dengue,1
2024,10,Assam,HIV/AIDS,1
2024,10,Assam,Lung Cancer,1
2024,10,Bihar,Anxiety Disorder,1
2024,10,Bihar,Asthma,1
2024,10,Bihar,Chikungunya,1
2024,10,Bihar,Cholera,2
2024,10,Bihar,Chronic Kidney Disease,1
2024,10,Bihar,Dengue,3
2024,10,Bihar,Depression,1
2024,10,Bihar,Diabetes (Type 2),1
2024,10,Bihar,Gastroenteritis,1
2024,10,Bihar,HIV/AIDS,1
2024,10,Bihar,Hepatitis B,1
2024,10,Bihar,Hypertension,2
2024,10,Bihar,Japanese Encephalitis,2
2024,10,Bihar,Leptospirosis,2
2024,10,Bihar,Malaria,3
2024,10,Bihar,Oral Cancer,1
2024,10,Bihar,Tuberculosis,2
2024,10,Chandigarh,Japanese Encephalitis,1
2024,10,Chhattisgarh,Oral Cancer,1
2024,10,Gujarat,Cholera,1
2024,10,Gujarat,Chronic Kidney Disease,1
2024,10,Gujarat,Dengue,2
2024,10,Gujarat,Filariasis,1
2024,10,Gujarat,Heart Disease,1
2024,10,Gujarat,Hepatitis B,1
2024,10,Gujarat,Hypertension,2
2024,10,Gujarat,Leptospirosis,1
2024,10,Gujarat,Malaria,1
2024,10,Gujarat,Pneumonia,1
2024,10,Haryana,Depression,1
2024,10,Haryana,Hepatitis B,1
2024,10,Haryana,Kala-Azar,2
2024,10,Haryana,Thalassemia,1
2024,10,Haryana,Typhoid,1
2024,10,Himachal Pradesh,Asthma,1
2024,10,Himachal Pradesh,Malaria,1
2024,10,Jammu and Kashmir,Chronic Kidney Disease,1
2024,10,Jammu and Kashmir,Hypertension,1
2024,10,Jammu and Kashmir,Leptospirosis,1
2024,10,Jharkhand,Breast Cancer,1
2024,10,Jharkhand,COVID-19,1
2024,10,Jharkhand,Chikungunya,1
2024,10,Jharkhand,Cholera,1
2024,10,Jharkhand,Kala-Azar,1
2024,10,Jharkhand,Leptospirosis,2
2024,10,Jharkhand,Lung Cancer,1
2024,10,Jharkhand,Typhoid,1
2024,10,Karnataka,Anxiety Disorder,1
2024,10,Karnataka,COVID-19,1
2024,10,Karnataka,Chikungunya,2
2024,10,Karnataka,Cholera,1
2024,10,Karnataka,Dengue,2
2024,10,Karnataka,Leptospirosis,1
2024,10,Karnataka,Oral Cancer,1
2024,10,Karnataka,Sickle Cell Anemia,1
2024,10,Karnataka,Typhoid,1
2024,10,Kerala,COPD,1
2024,10,Kerala,Chronic Kidney Disease,1
2024,10,Kerala,Dengue,1
2024,10,Kerala,Diabetes (Type 2),1
2024,10,Kerala,Diarrhea,1
2024,10,Kerala,HIV/AIDS,1
2024,10,Madhya Pradesh,Anxiety Disorder,1
2024,10,Madhya Pradesh,Breast Cancer,2
2024,10,Madhya Pradesh,Gastroenteritis,1
2024,10,Madhya Pradesh,HIV/AIDS,1
2024,10,Madhya Pradesh,Leptospirosis,4
2024,10,Madhya Pradesh,Lung Cancer,1
2024,10,Madhya Pradesh,Oral Cancer,2
2024,10,Madhya Pradesh,Swine Flu (H1N1),1
2024,10,Madhya Pradesh,Thalassemia,2
2024,10,Maharashtra,Anxiety Disorder,1
2024,10,Maharashtra,Breast Cancer,1
2024,10,Maharashtra,Chikungunya,2
2024,10,Maharashtra,Cholera,1
2024,10,Maharashtra,Dengue,1
2024,10,Maharashtra,Depression,1
2024,10,Maharashtra,Hepatitis B,1
2024,10,Maharashtra,Hypertension,2
2024,10,Maharashtra,Leptospirosis,1
2024,10,Maharashtra,Malaria,2
2024,10,Maharashtra,Swine Flu (H1N1),1
2024,10,Maharashtra,Tuberculosis,1
2024,10,Manipur,Depression,1
2024,10,Manipur,Leptospirosis,1
2024,10,Manipur,Malaria,2
2024,10,Manipur,Oral Cancer,1
2024,10,Meghalaya,Dengue,1
2024,10,Meghalaya,Hypertension,1
2024,10,Meghalaya,Oral Cancer,1
2024,10,NCT of Delhi,Chronic Kidney Disease,1
2024,10,NCT of Delhi,Depression,1
2024,10,NCT of Delhi,Diarrhea,1
2024,10,NCT of Delhi,Gastroenteritis,1
2024,10,NCT of Delhi,Japanese Encephalitis,1
2024,10,NCT of Delhi,Kala-Azar,1
2024,10,NCT of Delhi,Leptospirosis,1
2024,10,Odisha,Asthma,1
2024,10,Odisha,COPD,1
2024,10,Odisha,Dengue,1
2024,10,Odisha,Filariasis,1
2024,10,Odisha,Hypertension,1
2024,10,Odisha,Jaundice (Hepatitis A),1
2024,10,Odisha,Kala-Azar,1
2024,10,Odisha,Leptospirosis,2
2024,10,Odisha,Sickle Cell Anemia,2
2024,10,Odisha,Swine Flu (H1N1),1
2024,10,Odisha,Tuberculosis,1
2024,10,Punjab,Anxiety Disorder,1
2024,10,Punjab,Breast Cancer,1
2024,10,Punjab,Gastroenteritis,1
2024,10,Punjab,Leptospirosis,1
2024,10,Punjab,Tuberculosis,1
2024,10,Rajasthan,Anxiety Disorder,1
2024,10,Rajasthan,Asthma,2
2024,10,Rajasthan,Chikungunya,2
2024,10,Rajasthan,Dengue,1
2024,10,Rajasthan,Diabetes (Type 2),1
2024,10,Rajasthan,Heart Disease,1
2024,10,Rajasthan,Hypertension,2
2024,10,Rajasthan,Japanese Encephalitis,1
2024,10,Rajasthan,Kala-Azar,1
2024,10,Rajasthan,Leptospirosis,5
2024,10,Rajasthan,Malaria,1
2024,10,Rajasthan,Sickle Cell Anemia,1
2024,10,Rajasthan,Tuberculosis,1
2024,10,Rajasthan,Typhoid,1
2024,10,Sikkim,Malaria,1
2024,10,Tamil Nadu,Asthma,1
2024,10,Tamil Nadu,COPD,1
2024,10,Tamil Nadu,Cholera,1
2024,10,Tamil Nadu,Dengue,1
2024,10,Tamil Nadu,Depression,2
2024,10,Tamil Nadu,Filariasis,1
2024,10,Tamil Nadu,Gastroenteritis,1
2024,10,Tamil Nadu,HIV/AIDS,1
2024,10,Tamil Nadu,Hypertension,1
2024,10,Tamil Nadu,Jaundice (Hepatitis A),2
2024,10,Tamil Nadu,Leptospirosis,1
2024,10,Tamil Nadu,Lung Cancer,2
2024,10,Tamil Nadu,Sickle Cell Anemia,1
2024,10,Tamil Nadu,Typhoid,1
2024,10,Telangana,Depression,1
2024,10,Telangana,Heart Disease,1
2024,10,Telangana,Sickle Cell Anemia,1
2024,10,Telangana,Swine Flu (H1N1),1
2024,10,Telangana,Typhoid,1
2024,10,Tripura,Chikungunya,1
2024,10,Tripura,Cholera,1
2024,10,Uttar Pradesh,Asthma,1
2024,10,Uttar Pradesh,COVID-19,1
2024,10,Uttar Pradesh,Chikungunya,2
2024,10,Uttar Pradesh,Cholera,4
2024,10,Uttar Pradesh,Chronic Kidney Disease,1
2024,10,Uttar Pradesh,Dengue,1
2024,10,Uttar Pradesh,Depression,1
2024,10,Uttar Pradesh,Filariasis,1
2024,10,Uttar Pradesh,Hepatitis B,1
2024,10,Uttar Pradesh,Jaundice (Hepatitis A),1
2024,10,Uttar Pradesh,Kala-Azar,1
2024,10,Uttar Pradesh,Leptospirosis,2
2024,10,Uttar Pradesh,Lung Cancer,4
2024,10,Uttar Pradesh,Malaria,2
2024,10,Uttar Pradesh,Oral Cancer,2
2024,10,Uttar Pradesh,Sickle Cell Anemia,2
2024,10,Uttar Pradesh,Stroke,2
2024,10,Uttar Pradesh,Tuberculosis,2
2024,10,Uttar Pradesh,Typhoid,1
2024,10,West Bengal,Anxiety Disorder,1
2024,10,West Bengal,Chikungunya,3
2024,10,West Bengal,Cholera,4
2024,10,West Bengal,Chronic Kidney Disease,1
2024,10,West Bengal,HIV/AIDS,1
2024,10,West Bengal,Hepatitis B,2
2024,10,West Bengal,Leptospirosis,2
2024,10,West Bengal,Swine Flu (H1N1),1
2024,10,West Bengal,Typhoid,1
2024,11,Andhra Pradesh,Anxiety Disorder,1
2024,11,Andhra Pradesh,COPD,1
2024,11,Andhra Pradesh,COVID-19,1
2024,11,Andhra Pradesh,Chronic Kidney Disease,1
2024,11,Andhra Pradesh,Depression,1
2024,11,Andhra Pradesh,Diabetes (Type 2),1
2024,11,Andhra Pradesh,Gastroenteritis,1
2024,11,Andhra Pradesh,Heart Disease,1
2024,11,Andhra Pradesh,Lung Cancer,1
2024,11,Assam,Asthma,2
2024,11,Assam,Dengue,1
2024,11,Assam,Heart Disease,1
2024,11,Assam,Japanese Encephalitis,2
2024,11,Assam,Kala-Azar,1
2024,11,Assam,Lung Cancer,1
2024,11,Assam,Oral Cancer,1
2024,11,Assam,Thalassemia,1
2024,11,Bihar,Breast Cancer,2
2024,11,Bihar,COPD,2
2024,11,Bihar,COVID-19,1
2024,11,Bihar,Chronic Kidney Disease,1
2024,11,Bihar,Diarrhea,3
2024,11,Bihar,Heart Disease,1
2024,11,Bihar,Hypertension,1
2024,11,Bihar,Kala-Azar,2
2024,11,Bihar,Lung Cancer,1
2024,11,Bihar,Oral Cancer,1
2024,11,Bihar,Stroke,1
2024,11,Bihar,Swine Flu (H1N1),1
2024,11,Bihar,Typhoid,1
2024,11,Chhattisgarh,Japanese Encephalitis,1
2024,11,Chhattisgarh,Swine Flu (H1N1),1
2024,11,Goa,COPD,1
2024,11,Gujarat,Asthma,1
2024,11,Gujarat,COPD,1
2024,11,Gujarat,Diabetes (Type 2),1
2024,11,Gujarat,Diarrhea,1
2024,11,Gujarat,Hepatitis B,2
2024,11,Gujarat,Hypertension,1
2024,11,Gujarat,Pneumonia,1
2024,11,Gujarat,Stroke,1
2024,11,Gujarat,Swine Flu (H1N1),1
2024,11,Haryana,Asthma,1
2024,11,Haryana,Diarrhea,1
2024,11,Haryana,HIV/AIDS,1
2024,11,Haryana,Malaria,1
2024,11,Haryana,Pneumonia,1
2024,11,Jammu and Kashmir,Breast Cancer,1
2024,11,Jharkhand,Asthma,1
2024,11,Jharkhand,HIV/AIDS,1
2024,11,Jharkhand,Pneumonia,1
2024,11,Jharkhand,Sickle Cell Anemia,1
2024,11,Karnataka,Diarrhea,1
2024,11,Karnataka,Heart Disease,1
2024,11,Karnataka,Pneumonia,1
2024,11,Karnataka,Swine Flu (H1N1),1
2024,11,Karnataka,Thalassemia,1
2024,11,Kerala,Breast Cancer,1
2024,11,Kerala,Chronic Kidney Disease,1
2024,11,Kerala,Diabetes (Type 2),1
2024,11,Kerala,Sickle Cell Anemia,1
2024,11,Kerala,Tuberculosis,1
2024,11,Madhya Pradesh,Asthma,2
2024,11,Madhya Pradesh,Breast Cancer,1
2024,11,Madhya Pradesh,COPD,1
2024,11,Madhya Pradesh,COVID-19,1
2024,11,Madhya Pradesh,Diabetes (Type 2),1
2024,11,Madhya Pradesh,Diarrhea,1
2024,11,Madhya Pradesh,Gastroenteritis,1
2024,11,Madhya Pradesh,Heart Disease,1
2024,11,Madhya Pradesh,Hepatitis B,1
2024,11,Madhya Pradesh,Hypertension,2
2024,11,Madhya Pradesh,Japanese Encephalitis,2
2024,11,Madhya Pradesh,Pneumonia,2
2024,11,Madhya Pradesh,Sickle Cell Anemia,1
2024,11,Madhya Pradesh,Stroke,1
2024,11,Madhya Pradesh,Swine Flu (H1N1),1
2024,11,Madhya Pradesh,Thalassemia,1
2024,11,Madhya Pradesh,Typhoid,2
2024,11,Maharashtra,Asthma,1
2024,11,Maharashtra,HIV/AIDS,1
2024,11,Maharashtra,Hypertension,2
2024,11,Maharashtra,Lung Cancer,2
2024,11,Maharashtra,Oral Cancer,1
2024,11,Maharashtra,Pneumonia,1
2024,11,Maharashtra,Stroke,2
2024,11,Maharashtra,Swine Flu (H1N1),1
2024,11,Maharashtra,Thalassemia,1
2024,11,Manipur,Swine Flu (H1N1),1
2024,11,Meghalaya,Breast Cancer,1
2024,11,NCT of Delhi,Heart Disease,1
2024,11,NCT of Delhi,Swine Flu (H1N1),2
2024,11,Odisha,Asthma,2
2024,11,Odisha,Hypertension,1
2024,11,Odisha,Sickle Cell Anemia,1
2024,11,Odisha,Typhoid,1
2024,11,Punjab,Anxiety Disorder,2
2024,11,Punjab,Asthma,1
2024,11,Punjab,Heart Disease,1
2024,11,Punjab,Lung Cancer,1
2024,11,Punjab,Oral Cancer,1
2024,11,Punjab,Swine Flu (H1N1),1
2024,11,Punjab,Thalassemia,1
2024,11,Rajasthan,Anxiety Disorder,1
2024,11,Rajasthan,Asthma,1
2024,11,Rajasthan,HIV/AIDS,1
2024,11,Rajasthan,Heart Disease,1
2024,11,Rajasthan,Hepatitis B,1
2024,11,Rajasthan,Hypertension,1
2024,11,Rajasthan,Malaria,1
2024,11,Rajasthan,Oral Cancer,1
2024,11,Rajasthan,Pneumonia,1
2024,11,Rajasthan,Sickle Cell Anemia,2
2024,11,Rajasthan,Tuberculosis,1
2024,11,Sikkim,Pneumonia,1
2024,11,Tamil Nadu,Asthma,1
2024,11,Tamil Nadu,Breast Cancer,2
2024,11,Tamil Nadu,COVID-19,2
2024,11,Tamil Nadu,Depression,1
2024,11,Tamil Nadu,Diabetes (Type 2),1
2024,11,Tamil Nadu,Heart Disease,1
2024,11,Tamil Nadu,Lung Cancer,1
2024,11,Tamil Nadu,Malaria,1
2024,11,Tamil Nadu,Pneumonia,1
2024,11,Tamil Nadu,Sickle Cell Anemia,1
2024,11,Tamil Nadu,Tuberculosis,2
2024,11,Telangana,Dengue,1
2024,11,Telangana,Kala-Azar,1
2024,11,Telangana,Swine Flu (H1N1),2
2024,11,Telangana,Thalassemia,1
2024,11,Tripura,Thalassemia,1
2024,11,Uttar Pradesh,Anxiety Disorder,2
2024,11,Uttar Pradesh,Asthma,2
2024,11,Uttar Pradesh,Breast Cancer,2
2024,11,Uttar Pradesh,COPD,1
2024,11,Uttar Pradesh,COVID-19,4
2024,11,Uttar Pradesh,Chikungunya,1
2024,11,Uttar Pradesh,Diarrhea,1
2024,11,Uttar Pradesh,Gastroenteritis,1
2024,11,Uttar Pradesh,HIV/AIDS,1
2024,11,Uttar Pradesh,Heart Disease,1
2024,11,Uttar Pradesh,Hypertension,1
2024,11,Uttar Pradesh,Japanese Encephalitis,2
2024,11,Uttar Pradesh,Kala-Azar,1
2024,11,Uttar Pradesh,Oral Cancer,1
2024,11,Uttar Pradesh,Pneumonia,3
2024,11,Uttar Pradesh,Sickle Cell Anemia,1
2024,11,Uttar Pradesh,Swine Flu (H1N1),1
2024,11,Uttar Pradesh,Tuberculosis,2
2024,11,Uttar Pradesh,Typhoid,1
2024,11,Uttarakhand,COVID-19,1
2024,11,Uttarakhand,Kala-Azar,1
2024,11,Uttarakhand,Pneumonia,1
2024,11,West Bengal,COVID-19,1
2024,11,West Bengal,Depression,1
2024,11,West Bengal,Diabetes (Type 2),1
2024,11,West Bengal,HIV/AIDS,2
2024,11,West Bengal,Kala-Azar,1
2024,11,West Bengal,Lung Cancer,1
2024,11,West Bengal,Sickle Cell Anemia,1
2024,11,West Bengal,Swine Flu (H1N1),1
2024,11,West Bengal,Thalassemia,2
2024,11,West Bengal,Typhoid,1
2024,12,Andhra Pradesh,COVID-19,1
2024,12,Andhra Pradesh,Depression,1
2024,12,Andhra Pradesh,Heart Disease,1
2024,12,Andhra Pradesh,Hepatitis B,1
2024,12,Andhra Pradesh,Lung Cancer,1
2024,12,Andhra Pradesh,Swine Flu (H1N1),1
2024,12,Andhra Pradesh,Tuberculosis,2
2024,12,Assam,COVID-19,1
2024,12,Assam,Oral Cancer,1
2024,12,Assam,Thalassemia,2
2024,12,Bihar,Anxiety Disorder,1
2024,12,Bihar,Asthma,1
2024,12,Bihar,Breast Cancer,1
2024,12,Bihar,COPD,1
2024,12,Bihar,Depression,2
2024,12,Bihar,Diabetes (Type 2),1
2024,12,Bihar,Filariasis,2
2024,12,Bihar,HIV/AIDS,2
2024,12,Bihar,Heart Disease,1
2024,12,Bihar,Hypertension,1
2024,12,Bihar,Japanese Encephalitis,1
2024,12,Bihar,Jaundice (Hepatitis A),1
2024,12,Bihar,Swine Flu (H1N1),3
2024,12,Bihar,Thalassemia,2
2024,12,Bihar,Tuberculosis,3
2024,12,Bihar,Typhoid,1
2024,12,Chhattisgarh,COPD,1
2024,12,Chhattisgarh,Diabetes (Type 2),1
2024,12,Chhattisgarh,Kala-Azar,1
2024,12,Chhattisgarh,Pneumonia,1
2024,12,Chhattisgarh,Swine Flu (H1N1),1
2024,12,Gujarat,Asthma,1
2024,12,Gujarat,Breast Cancer,1
2024,12,Gujarat,Dengue,1
2024,12,Gujarat,Depression,1
2024,12,Gujarat,Hepatitis B,1
2024,12,Gujarat,Japanese Encephalitis,1
2024,12,Gujarat,Kala-Azar,2
2024,12,Gujarat,Swine Flu (H1N1),2
2024,12,Gujarat,Typhoid,1
2024,12,Haryana,Anxiety Disorder,1
2024,12,Haryana,Breast Cancer,1
2024,12,Haryana,Diabetes (Type 2),1
2024,12,Haryana,Jaundice (Hepatitis A),1
2024,12,Haryana,Malaria,1
2024,12,Haryana,Pneumonia,1
2024,12,Haryana,Stroke,1
2024,12,Himachal Pradesh,Oral Cancer,1
2024,12,Jammu and Kashmir,COPD,1
2024,12,Jammu and Kashmir,Kala-Azar,1
2024,12,Jammu and Kashmir,Swine Flu (H1N1),1
2024,12,Jammu and Kashmir,Tuberculosis,1
2024,12,Jharkhand,Pneumonia,1
2024,12,Jharkhand,Swine Flu (H1N1),1
2024,12,Karnataka,Anxiety Disorder,1
2024,12,Karnataka,COPD,1
2024,12,Karnataka,COVID-19,2
2024,12,Karnataka,Chronic Kidney Disease,1
2024,12,Karnataka,HIV/AIDS,1
2024,12,Karnataka,Hypertension,1
2024,12,Karnataka,Japanese Encephalitis,1
2024,12,Karnataka,Jaundice (Hepatitis A),1
2024,12,Karnataka,Kala-Azar,1
2024,12,Karnataka,Lung Cancer,1
2024,12,Karnataka,Swine Flu (H1N1),2
2024,12,Kerala,Hepatitis B,1
2024,12,Kerala,Lung Cancer,1
2024,12,Kerala,Pneumonia,2
2024,12,Kerala,Typhoid,1
2024,12,Madhya Pradesh,Breast Cancer,1
2024,12,Madhya Pradesh,COVID-19,2
2024,12,Madhya Pradesh,Diarrhea,3
2024,12,Madhya Pradesh,Hepatitis B,2
2024,12,Madhya Pradesh,Hypertension,1
2024,12,Madhya Pradesh,Japanese Encephalitis,1
2024,12,Madhya Pradesh,Kala-Azar,2
2024,12,Madhya Pradesh,Lung Cancer,2
2024,12,Madhya Pradesh,Pneumonia,1
2024,12,Madhya Pradesh,Sickle Cell Anemia,1
2024,12,Madhya Pradesh,Stroke,1
2024,12,Madhya Pradesh,Swine Flu (H1N1),1
2024,12,Maharashtra,Anxiety Disorder,1
2024,12,Maharashtra,Breast Cancer,2
2024,12,Maharashtra,COPD,1
2024,12,Maharashtra,Chronic Kidney Disease,2
2024,12,Maharashtra,Diabetes (Type 2),1
2024,12,Maharashtra,Gastroenteritis,1
2024,12,Maharashtra,HIV/AIDS,2
2024,12,Maharashtra,Jaundice (Hepatitis A),1
2024,12,Maharashtra,Kala-Azar,2
2024,12,Maharashtra,Lung Cancer,1
2024,12,Maharashtra,Sickle Cell Anemia,1
2024,12,Maharashtra,Stroke,1
2024,12,Maharashtra,Thalassemia,1
2024,12,Manipur,Swine Flu (H1N1),1
2024,12,Meghalaya,Pneumonia,1
2024,12,NCT of Delhi,Asthma,1
2024,12,NCT of Delhi,COPD,1
2024,12,NCT of Delhi,Chronic Kidney Disease,1
2024,12,NCT of Delhi,Swine Flu (H1N1),1
2024,12,Odisha,Anxiety Disorder,2
2024,12,Odisha,COPD,1
2024,12,Odisha,Diarrhea,1
2024,12,Odisha,Hepatitis B,2
2024,12,Odisha,Hypertension,1
2024,12,Odisha,Japanese Encephalitis,1
2024,12,Odisha,Swine Flu (H1N1),1
2024,12,Puducherry,Hypertension,1
2024,12,Punjab,COPD,1
2024,12,Punjab,Chronic Kidney Disease,1
2024,12,Punjab,Hypertension,1
2024,12,Punjab,Japanese Encephalitis,1
2024,12,Punjab,Sickle Cell Anemia,1
2024,12,Punjab,Thalassemia,1
2024,12,Rajasthan,Anxiety Disorder,3
2024,12,Rajasthan,Asthma,1
2024,12,Rajasthan,COPD,1
2024,12,Rajasthan,Cholera,1
2024,12,Rajasthan,Diarrhea,2
2024,12,Rajasthan,Kala-Azar,1
2024,12,Rajasthan,Lung Cancer,1
2024,12,Rajasthan,Pneumonia,2
2024,12,Rajasthan,Typhoid,1
2024,12,Tamil Nadu,Anxiety Disorder,1
2024,12,Tamil Nadu,Breast Cancer,1
2024,12,Tamil Nadu,COPD,1
2024,12,Tamil Nadu,Dengue,1
2024,12,Tamil Nadu,Diabetes (Type 2),1
2024,12,Tamil Nadu,Diarrhea,1
2024,12,Tamil Nadu,Heart Disease,2
2024,12,Tamil Nadu,Japanese Encephalitis,1
2024,12,Tamil Nadu,Jaundice (Hepatitis A),1
2024,12,Tamil Nadu,Pneumonia,1
2024,12,Tamil Nadu,Stroke,1
2024,12,Tamil Nadu,Thalassemia,1
2024,12,Tamil Nadu,Tuberculosis,1
2024,12,Tamil Nadu,Typhoid,1
2024,12,Telangana,COVID-19,1
2024,12,Telangana,Depression,2
2024,12,Telangana,Filariasis,1
2024,12,Telangana,Heart Disease,2
2024,12,Telangana,Japanese Encephalitis,1
2024,12,Telangana,Lung Cancer,1
2024,12,Telangana,Pneumonia,1
2024,12,Uttar Pradesh,Asthma,2
2024,12,Uttar Pradesh,Breast Cancer,2
2024,12,Uttar Pradesh,COVID-19,1
2024,12,Uttar Pradesh,Chronic Kidney Disease,1
2024,12,Uttar Pradesh,Depression,2
2024,12,Uttar Pradesh,Diarrhea,1
2024,12,Uttar Pradesh,Filariasis,1
2024,12,Uttar Pradesh,Gastroenteritis,1
2024,12,Uttar Pradesh,HIV/AIDS,1
2024,12,Uttar Pradesh,Heart Disease,3
2024,12,Uttar Pradesh,Hepatitis B,1
2024,12,Uttar Pradesh,Hypertension,3
2024,12,Uttar Pradesh,Jaundice (Hepatitis A),1
2024,12,Uttar Pradesh,Kala-Azar,1
2024,12,Uttar Pradesh,Lung Cancer,1
2024,12,Uttar Pradesh,Malaria,2
2024,12,Uttar Pradesh,Pneumonia,4
2024,12,Uttar Pradesh,Sickle Cell Anemia,1
2024,12,Uttar Pradesh,Stroke,1
2024,12,Uttar Pradesh,Swine Flu (H1N1),1
2024,12,Uttar Pradesh,Thalassemia,1
2024,12,Uttar Pradesh,Tuberculosis,1
2024,12,Uttar Pradesh,Typhoid,1
2024,12,Uttarakhand,COVID-19,1
2024,12,West Bengal,Asthma,1
2024,12,West Bengal,Breast Cancer,1
2024,12,West Bengal,COPD,1
2024,12,West Bengal,COVID-19,2
2024,12,West Bengal,Diabetes (Type 2),1
2024,12,West Bengal,Diarrhea,1
2024,12,West Bengal,HIV/AIDS,1
2024,12,West Bengal,Hypertension,1
2024,12,West Bengal,Japanese Encephalitis,1
2024,12,West Bengal,Malaria,1
2024,12,West Bengal,Oral Cancer,1
2024,12,West Bengal,Swine Flu (H1N1),1
2024,12,West Bengal,Thalassemia,1
2025,1,Andhra Pradesh,Asthma,1
2025,1,Andhra Pradesh,COPD,1
2025,1,Andhra Pradesh,Chronic Kidney Disease,1
2025,1,Andhra Pradesh,Diarrhea,1
2025,1,Andhra Pradesh,Hypertension,1
2025,1,Andhra Pradesh,Japanese Encephalitis,1
2025,1,Andhra Pradesh,Oral Cancer,1
2025,1,Andhra Pradesh,Pneumonia,3
2025,1,Andhra Pradesh,Swine Flu (H1N1),1
2025,1,Andhra Pradesh,Typhoid,1
2025,1,Assam,Anxiety Disorder,2
2025,1,Assam,Asthma,1
2025,1,Assam,COPD,1
2025,1,Assam,Hepatitis B,1
2025,1,Assam,Hypertension,1
2025,1,Assam,Lung Cancer,1
2025,1,Assam,Typhoid,1
2025,1,Bihar,COVID-19,1
2025,1,Bihar,Chikungunya,2
2025,1,Bihar,Cholera,1
2025,1,Bihar,Diabetes (Type 2),1
2025,1,Bihar,Filariasis,1
2025,1,Bihar,Heart Disease,3
2025,1,Bihar,Hepatitis B,1
2025,1,Bihar,Hypertension,1
2025,1,Bihar,Japanese Encephalitis,2
2025,1,Bihar,Jaundice (Hepatitis A),1
2025,1,Bihar,Lung Cancer,3
2025,1,Bihar,Pneumonia,1
2025,1,Bihar,Typhoid,1
2025,1,Chhattisgarh,COPD,1
2025,1,Chhattisgarh,Depression,1
2025,1,Chhattisgarh,Pneumonia,2
2025,1,Chhattisgarh,Sickle Cell Anemia,2
2025,1,Chhattisgarh,Stroke,1
2025,1,Chhattisgarh,Swine Flu (H1N1),1
2025,1,Chhattisgarh,Typhoid,1
2025,1,Gujarat,COVID-19,1
2025,1,Gujarat,Diarrhea,1
2025,1,Gujarat,Hepatitis B,1
2025,1,Gujarat,Hypertension,1
2025,1,Gujarat,Lung Cancer,1
2025,1,Gujarat,Oral Cancer,1
2025,1,Gujarat,Pneumonia,1
2025,1,Gujarat,Swine Flu (H1N1),1
2025,1,Haryana,Anxiety Disorder,1
2025,1,Haryana,Tuberculosis,1
2025,1,Himachal Pradesh,Oral Cancer,1
2025,1,Jharkhand,COPD,2
2025,1,Jharkhand,Hypertension,1
2025,1,Jharkhand,Kala-Azar,1
2025,1,Jharkhand,Pneumonia,1
2025,1,Jharkhand,Sickle Cell Anemia,1
2025,1,Jharkhand,Typhoid,1
2025,1,Karnataka,Depression,1
2025,1,Karnataka,Diabetes (Type 2),1
2025,1,Karnataka,Diarrhea,1
2025,1,Karnataka,Gastroenteritis,1
2025,1,Karnataka,Heart Disease,1
2025,1,Karnataka,Japanese Encephalitis,1
2025,1,Karnataka,Leptospirosis,1
2025,1,Karnataka,Pneumonia,1
2025,1,Karnataka,Sickle Cell Anemia,1
2025,1,Karnataka,Swine Flu (H1N1),1
2025,1,Karnataka,Typhoid,1
2025,1,Kerala,Asthma,1
2025,1,Kerala,COPD,1
2025,1,Kerala,Filariasis,1
2025,1,Kerala,Jaundice (Hepatitis A),1
2025,1,Kerala,Kala-Azar,1
2025,1,Kerala,Swine Flu (H1N1),2
2025,1,Madhya Pradesh,Asthma,2
2025,1,Madhya Pradesh,Breast Cancer,1
2025,1,Madhya Pradesh,COPD,2
2025,1,Madhya Pradesh,Cholera,1
2025,1,Madhya Pradesh,Chronic Kidney Disease,1
2025,1,Madhya Pradesh,Filariasis,1
2025,1,Madhya Pradesh,Gastroenteritis,1
2025,1,Madhya Pradesh,Japanese Encephalitis,1
2025,1,Madhya Pradesh,Jaundice (Hepatitis A),1
2025,1,Madhya Pradesh,Leptospirosis,1
2025,1,Madhya Pradesh,Oral Cancer,1
2025,1,Madhya Pradesh,Swine Flu (H1N1),2
2025,1,Maharashtra,Anxiety Disorder,1
2025,1,Maharashtra,Asthma,2
2025,1,Maharashtra,COPD,3
2025,1,Maharashtra,COVID-19,1
2025,1,Maharashtra,Diabetes (Type 2),1
2025,1,Maharashtra,Filariasis,1
2025,1,Maharashtra,Heart Disease,1
2025,1,Maharashtra,Hepatitis B,2
2025,1,Maharashtra,Japanese Encephalitis,4
2025,1,Maharashtra,Jaundice (Hepatitis A),2
2025,1,Maharashtra,Kala-Azar,1
2025,1,Maharashtra,Pneumonia,1
2025,1,Maharashtra,Sickle Cell Anemia,2
2025,1,Maharashtra,Stroke,2
2025,1,Maharashtra,Swine Flu (H1N1),1
2025,1,Manipur,COPD,1
2025,1,Manipur,Pneumonia,1
2025,1,Meghalaya,Kala-Azar,1
2025,1,NCT of Delhi,Breast Cancer,1
2025,1,NCT of Delhi,COPD,1
2025,1,NCT of Delhi,HIV/AIDS,1
2025,1,NCT of Delhi,Lung Cancer,1
2025,1,NCT of Delhi,Pneumonia,1
2025,1,Odisha,Filariasis,1
2025,1,Odisha,Heart Disease,1
2025,1,Odisha,Japanese Encephalitis,1
2025,1,Odisha,Oral Cancer,1
2025,1,Odisha,Sickle Cell Anemia,1
2025,1,Odisha,Thalassemia,3
2025,1,Odisha,Tuberculosis,1
2025,1,Punjab,COPD,1
2025,1,Punjab,Chronic Kidney Disease,1
2025,1,Punjab,HIV/AIDS,1
2025,1,Rajasthan,COVID-19,2
2025,1,Rajasthan,Depression,1
2025,1,Rajasthan,Gastroenteritis,1
2025,1,Rajasthan,Jaundice (Hepatitis A),1
2025,1,Rajasthan,Kala-Azar,1
2025,1,Rajasthan,Sickle Cell Anemia,1
2025,1,Rajasthan,Stroke,1
2025,1,Rajasthan,Swine Flu (H1N1),1
2025,1,Rajasthan,Tuberculosis,1
2025,1,Rajasthan,Typhoid,1
2025,1,Tamil Nadu,Asthma,1
2025,1,Tamil Nadu,COPD,4
2025,1,Tamil Nadu,COVID-19,1
2025,1,Tamil Nadu,Cholera,1
2025,1,Tamil Nadu,Depression,1
2025,1,Tamil Nadu,Diarrhea,1
2025,1,Tamil Nadu,Filariasis,2
2025,1,Tamil Nadu,HIV/AIDS,1
2025,1,Tamil Nadu,Heart Disease,2
2025,1,Tamil Nadu,Hypertension,1
2025,1,Tamil Nadu,Lung Cancer,1
2025,1,Tamil Nadu,Swine Flu (H1N1),1
2025,1,Tamil Nadu,Thalassemia,2
2025,1,Telangana,COVID-19,1
2025,1,Telangana,Diabetes (Type 2),1
2025,1,Telangana,HIV/AIDS,1
2025,1,Telangana,Heart Disease,1
2025,1,Telangana,Lung Cancer,1
2025,1,Telangana,Pneumonia,1
2025,1,Telangana,Sickle Cell Anemia,1
2025,1,Uttar Pradesh,Asthma,3
2025,1,Uttar Pradesh,COPD,2
2025,1,Uttar Pradesh,COVID-19,1
2025,1,Uttar Pradesh,Diabetes (Type 2),1
2025,1,Uttar Pradesh,HIV/AIDS,1
2025,1,Uttar Pradesh,Heart Disease,1
2025,1,Uttar Pradesh,Hepatitis B,2
2025,1,Uttar Pradesh,Hypertension,1
2025,1,Uttar Pradesh,Kala-Azar,1
2025,1,Uttar Pradesh,Oral Cancer,2
2025,1,Uttar Pradesh,Pneumonia,2
2025,1,Uttar Pradesh,Stroke,2
2025,1,Uttar Pradesh,Swine Flu (H1N1),2
2025,1,Uttar Pradesh,Thalassemia,2
2025,1,Uttar Pradesh,Typhoid,1
2025,1,Uttarakhand,Hepatitis B,1
2025,1,West Bengal,Asthma,3
2025,1,West Bengal,Chronic Kidney Disease,1
2025,1,West Bengal,Diabetes (Type 2),1
2025,1,West Bengal,Diarrhea,2
2025,1,West Bengal,Hepatitis B,4
2025,1,West Bengal,Kala-Azar,1
2025,1,West Bengal,Lung Cancer,1
2025,1,West Bengal,Oral Cancer,1
2025,1,West Bengal,Pneumonia,3
2025,1,West Bengal,Swine Flu (H1N1),1
2025,1,West Bengal,Thalassemia,1
2025,2,Andhra Pradesh,Anxiety Disorder,1
2025,2,Andhra Pradesh,Breast Cancer,1
2025,2,Andhra Pradesh,COPD,1
2025,2,Andhra Pradesh,Cholera,1
2025,2,Andhra Pradesh,Diabetes (Type 2),1
2025,2,Andhra Pradesh,Diarrhea,1
2025,2,Andhra Pradesh,Heart Disease,1
2025,2,Andhra Pradesh,Hepatitis B,1
2025,2,Andhra Pradesh,Hypertension,1
2025,2,Andhra Pradesh,Oral Cancer,2
2025,2,Andhra Pradesh,Stroke,1
2025,2,Andhra Pradesh,Swine Flu (H1N1),1
2025,2,Andhra Pradesh,Typhoid,1
2025,2,Assam,COPD,4
2025,2,Assam,COVID-19,1
2025,2,Assam,Chronic Kidney Disease,1
2025,2,Assam,Diabetes (Type 2),1
2025,2,Assam,Filariasis,1
2025,2,Assam,Pneumonia,1
2025,2,Bihar,Anxiety Disorder,1
2025,2,Bihar,Breast Cancer,2
2025,2,Bihar,COPD,2
2025,2,Bihar,COVID-19,3
2025,2,Bihar,Depression,1
2025,2,Bihar,Filariasis,1
2025,2,Bihar,HIV/AIDS,1
2025,2,Bihar,Heart Disease,1
2025,2,Bihar,Hypertension,1
2025,2,Bihar,Japanese Encephalitis,1
2025,2,Bihar,Kala-Azar,1
2025,2,Bihar,Lung Cancer,1
2025,2,Bihar,Oral Cancer,1
2025,2,Bihar,Swine Flu (H1N1),1
2025,2,Bihar,Thalassemia,1
2025,2,Chhattisgarh,Asthma,1
2025,2,Chhattisgarh,Breast Cancer,1
2025,2,Chhattisgarh,Chikungunya,1
2025,2,Chhattisgarh,Depression,1
2025,2,Chhattisgarh,Filariasis,3
2025,2,Chhattisgarh,HIV/AIDS,1
2025,2,Chhattisgarh,Kala-Azar,1
2025,2,Chhattisgarh,Pneumonia,1
2025,2,Goa,Anxiety Disorder,1
2025,2,Gujarat,COPD,1
2025,2,Gujarat,Lung Cancer,1
2025,2,Gujarat,Pneumonia,2
2025,2,Gujarat,Sickle Cell Anemia,1
2025,2,Gujarat,Stroke,1
2025,2,Gujarat,Swine Flu (H1N1),2
2025,2,Haryana,Asthma,1
2025,2,Haryana,COPD,1
2025,2,Haryana,Oral Cancer,1
2025,2,Himachal Pradesh,Depression,1
2025,2,Himachal Pradesh,Swine Flu (H1N1),1
2025,2,Jammu and Kashmir,Chronic Kidney Disease,1
2025,2,Jammu and Kashmir,Lung Cancer,1
2025,2,Jammu and Kashmir,Typhoid,1
2025,2,Jharkhand,Asthma,1
2025,2,Jharkhand,Diabetes (Type 2),1
2025,2,Jharkhand,Malaria,1
2025,2,Jharkhand,Sickle Cell Anemia,1
2025,2,Jharkhand,Swine Flu (H1N1),1
2025,2,Karnataka,Chronic Kidney Disease,1
2025,2,Karnataka,Depression,1
2025,2,Karnataka,Diabetes (Type 2),1
2025,2,Karnataka,Filariasis,1
2025,2,Karnataka,Hepatitis B,1
2025,2,Karnataka,Hypertension,1
2025,2,Karnataka,Stroke,1
2025,2,Kerala,Anxiety Disorder,1
2025,2,Kerala,Asthma,1
2025,2,Kerala,COVID-19,1
2025,2,Kerala,HIV/AIDS,2
2025,2,Kerala,Pneumonia,1
2025,2,Kerala,Swine Flu (H1N1),1
2025,2,Madhya Pradesh,Anxiety Disorder,1
2025,2,Madhya Pradesh,Asthma,2
2025,2,Madhya Pradesh,Breast Cancer,1
2025,2,Madhya Pradesh,Chronic Kidney Disease,1
2025,2,Madhya Pradesh,Diabetes (Type 2),1
2025,2,Madhya Pradesh,Filariasis,2
2025,2,Madhya Pradesh,Heart Disease,1
2025,2,Madhya Pradesh,Kala-Azar,1
2025,2,Madhya Pradesh,Leptospirosis,1
2025,2,Madhya Pradesh,Lung Cancer,1
2025,2,Madhya Pradesh,Oral Cancer,1
2025,2,Madhya Pradesh,Pneumonia,1
2025,2,Madhya Pradesh,Tuberculosis,1
2025,2,Maharashtra,Anxiety Disorder,1
2025,2,Maharashtra,Asthma,1
2025,2,Maharashtra,COPD,1
2025,2,Maharashtra,COVID-19,1
2025,2,Maharashtra,Diabetes (Type 2),2
2025,2,Maharashtra,Diarrhea,1
2025,2,Maharashtra,HIV/AIDS,1
2025,2,Maharashtra,Heart Disease,1
2025,2,Maharashtra,Hypertension,1
2025,2,Maharashtra,Pneumonia,2
2025,2,Maharashtra,Swine Flu (H1N1),1
2025,2,Maharashtra,Thalassemia,1
2025,2,Maharashtra,Typhoid,2
2025,2,Manipur,Pneumonia,1
2025,2,NCT of Delhi,Anxiety Disorder,1
2025,2,NCT of Delhi,Asthma,1
2025,2,NCT of Delhi,Depression,1
2025,2,NCT of Delhi,Jaundice (Hepatitis A),1
2025,2,NCT of Delhi,Lung Cancer,1
2025,2,NCT of Delhi,Typhoid,1
2025,2,Nagaland,COVID-19,1
2025,2,Odisha,COPD,1
2025,2,Odisha,Chronic Kidney Disease,1
2025,2,Odisha,HIV/AIDS,1
2025,2,Odisha,Japanese Encephalitis,2
2025,2,Odisha,Swine Flu (H1N1),1
2025,2,Punjab,Asthma,1
2025,2,Punjab,COPD,1
2025,2,Punjab,COVID-19,1
2025,2,Punjab,Hepatitis B,1
2025,2,Punjab,Jaundice (Hepatitis A),1
2025,2,Punjab,Lung Cancer,1
2025,2,Rajasthan,Breast Cancer,1
2025,2,Rajasthan,COPD,1
2025,2,Rajasthan,COVID-19,1
2025,2,Rajasthan,Dengue,1
2025,2,Rajasthan,Heart Disease,1
2025,2,Rajasthan,Japanese Encephalitis,3
2025,2,Rajasthan,Leptospirosis,1
2025,2,Rajasthan,Oral Cancer,1
2025,2,Rajasthan,Pneumonia,2
2025,2,Rajasthan,Thalassemia,2
2025,2,Tamil Nadu,Anxiety Disorder,1
2025,2,Tamil Nadu,Asthma,4
2025,2,Tamil Nadu,COPD,1
2025,2,Tamil Nadu,COVID-19,1
2025,2,Tamil Nadu,Chronic Kidney Disease,1
2025,2,Tamil Nadu,Diabetes (Type 2),1
2025,2,Tamil Nadu,Filariasis,1
2025,2,Tamil Nadu,HIV/AIDS,2
2025,2,Tamil Nadu,Japanese Encephalitis,1
2025,2,Tamil Nadu,Lung Cancer,1
2025,2,Tamil Nadu,Oral Cancer,2
2025,2,Tamil Nadu,Sickle Cell Anemia,2
2025,2,Tamil Nadu,Stroke,1
2025,2,Telangana,Asthma,1
2025,2,Telangana,Hepatitis B,1
2025,2,Telangana,Hypertension,3
2025,2,Telangana,Stroke,1
2025,2,Tripura,Hepatitis B,1
2025,2,Uttar Pradesh,Asthma,4
2025,2,Uttar Pradesh,COPD,1
2025,2,Uttar Pradesh,COVID-19,3
2025,2,Uttar Pradesh,Chronic Kidney Disease,1
2025,2,Uttar Pradesh,Diabetes (Type 2),1
2025,2,Uttar Pradesh,Diarrhea,2
2025,2,Uttar Pradesh,Filariasis,1
2025,2,Uttar Pradesh,Gastroenteritis,1
2025,2,Uttar Pradesh,HIV/AIDS,1
2025,2,Uttar Pradesh,Hypertension,2
2025,2,Uttar Pradesh,Japanese Encephalitis,2
2025,2,Uttar Pradesh,Kala-Azar,1
2025,2,Uttar Pradesh,Lung Cancer,1
2025,2,Uttar Pradesh,Oral Cancer,2
2025,2,Uttar Pradesh,Pneumonia,2
2025,2,Uttar Pradesh,Tuberculosis,1
2025,2,Uttarakhand,Depression,1
2025,2,Uttarakhand,Diarrhea,1
2025,2,Uttarakhand,Heart Disease,1
2025,2,West Bengal,COPD,1
2025,2,West Bengal,Chikungunya,1
2025,2,West Bengal,Diabetes (Type 2),1
2025,2,West Bengal,HIV/AIDS,1
2025,2,West Bengal,Hepatitis B,1
2025,2,West Bengal,Japanese Encephalitis,1
2025,2,West Bengal,Kala-Azar,2
2025,2,West Bengal,Lung Cancer,2
2025,2,West Bengal,Oral Cancer,1
2025,2,West Bengal,Pneumonia,1
2025,2,West Bengal,Sickle Cell Anemia,1
2025,2,West Bengal,Stroke,1
2025,2,West Bengal,Swine Flu (H1N1),1
2025,2,West Bengal,Thalassemia,1
2025,3,Andhra Pradesh,COPD,1
2025,3,Andhra Pradesh,Depression,1
2025,3,Andhra Pradesh,HIV/AIDS,2
2025,3,Andhra Pradesh,Sickle Cell Anemia,2
2025,3,Andhra Pradesh,Thalassemia,1
2025,3,Arunachal Pradesh,Kala-Azar,1
2025,3,Assam,Breast Cancer,1
2025,3,Assam,Filariasis,1
2025,3,Assam,Stroke,1
2025,3,Bihar,Depression,1
2025,3,Bihar,Gastroenteritis,1
2025,3,Bihar,Hepatitis B,1
2025,3,Bihar,Japanese Encephalitis,1
2025,3,Bihar,Kala-Azar,1
2025,3,Bihar,Lung Cancer,1
2025,3,Bihar,Oral Cancer,1
2025,3,Bihar,Stroke,1
2025,3,Bihar,Thalassemia,1
2025,3,Bihar,Tuberculosis,1
2025,3,Chhattisgarh,HIV/AIDS,1
2025,3,Chhattisgarh,Kala-Azar,1
2025,3,Chhattisgarh,Pneumonia,1
2025,3,Chhattisgarh,Thalassemia,1
2025,3,Goa,Chronic Kidney Disease,1
2025,3,Goa,Hepatitis B,1
2025,3,Gujarat,Diarrhea,1
2025,3,Gujarat,Filariasis,1
2025,3,Gujarat,Hypertension,1
2025,3,Gujarat,Leptospirosis,1
2025,3,Gujarat,Lung Cancer,1
2025,3,Gujarat,Oral Cancer,1
2025,3,Gujarat,Pneumonia,2
2025,3,Gujarat,Typhoid,3
2025,3,Haryana,Anxiety Disorder,1
2025,3,Haryana,Chronic Kidney Disease,1
2025,3,Haryana,HIV/AIDS,1
2025,3,Haryana,Hepatitis B,1
2025,3,Haryana,Kala-Azar,1
2025,3,Haryana,Swine Flu (H1N1),1
2025,3,Haryana,Tuberculosis,1
2025,3,Himachal Pradesh,COVID-19,1
2025,3,Himachal Pradesh,Thalassemia,1
2025,3,Jharkhand,COPD,1
2025,3,Jharkhand,Chronic Kidney Disease,1
2025,3,Karnataka,Anxiety Disorder,2
2025,3,Karnataka,COPD,1
2025,3,Karnataka,COVID-19,1
2025,3,Karnataka,Chronic Kidney Disease,1
2025,3,Karnataka,Filariasis,2
2025,3,Karnataka,Heart Disease,1
2025,3,Karnataka,Japanese Encephalitis,1
2025,3,Karnataka,Lung Cancer,1
2025,3,Karnataka,Tuberculosis,1
2025,3,Karnataka,Typhoid,1
2025,3,Kerala,Hypertension,1
2025,3,Kerala,Japanese Encephalitis,1
2025,3,Kerala,Leptospirosis,1
2025,3,Kerala,Sickle Cell Anemia,1
2025,3,Madhya Pradesh,Diabetes (Type 2),1
2025,3,Madhya Pradesh,Diarrhea,1
2025,3,Madhya Pradesh,Heart Disease,2
2025,3,Madhya Pradesh,Hypertension,2
2025,3,Madhya Pradesh,Kala-Azar,1
2025,3,Madhya Pradesh,Lung Cancer,1
2025,3,Madhya Pradesh,Oral Cancer,1
2025,3,Maharashtra,Chronic Kidney Disease,1
2025,3,Maharashtra,Dengue,1
2025,3,Maharashtra,Kala-Azar,1
2025,3,Maharashtra,Sickle Cell Anemia,2
2025,3,Maharashtra,Swine Flu (H1N1),1
2025,3,Maharashtra,Thalassemia,1
2025,3,Maharashtra,Typhoid,1
2025,3,NCT of Delhi,Asthma,1
2025,3,NCT of Delhi,Jaundice (Hepatitis A),1
2025,3,Odisha,Dengue,2
2025,3,Odisha,Depression,1
2025,3,Odisha,Diabetes (Type 2),1
2025,3,Odisha,Filariasis,1
2025,3,Odisha,Hepatitis B,1
2025,3,Odisha,Kala-Azar,1
2025,3,Odisha,Oral Cancer,1
2025,3,Odisha,Typhoid,1
2025,3,Punjab,Lung Cancer,1
2025,3,Punjab,Tuberculosis,1
2025,3,Punjab,Typhoid,1
2025,3,Rajasthan,COVID-19,1
2025,3,Rajasthan,Diarrhea,1
2025,3,Rajasthan,Hepatitis B,2
2025,3,Rajasthan,Tuberculosis,1
2025,3,Rajasthan,Typhoid,1
2025,3,Tamil Nadu,Breast Cancer,1
2025,3,Tamil Nadu,Chikungunya,1
2025,3,Tamil Nadu,Chronic Kidney Disease,1
2025,3,Tamil Nadu,Depression,1
2025,3,Tamil Nadu,Hepatitis B,1
2025,3,Tamil Nadu,Kala-Azar,1
2025,3,Tamil Nadu,Typhoid,1
2025,3,Telangana,Breast Cancer,1
2025,3,Telangana,Filariasis,1
2025,3,Telangana,Gastroenteritis,1
2025,3,Telangana,Japanese Encephalitis,1
2025,3,Tripura,Typhoid,1
2025,3,Uttar Pradesh,Anxiety Disorder,1
2025,3,Uttar Pradesh,Diabetes (Type 2),1
2025,3,Uttar Pradesh,Diarrhea,3
2025,3,Uttar Pradesh,Filariasis,1
2025,3,Uttar Pradesh,Hepatitis B,2
2025,3,Uttar Pradesh,Jaundice (Hepatitis A),1
2025,3,Uttar Pradesh,Lung Cancer,1
2025,3,Uttar Pradesh,Sickle Cell Anemia,1
2025,3,Uttar Pradesh,Stroke,2
2025,3,Uttar Pradesh,Swine Flu (H1N1),1
2025,3,Uttar Pradesh,Thalassemia,1
2025,3,Uttar Pradesh,Tuberculosis,1
2025,3,Uttarakhand,Diarrhea,1
2025,3,West Bengal,Anxiety Disorder,1
2025,3,West Bengal,Cholera,1
2025,3,West Bengal,Diabetes (Type 2),1
2025,3,West Bengal,Filariasis,1
2025,3,West Bengal,Hypertension,1
2025,3,West Bengal,Oral Cancer,1
2025,3,West Bengal,Sickle Cell Anemia,1
2025,3,West Bengal,Stroke,1
2025,3,West Bengal,Swine Flu (H1N1),2
2025,3,West Bengal,Typhoid,1
2025,4,Andhra Pradesh,Breast Cancer,3
2025,4,Andhra Pradesh,Diabetes (Type 2),1
2025,4,Andhra Pradesh,Gastroenteritis,1
2025,4,Andhra Pradesh,Oral Cancer,1
2025,4,Andhra Pradesh,Stroke,1
2025,4,Andhra Pradesh,Typhoid,1
2025,4,Assam,Depression,1
2025,4,Assam,Thalassemia,1
2025,4,Bihar,Depression,1
2025,4,Bihar,Filariasis,1
2025,4,Bihar,Gastroenteritis,1
2025,4,Bihar,Jaundice (Hepatitis A),1
2025,4,Bihar,Malaria,1
2025,4,Bihar,Thalassemia,1
2025,4,Bihar,Typhoid,3
2025,4,Chandigarh,Jaundice (Hepatitis A),1
2025,4,Chhattisgarh,Gastroenteritis,1
2025,4,Chhattisgarh,Kala-Azar,1
2025,4,Goa,Heart Disease,1
2025,4,Gujarat,Dengue,1
2025,4,Gujarat,Diabetes (Type 2),1
2025,4,Gujarat,Diarrhea,1
2025,4,Gujarat,Hepatitis B,1
2025,4,Gujarat,Hypertension,1
2025,4,Gujarat,Japanese Encephalitis,2
2025,4,Gujarat,Jaundice (Hepatitis A),1
2025,4,Gujarat,Kala-Azar,1
2025,4,Gujarat,Stroke,1
2025,4,Gujarat,Swine Flu (H1N1),1
2025,4,Gujarat,Tuberculosis,1
2025,4,Haryana,Gastroenteritis,1
2025,4,Haryana,Hepatitis B,1
2025,4,Haryana,Japanese Encephalitis,1
2025,4,Himachal Pradesh,Chikungunya,1
2025,4,Himachal Pradesh,Hepatitis B,1
2025,4,Jammu and Kashmir,Kala-Azar,1
2025,4,Jammu and Kashmir,Sickle Cell Anemia,1
2025,4,Jharkhand,Diabetes (Type 2),1
2025,4,Jharkhand,Leptospirosis,1
2025,4,Jharkhand,Sickle Cell Anemia,1
2025,4,Karnataka,Chronic Kidney Disease,1
2025,4,Karnataka,Depression,1
2025,4,Karnataka,Diabetes (Type 2),1
2025,4,Karnataka,Hypertension,1
2025,4,Karnataka,Jaundice (Hepatitis A),1
2025,4,Kerala,Asthma,1
2025,4,Kerala,COPD,1
2025,4,Kerala,Gastroenteritis,2
2025,4,Kerala,Stroke,1
2025,4,Kerala,Thalassemia,1
2025,4,Madhya Pradesh,Asthma,1
2025,4,Madhya Pradesh,Breast Cancer,1
2025,4,Madhya Pradesh,Chikungunya,1
2025,4,Madhya Pradesh,Cholera,1
2025,4,Madhya Pradesh,Chronic Kidney Disease,1
2025,4,Madhya Pradesh,Gastroenteritis,1
2025,4,Madhya Pradesh,HIV/AIDS,1
2025,4,Madhya Pradesh,Hepatitis B,1
2025,4,Madhya Pradesh,Jaundice (Hepatitis A),2
2025,4,Madhya Pradesh,Oral Cancer,3
2025,4,Madhya Pradesh,Swine Flu (H1N1),1
2025,4,Madhya Pradesh,Thalassemia,1
2025,4,Maharashtra,Anxiety Disorder,1
2025,4,Maharashtra,Breast Cancer,2
2025,4,Maharashtra,Chikungunya,2
2025,4,Maharashtra,Chronic Kidney Disease,1
2025,4,Maharashtra,Diabetes (Type 2),1
2025,4,Maharashtra,Filariasis,1
2025,4,Maharashtra,Gastroenteritis,2
2025,4,Maharashtra,Hypertension,2
2025,4,Maharashtra,Japanese Encephalitis,2
2025,4,Maharashtra,Jaundice (Hepatitis A),2
2025,4,Maharashtra,Lung Cancer,2
2025,4,Maharashtra,Oral Cancer,1
2025,4,Maharashtra,Sickle Cell Anemia,1
2025,4,Maharashtra,Typhoid,1
2025,4,Manipur,Filariasis,1
2025,4,Manipur,Heart Disease,1
2025,4,Manipur,Hypertension,1
2025,4,Meghalaya,Anxiety Disorder,1
2025,4,NCT of Delhi,Typhoid,1
2025,4,Nagaland,Filariasis,1
2025,4,Odisha,COVID-19,1
2025,4,Odisha,Depression,1
2025,4,Odisha,Diabetes (Type 2),1
2025,4,Odisha,Oral Cancer,1
2025,4,Odisha,Sickle Cell Anemia,1
2025,4,Punjab,COVID-19,1
2025,4,Punjab,Lung Cancer,1
2025,4,Rajasthan,Anxiety Disorder,1
2025,4,Rajasthan,Breast Cancer,1
2025,4,Rajasthan,Diarrhea,1
2025,4,Rajasthan,Hepatitis B,1
2025,4,Rajasthan,Japanese Encephalitis,1
2025,4,Rajasthan,Lung Cancer,1
2025,4,Rajasthan,Pneumonia,1
2025,4,Rajasthan,Sickle Cell Anemia,1
2025,4,Rajasthan,Tuberculosis,1
2025,4,Rajasthan,Typhoid,1
2025,4,Tamil Nadu,Anxiety Disorder,1
2025,4,Tamil Nadu,Breast Cancer,1
2025,4,Tamil Nadu,Depression,1
2025,4,Tamil Nadu,Filariasis,1
2025,4,Tamil Nadu,Kala-Azar,1
2025,4,Tamil Nadu,Stroke,1
2025,4,Tamil Nadu,Tuberculosis,2
2025,4,Telangana,Diarrhea,1
2025,4,Telangana,HIV/AIDS,1
2025,4,Telangana,Heart Disease,1
2025,4,Telangana,Hepatitis B,1
2025,4,Telangana,Jaundice (Hepatitis A),1
2025,4,Telangana,Stroke,1
2025,4,Telangana,Swine Flu (H1N1),1
2025,4,Tripura,Jaundice (Hepatitis A),1
2025,4,Uttar Pradesh,Anxiety Disorder,1
2025,4,Uttar Pradesh,Breast Cancer,4
2025,4,Uttar Pradesh,COVID-19,2
2025,4,Uttar Pradesh,Depression,1
2025,4,Uttar Pradesh,Diabetes (Type 2),1
2025,4,Uttar Pradesh,Diarrhea,1
2025,4,Uttar Pradesh,Filariasis,1
2025,4,Uttar Pradesh,Gastroenteritis,1
2025,4,Uttar Pradesh,Heart Disease,2
2025,4,Uttar Pradesh,Hypertension,1
2025,4,Uttar Pradesh,Japanese Encephalitis,1
2025,4,Uttar Pradesh,Jaundice (Hepatitis A),2
2025,4,Uttar Pradesh,Kala-Azar,2
2025,4,Uttar Pradesh,Leptospirosis,1
2025,4,Uttar Pradesh,Lung Cancer,1
2025,4,Uttar Pradesh,Oral Cancer,1
2025,4,Uttar Pradesh,Tuberculosis,1
2025,4,West Bengal,Asthma,1
2025,4,West Bengal,COVID-19,2
2025,4,West Bengal,Chronic Kidney Disease,2
2025,4,West Bengal,Lung Cancer,2
2025,4,West Bengal,Sickle Cell Anemia,3
2025,4,West Bengal,Stroke,1
2025,4,West Bengal,Typhoid,2
2025,5,Andaman and Nicobar Islands,Chronic Kidney Disease,1
2025,5,Andhra Pradesh,Diabetes (Type 2),1
2025,5,Andhra Pradesh,Japanese Encephalitis,2
2025,5,Andhra Pradesh,Kala-Azar,1
2025,5,Andhra Pradesh,Sickle Cell Anemia,2
2025,5,Andhra Pradesh,Stroke,1
2025,5,Assam,Diarrhea,1
2025,5,Assam,Heart Disease,1
2025,5,Assam,Hypertension,2
2025,5,Assam,Kala-Azar,1
2025,5,Assam,Tuberculosis,1
2025,5,Bihar,Breast Cancer,2
2025,5,Bihar,Depression,1
2025,5,Bihar,Diabetes (Type 2),2
2025,5,Bihar,Filariasis,2
2025,5,Bihar,Gastroenteritis,1
2025,5,Bihar,Heart Disease,1
2025,5,Bihar,Hypertension,1
2025,5,Bihar,Japanese Encephalitis,1
2025,5,Bihar,Jaundice (Hepatitis A),1
2025,5,Bihar,Lung Cancer,1
2025,5,Bihar,Malaria,1
2025,5,Bihar,Sickle Cell Anemia,2
2025,5,Bihar,Stroke,1
2025,5,Bihar,Thalassemia,1
2025,5,Bihar,Tuberculosis,1
2025,5,Bihar,Typhoid,1
2025,5,Chhattisgarh,Depression,1
2025,5,Chhattisgarh,Diabetes (Type 2),1
2025,5,Chhattisgarh,Diarrhea,1
2025,5,Chhattisgarh,Japanese Encephalitis,1
2025,5,Chhattisgarh,Jaundice (Hepatitis A),1
2025,5,Chhattisgarh,Leptospirosis,1
2025,5,Chhattisgarh,Sickle Cell Anemia,1
2025,5,Chhattisgarh,Typhoid,1
2025,5,Goa,HIV/AIDS,1
2025,5,Goa,Tuberculosis,1
2025,5,Gujarat,Anxiety Disorder,1
2025,5,Gujarat,Lung Cancer,1
2025,5,Gujarat,Oral Cancer,1
2025,5,Gujarat,Stroke,1
2025,5,Gujarat,Typhoid,1
2025,5,Haryana,Anxiety Disorder,1
2025,5,Haryana,Gastroenteritis,2
2025,5,Haryana,Lung Cancer,1
2025,5,Haryana,Thalassemia,1
2025,5,Himachal Pradesh,Hypertension,1
2025,5,Jharkhand,Lung Cancer,1
2025,5,Karnataka,Chronic Kidney Disease,1
2025,5,Karnataka,Depression,1
2025,5,Karnataka,Diarrhea,1
2025,5,Karnataka,Filariasis,2
2025,5,Karnataka,Gastroenteritis,2
2025,5,Karnataka,HIV/AIDS,1
2025,5,Karnataka,Heart Disease,1
2025,5,Karnataka,Japanese Encephalitis,1
2025,5,Karnataka,Oral Cancer,1
2025,5,Karnataka,Sickle Cell Anemia,2
2025,5,Karnataka,Tuberculosis,1
2025,5,Kerala,Breast Cancer,1
2025,5,Kerala,Lung Cancer,1
2025,5,Madhya Pradesh,Breast Cancer,1
2025,5,Madhya Pradesh,Dengue,1
2025,5,Madhya Pradesh,Diarrhea,1
2025,5,Madhya Pradesh,Gastroenteritis,1
2025,5,Madhya Pradesh,Jaundice (Hepatitis A),2
2025,5,Madhya Pradesh,Sickle Cell Anemia,1
2025,5,Madhya Pradesh,Stroke,1
2025,5,Maharashtra,Anxiety Disorder,1
2025,5,Maharashtra,Breast Cancer,1
2025,5,Maharashtra,Chronic Kidney Disease,1
2025,5,Maharashtra,Dengue,1
2025,5,Maharashtra,Depression,1
2025,5,Maharashtra,Diabetes (Type 2),1
2025,5,Maharashtra,Filariasis,1
2025,5,Maharashtra,Gastroenteritis,1
2025,5,Maharashtra,HIV/AIDS,1
2025,5,Maharashtra,Hepatitis B,1
2025,5,Maharashtra,Japanese Encephalitis,1
2025,5,Maharashtra,Jaundice (Hepatitis A),1
2025,5,Maharashtra,Oral Cancer,1
2025,5,Maharashtra,Typhoid,1
2025,5,Manipur,Stroke,1
2025,5,NCT of Delhi,HIV/AIDS,1
2025,5,NCT of Delhi,Oral Cancer,1
2025,5,Nagaland,Filariasis,1
2025,5,Odisha,Chronic Kidney Disease,1
2025,5,Odisha,Dengue,1
2025,5,Odisha,Diarrhea,1
2025,5,Odisha,Hypertension,1
2025,5,Odisha,Malaria,1
2025,5,Punjab,COPD,1
2025,5,Punjab,COVID-19,1
2025,5,Punjab,Chronic Kidney Disease,1
2025,5,Punjab,Japanese Encephalitis,1
2025,5,Punjab,Lung Cancer,1
2025,5,Punjab,Typhoid,1
2025,5,Rajasthan,Chronic Kidney Disease,1
2025,5,Rajasthan,Diarrhea,1
2025,5,Rajasthan,Hepatitis B,1
2025,5,Rajasthan,Kala-Azar,1
2025,5,Rajasthan,Malaria,1
2025,5,Tamil Nadu,Breast Cancer,1
2025,5,Tamil Nadu,Diarrhea,2
2025,5,Tamil Nadu,Gastroenteritis,1
2025,5,Tamil Nadu,HIV/AIDS,1
2025,5,Tamil Nadu,Heart Disease,2
2025,5,Tamil Nadu,Japanese Encephalitis,1
2025,5,Tamil Nadu,Thalassemia,1
2025,5,Tamil Nadu,Typhoid,2
2025,5,Telangana,Gastroenteritis,1
2025,5,Telangana,HIV/AIDS,2
2025,5,Telangana,Japanese Encephalitis,3
2025,5,Telangana,Jaundice (Hepatitis A),1
2025,5,Telangana,Lung Cancer,1
2025,5,Telangana,Malaria,1
2025,5,Telangana,Thalassemia,1
2025,5,Uttar Pradesh,Anxiety Disorder,1
2025,5,Uttar Pradesh,Cholera,2
2025,5,Uttar Pradesh,Chronic Kidney Disease,2
2025,5,Uttar Pradesh,Depression,1
2025,5,Uttar Pradesh,Filariasis,2
2025,5,Uttar Pradesh,Gastroenteritis,3
2025,5,Uttar Pradesh,HIV/AIDS,1
2025,5,Uttar Pradesh,Heart Disease,2
2025,5,Uttar Pradesh,Hepatitis B,1
2025,5,Uttar Pradesh,Japanese Encephalitis,1
2025,5,Uttar Pradesh,Jaundice (Hepatitis A),1
2025,5,Uttar Pradesh,Lung Cancer,1
2025,5,Uttar Pradesh,Sickle Cell Anemia,1
2025,5,Uttar Pradesh,Stroke,2
2025,5,Uttar Pradesh,Thalassemia,3
2025,5,Uttarakhand,Diarrhea,1
2025,5,West Bengal,Depression,1
2025,5,West Bengal,Diarrhea,2
2025,5,West Bengal,Gastroenteritis,3
2025,5,West Bengal,HIV/AIDS,1
2025,5,West Bengal,Hepatitis B,1
2025,5,West Bengal,Hypertension,1
2025,5,West Bengal,Jaundice (Hepatitis A),1
2025,5,West Bengal,Kala-Azar,1
2025,5,West Bengal,Oral Cancer,2
2025,5,West Bengal,Stroke,1
2025,5,West Bengal,Typhoid,1
2025,6,Andhra Pradesh,Anxiety Disorder,1
2025,6,Andhra Pradesh,Asthma,1
2025,6,Andhra Pradesh,Breast Cancer,1
2025,6,Andhra Pradesh,Dengue,1
2025,6,Andhra Pradesh,Depression,2
2025,6,Andhra Pradesh,Filariasis,1
2025,6,Andhra Pradesh,HIV/AIDS,1
2025,6,Andhra Pradesh,Jaundice (Hepatitis A),1
2025,6,Andhra Pradesh,Lung Cancer,1
2025,6,Andhra Pradesh,Typhoid,1
2025,6,Arunachal Pradesh,Typhoid,1
2025,6,Assam,Kala-Azar,1
2025,6,Bihar,Anxiety Disorder,1
2025,6,Bihar,Cholera,1
2025,6,Bihar,Chronic Kidney Disease,1
2025,6,Bihar,Depression,1
2025,6,Bihar,Gastroenteritis,3
2025,6,Bihar,Hepatitis B,1
2025,6,Bihar,Hypertension,1
2025,6,Bihar,Malaria,1
2025,6,Bihar,Sickle Cell Anemia,1
2025,6,Bihar,Thalassemia,1
2025,6,Chhattisgarh,Anxiety Disorder,2
2025,6,Chhattisgarh,Dengue,1
2025,6,Chhattisgarh,HIV/AIDS,1
2025,6,Gujarat,Breast Cancer,1
2025,6,Gujarat,Chronic Kidney Disease,1
2025,6,Gujarat,Gastroenteritis,4
2025,6,Gujarat,Japanese Encephalitis,1
2025,6,Gujarat,Kala-Azar,1
2025,6,Gujarat,Lung Cancer,2
2025,6,Gujarat,Typhoid,1
2025,6,Haryana,HIV/AIDS,2
2025,6,Haryana,Hepatitis B,1
2025,6,Haryana,Tuberculosis,1
2025,6,Himachal Pradesh,Breast Cancer,1
2025,6,Himachal Pradesh,Heart Disease,1
2025,6,Jammu and Kashmir,COVID-19,1
2025,6,Jharkhand,COVID-19,1
2025,6,Jharkhand,Depression,1
2025,6,Jharkhand,Gastroenteritis,1
2025,6,Jharkhand,Japanese Encephalitis,1
2025,6,Jharkhand,Jaundice (Hepatitis A),2
2025,6,Jharkhand,Sickle Cell Anemia,2
2025,6,Jharkhand,Tuberculosis,1
2025,6,Karnataka,Breast Cancer,1
2025,6,Karnataka,COVID-19,1
2025,6,Karnataka,Cholera,1
2025,6,Karnataka,Chronic Kidney Disease,2
2025,6,Karnataka,Jaundice (Hepatitis A),2
2025,6,Karnataka,Kala-Azar,1
2025,6,Kerala,Diabetes (Type 2),1
2025,6,Kerala,Filariasis,1
2025,6,Kerala,Leptospirosis,1
2025,6,Madhya Pradesh,Breast Cancer,1
2025,6,Madhya Pradesh,COVID-19,2
2025,6,Madhya Pradesh,Chronic Kidney Disease,1
2025,6,Madhya Pradesh,Diarrhea,1
2025,6,Madhya Pradesh,Gastroenteritis,1
2025,6,Madhya Pradesh,Japanese Encephalitis,1
2025,6,Madhya Pradesh,Kala-Azar,1
2025,6,Madhya Pradesh,Sickle Cell Anemia,1
2025,6,Madhya Pradesh,Tuberculosis,1
2025,6,Madhya Pradesh,Typhoid,2
2025,6,Maharashtra,Asthma,1
2025,6,Maharashtra,Breast Cancer,2
2025,6,Maharashtra,Cholera,1
2025,6,Maharashtra,HIV/AIDS,2
2025,6,Maharashtra,Hepatitis B,2
2025,6,Maharashtra,Jaundice (Hepatitis A),2
2025,6,Maharashtra,Kala-Azar,1
2025,6,Maharashtra,Tuberculosis,1
2025,6,Maharashtra,Typhoid,1
2025,6,NCT of Delhi,Cholera,1
2025,6,NCT of Delhi,Filariasis,1
2025,6,NCT of Delhi,Lung Cancer,1
2025,6,NCT of Delhi,Sickle Cell Anemia,1
2025,6,Nagaland,Gastroenteritis,1
2025,6,Odisha,Anxiety Disorder,1
2025,6,Odisha,Diabetes (Type 2),1
2025,6,Odisha,Diarrhea,1
2025,6,Odisha,Gastroenteritis,1
2025,6,Odisha,Hypertension,1
2025,6,Odisha,Lung Cancer,1
2025,6,Odisha,Typhoid,1
2025,6,Punjab,Depression,1
2025,6,Punjab,Diabetes (Type 2),1
2025,6,Punjab,Filariasis,1
2025,6,Punjab,Jaundice (Hepatitis A),1
2025,6,Punjab,Kala-Azar,1
2025,6,Punjab,Lung Cancer,2
2025,6,Punjab,Oral Cancer,1
2025,6,Rajasthan,Anxiety Disorder,2
2025,6,Rajasthan,Chronic Kidney Disease,2
2025,6,Rajasthan,Diabetes (Type 2),2
2025,6,Rajasthan,Gastroenteritis,1
2025,6,Rajasthan,Hypertension,1
2025,6,Rajasthan,Jaundice (Hepatitis A),1
2025,6,Rajasthan,Leptospirosis,1
2025,6,Rajasthan,Oral Cancer,1
2025,6,Rajasthan,Sickle Cell Anemia,1
2025,6,Rajasthan,Tuberculosis,1
2025,6,Tamil Nadu,Cholera,1
2025,6,Tamil Nadu,Chronic Kidney Disease,1
2025,6,Tamil Nadu,Diarrhea,1
2025,6,Tamil Nadu,Heart Disease,1
2025,6,Tamil Nadu,Hepatitis B,1
2025,6,Tamil Nadu,Hypertension,1
2025,6,Tamil Nadu,Swine Flu (H1N1),1
2025,6,Tamil Nadu,Thalassemia,1
2025,6,Tamil Nadu,Typhoid,1
2025,6,Telangana,COVID-19,1
2025,6,Telangana,Oral Cancer,2
2025,6,Telangana,Stroke,1
2025,6,Uttar Pradesh,Anxiety Disorder,1
2025,6,Uttar Pradesh,Breast Cancer,1
2025,6,Uttar Pradesh,COVID-19,1
2025,6,Uttar Pradesh,Chronic Kidney Disease,3
2025,6,Uttar Pradesh,Depression,1
2025,6,Uttar Pradesh,Diabetes (Type 2),1
2025,6,Uttar Pradesh,Diarrhea,2
2025,6,Uttar Pradesh,Filariasis,1
2025,6,Uttar Pradesh,Gastroenteritis,4
2025,6,Uttar Pradesh,HIV/AIDS,1
2025,6,Uttar Pradesh,Hypertension,1
2025,6,Uttar Pradesh,Japanese Encephalitis,1
2025,6,Uttar Pradesh,Jaundice (Hepatitis A),4
2025,6,Uttar Pradesh,Kala-Azar,4
2025,6,Uttar Pradesh,Lung Cancer,1
2025,6,Uttar Pradesh,Oral Cancer,1
2025,6,Uttar Pradesh,Sickle Cell Anemia,1
2025,6,Uttar Pradesh,Stroke,1
2025,6,Uttar Pradesh,Tuberculosis,1
2025,6,Uttar Pradesh,Typhoid,1
2025,6,West Bengal,COVID-19,1
2025,6,West Bengal,Depression,2
2025,6,West Bengal,Diabetes (Type 2),1
2025,6,West Bengal,Gastroenteritis,2
2025,6,West Bengal,HIV/AIDS,2
2025,6,West Bengal,Jaundice (Hepatitis A),1
2025,6,West Bengal,Kala-Azar,1
2025,7,Andhra Pradesh,Chikungunya,1
2025,7,Andhra Pradesh,Dengue,1
2025,7,Andhra Pradesh,Diabetes (Type 2),1
2025,7,Andhra Pradesh,HIV/AIDS,1
2025,7,Andhra Pradesh,Hypertension,1
2025,7,Andhra Pradesh,Japanese Encephalitis,1
2025,7,Andhra Pradesh,Leptospirosis,1
2025,7,Andhra Pradesh,Malaria,2
2025,7,Andhra Pradesh,Stroke,1
2025,7,Arunachal Pradesh,Chronic Kidney Disease,1
2025,7,Assam,Hypertension,1
2025,7,Bihar,Anxiety Disorder,1
2025,7,Bihar,COPD,1
2025,7,Bihar,Chikungunya,2
2025,7,Bihar,Chronic Kidney Disease,1
2025,7,Bihar,Dengue,1
2025,7,Bihar,Diarrhea,1
2025,7,Bihar,Heart Disease,1
2025,7,Bihar,Jaundice (Hepatitis A),1
2025,7,Bihar,Kala-Azar,1
2025,7,Bihar,Malaria,2
2025,7,Bihar,Oral Cancer,1
2025,7,Bihar,Sickle Cell Anemia,1
2025,7,Bihar,Stroke,2
2025,7,Bihar,Swine Flu (H1N1),1
2025,7,Bihar,Tuberculosis,1
2025,7,Chhattisgarh,Dengue,1
2025,7,Chhattisgarh,Gastroenteritis,1
2025,7,Chhattisgarh,Jaundice (Hepatitis A),1
2025,7,Chhattisgarh,Malaria,2
2025,7,Chhattisgarh,Typhoid,1
2025,7,Goa,Dengue,1
2025,7,Gujarat,Chronic Kidney Disease,2
2025,7,Gujarat,Dengue,2
2025,7,Gujarat,Diarrhea,1
2025,7,Gujarat,Gastroenteritis,2
2025,7,Gujarat,Japanese Encephalitis,1
2025,7,Gujarat,Leptospirosis,1
2025,7,Gujarat,Stroke,1
2025,7,Gujarat,Swine Flu (H1N1),1
2025,7,Gujarat,Thalassemia,2
2025,7,Gujarat,Tuberculosis,1
2025,7,Haryana,Cholera,2
2025,7,Haryana,Jaundice (Hepatitis A),1
2025,7,Haryana,Malaria,1
2025,7,Haryana,Stroke,1
2025,7,Himachal Pradesh,Chronic Kidney Disease,1
2025,7,Himachal Pradesh,HIV/AIDS,1
2025,7,Himachal Pradesh,Oral Cancer,1
2025,7,Jammu and Kashmir,Dengue,1
2025,7,Jammu and Kashmir,Gastroenteritis,1
2025,7,Jharkhand,Chikungunya,1
2025,7,Jharkhand,Dengue,1
2025,7,Jharkhand,Gastroenteritis,1
2025,7,Jharkhand,Japanese Encephalitis,1
2025,7,Jharkhand,Kala-Azar,1
2025,7,Jharkhand,Leptospirosis,1
2025,7,Jharkhand,Malaria,1
2025,7,Jharkhand,Thalassemia,1
2025,7,Karnataka,Anxiety Disorder,1
2025,7,Karnataka,Cholera,1
2025,7,Karnataka,Gastroenteritis,1
2025,7,Karnataka,Heart Disease,1
2025,7,Karnataka,Hepatitis B,3
2025,7,Karnataka,Leptospirosis,3
2025,7,Karnataka,Malaria,2
2025,7,Karnataka,Sickle Cell Anemia,1
2025,7,Kerala,Filariasis,1
2025,7,Madhya Pradesh,Asthma,1
2025,7,Madhya Pradesh,Breast Cancer,1
2025,7,Madhya Pradesh,Cholera,2
2025,7,Madhya Pradesh,Diarrhea,1
2025,7,Madhya Pradesh,Gastroenteritis,3
2025,7,Madhya Pradesh,Hepatitis B,1
2025,7,Madhya Pradesh,Japanese Encephalitis,2
2025,7,Madhya Pradesh,Jaundice (Hepatitis A),1
2025,7,Madhya Pradesh,Leptospirosis,1
2025,7,Madhya Pradesh,Malaria,1
2025,7,Madhya Pradesh,Stroke,1
2025,7,Madhya Pradesh,Thalassemia,2
2025,7,Madhya Pradesh,Tuberculosis,1
2025,7,Madhya Pradesh,Typhoid,1
2025,7,Maharashtra,Anxiety Disorder,3
2025,7,Maharashtra,COVID-19,1
2025,7,Maharashtra,Chronic Kidney Disease,1
2025,7,Maharashtra,Gastroenteritis,1
2025,7,Maharashtra,HIV/AIDS,1
2025,7,Maharashtra,Jaundice (Hepatitis A),1
2025,7,Maharashtra,Leptospirosis,2
2025,7,Maharashtra,Malaria,1
2025,7,Maharashtra,Oral Cancer,1
2025,7,Maharashtra,Sickle Cell Anemia,2
2025,7,Maharashtra,Thalassemia,1
2025,7,Maharashtra,Tuberculosis,1
2025,7,Maharashtra,Typhoid,1
2025,7,Manipur,Dengue,1
2025,7,Manipur,Depression,1
2025,7,Manipur,Gastroenteritis,1
2025,7,Meghalaya,Jaundice (Hepatitis A),1
2025,7,NCT of Delhi,Dengue,1
2025,7,NCT of Delhi,Malaria,2
2025,7,Odisha,Dengue,2
2025,7,Odisha,Gastroenteritis,1
2025,7,Odisha,Jaundice (Hepatitis A),1
2025,7,Odisha,Kala-Azar,1
2025,7,Odisha,Leptospirosis,1
2025,7,Odisha,Stroke,1
2025,7,Puducherry,Pneumonia,1
2025,7,Punjab,Cholera,1
2025,7,Punjab,Dengue,1
2025,7,Punjab,Filariasis,1
2025,7,Punjab,Gastroenteritis,1
2025,7,Punjab,Heart Disease,1
2025,7,Punjab,Malaria,1
2025,7,Punjab,Stroke,1
2025,7,Punjab,Typhoid,1
2025,7,Rajasthan,Anxiety Disorder,1
2025,7,Rajasthan,Breast Cancer,1
2025,7,Rajasthan,Cholera,1
2025,7,Rajasthan,Dengue,2
2025,7,Rajasthan,HIV/AIDS,2
2025,7,Rajasthan,Heart Disease,3
2025,7,Rajasthan,Hypertension,1
2025,7,Rajasthan,Jaundice (Hepatitis A),1
2025,7,Rajasthan,Leptospirosis,2
2025,7,Rajasthan,Lung Cancer,1
2025,7,Rajasthan,Sickle Cell Anemia,2
2025,7,Rajasthan,Swine Flu (H1N1),1
2025,7,Tamil Nadu,Chikungunya,1
2025,7,Tamil Nadu,Dengue,2
2025,7,Tamil Nadu,Diarrhea,1
2025,7,Tamil Nadu,Filariasis,2
2025,7,Tamil Nadu,Heart Disease,1
2025,7,Tamil Nadu,Hepatitis B,1
2025,7,Tamil Nadu,Japanese Encephalitis,1
2025,7,Tamil Nadu,Leptospirosis,2
2025,7,Tamil Nadu,Malaria,2
2025,7,Tamil Nadu,Oral Cancer,1
2025,7,Tamil Nadu,Stroke,1
2025,7,Tamil Nadu,Thalassemia,2
2025,7,Tamil Nadu,Tuberculosis,1
2025,7,Tamil Nadu,Typhoid,2
2025,7,Telangana,Chronic Kidney Disease,1
2025,7,Telangana,HIV/AIDS,1
2025,7,Telangana,Jaundice (Hepatitis A),1
2025,7,Telangana,Leptospirosis,2
2025,7,Telangana,Oral Cancer,1
2025,7,Telangana,Pneumonia,1
2025,7,Telangana,Sickle Cell Anemia,1
2025,7,Telangana,Thalassemia,1
2025,7,Uttar Pradesh,Anxiety Disorder,1
2025,7,Uttar Pradesh,Asthma,1
2025,7,Uttar Pradesh,COVID-19,1
2025,7,Uttar Pradesh,Chikungunya,5
2025,7,Uttar Pradesh,Cholera,2
2025,7,Uttar Pradesh,Chronic Kidney Disease,2
2025,7,Uttar Pradesh,Dengue,1
2025,7,Uttar Pradesh,Depression,1
2025,7,Uttar Pradesh,Gastroenteritis,6
2025,7,Uttar Pradesh,Japanese Encephalitis,1
2025,7,Uttar Pradesh,Jaundice (Hepatitis A),3
2025,7,Uttar Pradesh,Kala-Azar,1
2025,7,Uttar Pradesh,Leptospirosis,1
2025,7,Uttar Pradesh,Lung Cancer,1
2025,7,Uttar Pradesh,Malaria,4
2025,7,Uttar Pradesh,Pneumonia,1
2025,7,Uttar Pradesh,Sickle Cell Anemia,1
2025,7,Uttar Pradesh,Stroke,2
2025,7,Uttar Pradesh,Thalassemia,1
2025,7,Uttar Pradesh,Tuberculosis,1
2025,7,Uttar Pradesh,Typhoid,1
2025,7,Uttarakhand,Malaria,1
2025,7,Uttarakhand,Oral Cancer,1
2025,7,West Bengal,Anxiety Disorder,2
2025,7,West Bengal,Breast Cancer,1
2025,7,West Bengal,COPD,1
2025,7,West Bengal,Chikungunya,1
2025,7,West Bengal,Cholera,1
2025,7,West Bengal,Chronic Kidney Disease,1
2025,7,West Bengal,Filariasis,1
2025,7,West Bengal,Jaundice (Hepatitis A),2
2025,7,West Bengal,Leptospirosis,1
2025,7,West Bengal,Lung Cancer,1
2025,7,West Bengal,Malaria,2
2025,7,West Bengal,Sickle Cell Anemia,1
2025,7,West Bengal,Thalassemia,1
2025,8,Andhra Pradesh,Chikungunya,2
2025,8,Andhra Pradesh,Cholera,1
2025,8,Andhra Pradesh,Depression,1
2025,8,Andhra Pradesh,Diabetes (Type 2),2
2025,8,Andhra Pradesh,Diarrhea,1
2025,8,Andhra Pradesh,Gastroenteritis,1
2025,8,Andhra Pradesh,Hypertension,1
2025,8,Andhra Pradesh,Jaundice (Hepatitis A),2
2025,8,Andhra Pradesh,Typhoid,2
2025,8,Assam,Asthma,1
2025,8,Assam,COPD,1
2025,8,Assam,Dengue,2
2025,8,Assam,HIV/AIDS,1
2025,8,Assam,Hepatitis B,1
2025,8,Assam,Japanese Encephalitis,2
2025,8,Assam,Kala-Azar,1
2025,8,Assam,Leptospirosis,1
2025,8,Assam,Stroke,1
2025,8,Bihar,Breast Cancer,1
2025,8,Bihar,COVID-19,1
2025,8,Bihar,Chikungunya,1
2025,8,Bihar,Cholera,1
2025,8,Bihar,Chronic Kidney Disease,1
2025,8,Bihar,Diabetes (Type 2),1
2025,8,Bihar,HIV/AIDS,1
2025,8,Bihar,Heart Disease,1
2025,8,Bihar,Hypertension,2
2025,8,Bihar,Japanese Encephalitis,1
2025,8,Bihar,Jaundice (Hepatitis A),1
2025,8,Bihar,Leptospirosis,1
2025,8,Bihar,Lung Cancer,1
2025,8,Bihar,Malaria,3
2025,8,Bihar,Oral Cancer,2
2025,8,Bihar,Pneumonia,1
2025,8,Bihar,Sickle Cell Anemia,2
2025,8,Bihar,Stroke,1
2025,8,Bihar,Typhoid,1
2025,8,Chhattisgarh,Chikungunya,1
2025,8,Chhattisgarh,Cholera,2
2025,8,Chhattisgarh,Dengue,1
2025,8,Chhattisgarh,Diabetes (Type 2),1
2025,8,Chhattisgarh,Filariasis,1
2025,8,Chhattisgarh,Kala-Azar,1
2025,8,Goa,Chikungunya,1
2025,8,Goa,Malaria,1
2025,8,Goa,Pneumonia,1
2025,8,Gujarat,Asthma,1
2025,8,Gujarat,Cholera,2
2025,8,Gujarat,Chronic Kidney Disease,2
2025,8,Gujarat,Filariasis,1
2025,8,Gujarat,Gastroenteritis,1
2025,8,Gujarat,Hepatitis B,1
2025,8,Gujarat,Hypertension,1
2025,8,Gujarat,Jaundice (Hepatitis A),1
2025,8,Gujarat,Leptospirosis,1
2025,8,Gujarat,Sickle Cell Anemia,1
2025,8,Gujarat,Thalassemia,1
2025,8,Haryana,Jaundice (Hepatitis A),1
2025,8,Haryana,Malaria,2
2025,8,Haryana,Sickle Cell Anemia,1
2025,8,Haryana,Stroke,1
2025,8,Himachal Pradesh,HIV/AIDS,1
2025,8,Jammu and Kashmir,Jaundice (Hepatitis A),1
2025,8,Jammu and Kashmir,Malaria,1
2025,8,Jammu and Kashmir,Typhoid,1
2025,8,Jharkhand,Cholera,1
2025,8,Jharkhand,Dengue,1
2025,8,Jharkhand,Gastroenteritis,1
2025,8,Jharkhand,Oral Cancer,1
2025,8,Karnataka,Dengue,1
2025,8,Karnataka,Hypertension,1
2025,8,Karnataka,Jaundice (Hepatitis A),2
2025,8,Karnataka,Kala-Azar,1
2025,8,Karnataka,Lung Cancer,1
2025,8,Karnataka,Malaria,1
2025,8,Karnataka,Stroke,1
2025,8,Kerala,Cholera,1
2025,8,Kerala,Diabetes (Type 2),1
2025,8,Kerala,Malaria,2
2025,8,Kerala,Stroke,1
2025,8,Madhya Pradesh,Anxiety Disorder,1
2025,8,Madhya Pradesh,COVID-19,1
2025,8,Madhya Pradesh,Chikungunya,1
2025,8,Madhya Pradesh,Dengue,1
2025,8,Madhya Pradesh,Depression,1
2025,8,Madhya Pradesh,Diabetes (Type 2),1
2025,8,Madhya Pradesh,Gastroenteritis,1
2025,8,Madhya Pradesh,Heart Disease,1
2025,8,Madhya Pradesh,Hepatitis B,2
2025,8,Madhya Pradesh,Hypertension,1
2025,8,Madhya Pradesh,Lung Cancer,1
2025,8,Madhya Pradesh,Malaria,1
2025,8,Madhya Pradesh,Pneumonia,1
2025,8,Madhya Pradesh,Stroke,1
2025,8,Madhya Pradesh,Swine Flu (H1N1),1
2025,8,Maharashtra,Anxiety Disorder,1
2025,8,Maharashtra,Asthma,1
2025,8,Maharashtra,Chikungunya,1
2025,8,Maharashtra,Cholera,2
2025,8,Maharashtra,Diarrhea,2
2025,8,Maharashtra,Gastroenteritis,1
2025,8,Maharashtra,Hepatitis B,3
2025,8,Maharashtra,Japanese Encephalitis,2
2025,8,Maharashtra,Jaundice (Hepatitis A),1
2025,8,Maharashtra,Kala-Azar,2
2025,8,Maharashtra,Leptospirosis,1
2025,8,Maharashtra,Lung Cancer,1
2025,8,Maharashtra,Malaria,1
2025,8,Maharashtra,Oral Cancer,2
2025,8,Mizoram,Leptospirosis,1
2025,8,NCT of Delhi,Asthma,1
2025,8,NCT of Delhi,Cholera,1
2025,8,NCT of Delhi,HIV/AIDS,1
2025,8,NCT of Delhi,Heart Disease,2
2025,8,NCT of Delhi,Jaundice (Hepatitis A),1
2025,8,NCT of Delhi,Leptospirosis,2
2025,8,NCT of Delhi,Stroke,1
2025,8,Odisha,Asthma,1
2025,8,Odisha,Chikungunya,1
2025,8,Odisha,Dengue,1
2025,8,Odisha,Diarrhea,1
2025,8,Odisha,Gastroenteritis,1
2025,8,Odisha,Jaundice (Hepatitis A),1
2025,8,Odisha,Malaria,1
2025,8,Odisha,Pneumonia,1
2025,8,Odisha,Tuberculosis,1
2025,8,Punjab,Anxiety Disorder,1
2025,8,Punjab,Diabetes (Type 2),1
2025,8,Punjab,Gastroenteritis,1
2025,8,Punjab,Japanese Encephalitis,1
2025,8,Rajasthan,Dengue,1
2025,8,Rajasthan,HIV/AIDS,1
2025,8,Rajasthan,Jaundice (Hepatitis A),1
2025,8,Rajasthan,Kala-Azar,1
2025,8,Rajasthan,Leptospirosis,4
2025,8,Rajasthan,Malaria,1
2025,8,Rajasthan,Oral Cancer,1
2025,8,Rajasthan,Pneumonia,1
2025,8,Rajasthan,Sickle Cell Anemia,1
2025,8,Tamil Nadu,Anxiety Disorder,1
2025,8,Tamil Nadu,Asthma,1
2025,8,Tamil Nadu,COPD,1
2025,8,Tamil Nadu,COVID-19,1
2025,8,Tamil Nadu,Cholera,1
2025,8,Tamil Nadu,Chronic Kidney Disease,1
2025,8,Tamil Nadu,Dengue,1
2025,8,Tamil Nadu,HIV/AIDS,1
2025,8,Tamil Nadu,Hepatitis B,1
2025,8,Tamil Nadu,Hypertension,1
2025,8,Tamil Nadu,Japanese Encephalitis,2
2025,8,Tamil Nadu,Kala-Azar,1
2025,8,Tamil Nadu,Leptospirosis,2
2025,8,Tamil Nadu,Malaria,2
2025,8,Telangana,Breast Cancer,2
2025,8,Telangana,Chikungunya,1
2025,8,Telangana,Cholera,2
2025,8,Telangana,Chronic Kidney Disease,2
2025,8,Telangana,Dengue,1
2025,8,Telangana,Jaundice (Hepatitis A),1
2025,8,Telangana,Leptospirosis,1
2025,8,Telangana,Oral Cancer,1
2025,8,Tripura,Depression,1
2025,8,Tripura,Leptospirosis,1
2025,8,Uttar Pradesh,Anxiety Disorder,3
2025,8,Uttar Pradesh,Breast Cancer,2
2025,8,Uttar Pradesh,Chikungunya,2
2025,8,Uttar Pradesh,Cholera,1
2025,8,Uttar Pradesh,Dengue,1
2025,8,Uttar Pradesh,Diabetes (Type 2),1
2025,8,Uttar Pradesh,Diarrhea,1
2025,8,Uttar Pradesh,Gastroenteritis,3
2025,8,Uttar Pradesh,HIV/AIDS,1
2025,8,Uttar Pradesh,Hypertension,3
2025,8,Uttar Pradesh,Japanese Encephalitis,4
2025,8,Uttar Pradesh,Malaria,4
2025,8,Uttar Pradesh,Stroke,3
2025,8,Uttarakhand,Cholera,1
2025,8,Uttarakhand,Diarrhea,1
2025,8,Uttarakhand,Malaria,1
2025,8,Uttarakhand,Oral Cancer,1
2025,8,Uttarakhand,Thalassemia,1
2025,8,West Bengal,Anxiety Disorder,1
2025,8,West Bengal,Asthma,1
2025,8,West Bengal,Chikungunya,2
2025,8,West Bengal,Depression,1
2025,8,West Bengal,Filariasis,1
2025,8,West Bengal,Gastroenteritis,1
2025,8,West Bengal,HIV/AIDS,1
2025,8,West Bengal,Malaria,1
2025,8,West Bengal,Typhoid,1
2025,9,Andhra Pradesh,Dengue,3
2025,9,Andhra Pradesh,Depression,1
2025,9,Andhra Pradesh,Filariasis,1
2025,9,Andhra Pradesh,Hypertension,1
2025,9,Andhra Pradesh,Malaria,1
2025,9,Andhra Pradesh,Sickle Cell Anemia,1
2025,9,Assam,Chikungunya,1
2025,9,Assam,Cholera,1
2025,9,Assam,Diabetes (Type 2),1
2025,9,Assam,Diarrhea,1
2025,9,Assam,HIV/AIDS,1
2025,9,Assam,Hypertension,1
2025,9,Assam,Stroke,1
2025,9,Bihar,Breast Cancer,1
2025,9,Bihar,COVID-19,1
2025,9,Bihar,Chikungunya,3
2025,9,Bihar,Cholera,1
2025,9,Bihar,Chronic Kidney Disease,2
2025,9,Bihar,Dengue,3
2025,9,Bihar,Depression,1
2025,9,Bihar,Diabetes (Type 2),1
2025,9,Bihar,Diarrhea,1
2025,9,Bihar,Filariasis,2
2025,9,Bihar,HIV/AIDS,2
2025,9,Bihar,Hypertension,1
2025,9,Bihar,Kala-Azar,1
2025,9,Bihar,Typhoid,1
2025,9,Chhattisgarh,Chikungunya,1
2025,9,Chhattisgarh,Chronic Kidney Disease,1
2025,9,Chhattisgarh,Heart Disease,1
2025,9,Chhattisgarh,Leptospirosis,1
2025,9,Chhattisgarh,Pneumonia,1
2025,9,Goa,Dengue,1
2025,9,Gujarat,Chikungunya,1
2025,9,Gujarat,Dengue,1
2025,9,Gujarat,Diabetes (Type 2),1
2025,9,Gujarat,HIV/AIDS,1
2025,9,Gujarat,Heart Disease,1
2025,9,Gujarat,Jaundice (Hepatitis A),1
2025,9,Gujarat,Leptospirosis,2
2025,9,Gujarat,Lung Cancer,1
2025,9,Gujarat,Malaria,1
2025,9,Gujarat,Sickle Cell Anemia,1
2025,9,Gujarat,Stroke,2
2025,9,Gujarat,Tuberculosis,1
2025,9,Haryana,COPD,1
2025,9,Haryana,Cholera,1
2025,9,Haryana,Depression,1
2025,9,Haryana,Diarrhea,1
2025,9,Haryana,HIV/AIDS,1
2025,9,Haryana,Oral Cancer,1
2025,9,Haryana,Sickle Cell Anemia,1
2025,9,Haryana,Thalassemia,1
2025,9,Himachal Pradesh,Diarrhea,1
2025,9,Himachal Pradesh,Hepatitis B,1
2025,9,Himachal Pradesh,Sickle Cell Anemia,1
2025,9,Jammu and Kashmir,Leptospirosis,1
2025,9,Jharkhand,Anxiety Disorder,1
2025,9,Jharkhand,Cholera,1
2025,9,Jharkhand,Diabetes (Type 2),1
2025,9,Jharkhand,Heart Disease,1
2025,9,Jharkhand,Jaundice (Hepatitis A),1
2025,9,Jharkhand,Leptospirosis,1
2025,9,Jharkhand,Pneumonia,1
2025,9,Jharkhand,Thalassemia,2
2025,9,Karnataka,Asthma,1
2025,9,Karnataka,Cholera,1
2025,9,Karnataka,Dengue,1
2025,9,Karnataka,Diabetes (Type 2),1
2025,9,Karnataka,Hepatitis B,2
2025,9,Karnataka,Hypertension,1
2025,9,Karnataka,Japanese Encephalitis,1
2025,9,Karnataka,Kala-Azar,1
2025,9,Karnataka,Leptospirosis,1
2025,9,Karnataka,Malaria,1
2025,9,Karnataka,Typhoid,2
2025,9,Kerala,Chikungunya,1
2025,9,Kerala,Cholera,1
2025,9,Kerala,Chronic Kidney Disease,1
2025,9,Kerala,Dengue,2
2025,9,Kerala,Depression,1
2025,9,Kerala,Filariasis,1
2025,9,Kerala,Oral Cancer,1
2025,9,Kerala,Pneumonia,1
2025,9,Madhya Pradesh,Anxiety Disorder,1
2025,9,Madhya Pradesh,Breast Cancer,1
2025,9,Madhya Pradesh,Chikungunya,1
2025,9,Madhya Pradesh,Cholera,2
2025,9,Madhya Pradesh,Chronic Kidney Disease,1
2025,9,Madhya Pradesh,Dengue,1
2025,9,Madhya Pradesh,Depression,1
2025,9,Madhya Pradesh,Diabetes (Type 2),1
2025,9,Madhya Pradesh,Diarrhea,2
2025,9,Madhya Pradesh,HIV/AIDS,1
2025,9,Madhya Pradesh,Hepatitis B,2
2025,9,Madhya Pradesh,Leptospirosis,2
2025,9,Madhya Pradesh,Malaria,2
2025,9,Madhya Pradesh,Oral Cancer,1
2025,9,Madhya Pradesh,Typhoid,1
2025,9,Maharashtra,Anxiety Disorder,1
2025,9,Maharashtra,Cholera,2
2025,9,Maharashtra,Chronic Kidney Disease,2
2025,9,Maharashtra,Dengue,2
2025,9,Maharashtra,Filariasis,1
2025,9,Maharashtra,Heart Disease,1
2025,9,Maharashtra,Hypertension,1
2025,9,Maharashtra,Jaundice (Hepatitis A),1
2025,9,Maharashtra,Leptospirosis,2
2025,9,Maharashtra,Malaria,3
2025,9,Maharashtra,Sickle Cell Anemia,1
2025,9,Maharashtra,Stroke,2
2025,9,Maharashtra,Tuberculosis,1
2025,9,Manipur,Chikungunya,1
2025,9,NCT of Delhi,Dengue,2
2025,9,NCT of Delhi,Hepatitis B,1
2025,9,Odisha,Chikungunya,1
2025,9,Odisha,Dengue,1
2025,9,Odisha,Depression,1
2025,9,Odisha,Leptospirosis,3
2025,9,Odisha,Malaria,1
2025,9,Puducherry,Heart Disease,1
2025,9,Punjab,Chikungunya,1
2025,9,Punjab,Dengue,1
2025,9,Punjab,Leptospirosis,3
2025,9,Punjab,Malaria,1
2025,9,Punjab,Oral Cancer,1
2025,9,Punjab,Swine Flu (H1N1),1
2025,9,Rajasthan,Anxiety Disorder,1
2025,9,Rajasthan,Chikungunya,1
2025,9,Rajasthan,Cholera,3
2025,9,Rajasthan,Dengue,1
2025,9,Rajasthan,Filariasis,1
2025,9,Rajasthan,HIV/AIDS,1
2025,9,Rajasthan,Hepatitis B,1
2025,9,Rajasthan,Thalassemia,1
2025,9,Tamil Nadu,Anxiety Disorder,1
2025,9,Tamil Nadu,Chikungunya,1
2025,9,Tamil Nadu,Cholera,1
2025,9,Tamil Nadu,Dengue,1
2025,9,Tamil Nadu,Diarrhea,1
2025,9,Tamil Nadu,Heart Disease,1
2025,9,Tamil Nadu,Hepatitis B,1
2025,9,Tamil Nadu,Leptospirosis,2
2025,9,Tamil Nadu,Malaria,1
2025,9,Tamil Nadu,Oral Cancer,1
2025,9,Tamil Nadu,Thalassemia,1
2025,9,Tamil Nadu,Tuberculosis,2
2025,9,Telangana,Diabetes (Type 2),1
2025,9,Telangana,HIV/AIDS,1
2025,9,Telangana,Oral Cancer,1
2025,9,Telangana,Stroke,1
2025,9,Tripura,Cholera,1
2025,9,Tripura,Japanese Encephalitis,1
2025,9,Uttar Pradesh,Anxiety Disorder,1
2025,9,Uttar Pradesh,Asthma,1
2025,9,Uttar Pradesh,Breast Cancer,3
2025,9,Uttar Pradesh,COPD,2
2025,9,Uttar Pradesh,Chikungunya,4
2025,9,Uttar Pradesh,Dengue,2
2025,9,Uttar Pradesh,Depression,1
2025,9,Uttar Pradesh,Diabetes (Type 2),1
2025,9,Uttar Pradesh,Diarrhea,2
2025,9,Uttar Pradesh,Gastroenteritis,1
2025,9,Uttar Pradesh,Hypertension,1
2025,9,Uttar Pradesh,Japanese Encephalitis,1
2025,9,Uttar Pradesh,Jaundice (Hepatitis A),2
2025,9,Uttar Pradesh,Kala-Azar,1
2025,9,Uttar Pradesh,Malaria,5
2025,9,Uttar Pradesh,Oral Cancer,4
2025,9,Uttar Pradesh,Pneumonia,1
2025,9,Uttar Pradesh,Sickle Cell Anemia,1
2025,9,Uttar Pradesh,Thalassemia,1
2025,9,Uttar Pradesh,Tuberculosis,1
2025,9,Uttarakhand,Dengue,1
2025,9,West Bengal,Breast Cancer,1
2025,9,West Bengal,Chikungunya,1
2025,9,West Bengal,Diabetes (Type 2),1
2025,9,West Bengal,Heart Disease,1
2025,9,West Bengal,Hypertension,1
2025,9,West Bengal,Jaundice (Hepatitis A),1
2025,9,West Bengal,Kala-Azar,1
2025,9,West Bengal,Sickle Cell Anemia,1
2025,10,Andhra Pradesh,Cholera,3
2025,10,Andhra Pradesh,Chronic Kidney Disease,1
2025,10,Andhra Pradesh,Dengue,2
2025,10,Andhra Pradesh,Depression,1
2025,10,Andhra Pradesh,Japanese Encephalitis,1
2025,10,Andhra Pradesh,Lung Cancer,1
2025,10,Arunachal Pradesh,Leptospirosis,1
2025,10,Assam,Filariasis,1
2025,10,Assam,Jaundice (Hepatitis A),1
2025,10,Assam,Leptospirosis,1
2025,10,Assam,Malaria,2
2025,10,Assam,Sickle Cell Anemia,1
2025,10,Bihar,Breast Cancer,1
2025,10,Bihar,COPD,1
2025,10,Bihar,Chikungunya,2
2025,10,Bihar,Cholera,3
2025,10,Bihar,Dengue,1
2025,10,Bihar,Filariasis,2
2025,10,Bihar,Hypertension,1
2025,10,Bihar,Japanese Encephalitis,1
2025,10,Bihar,Jaundice (Hepatitis A),1
2025,10,Bihar,Leptospirosis,2
2025,10,Bihar,Oral Cancer,1
2025,10,Bihar,Sickle Cell Anemia,1
2025,10,Bihar,Stroke,1
2025,10,Bihar,Thalassemia,1
2025,10,Bihar,Tuberculosis,1
2025,10,Bihar,Typhoid,1
2025,10,Chhattisgarh,COVID-19,1
2025,10,Chhattisgarh,Chikungunya,1
2025,10,Chhattisgarh,Cholera,1
2025,10,Chhattisgarh,Filariasis,1
2025,10,Chhattisgarh,Hypertension,1
2025,10,Chhattisgarh,Leptospirosis,1
2025,10,Chhattisgarh,Thalassemia,1
2025,10,Chhattisgarh,Typhoid,1
2025,10,Goa,Sickle Cell Anemia,1
2025,10,Gujarat,Chikungunya,1
2025,10,Gujarat,Cholera,2
2025,10,Gujarat,Diabetes (Type 2),1
2025,10,Gujarat,Hypertension,1
2025,10,Gujarat,Leptospirosis,1
2025,10,Gujarat,Lung Cancer,1
2025,10,Gujarat,Tuberculosis,2
2025,10,Haryana,Breast Cancer,1
2025,10,Haryana,Filariasis,1
2025,10,Haryana,Japanese Encephalitis,1
2025,10,Haryana,Kala-Azar,1
2025,10,Haryana,Thalassemia,2
2025,10,Haryana,Typhoid,1
2025,10,Himachal Pradesh,Anxiety Disorder,1
2025,10,Himachal Pradesh,COVID-19,1
2025,10,Jammu and Kashmir,Anxiety Disorder,1
2025,10,Jammu and Kashmir,Malaria,1
2025,10,Jharkhand,Anxiety Disorder,1
2025,10,Jharkhand,Cholera,3
2025,10,Jharkhand,HIV/AIDS,1
2025,10,Jharkhand,Sickle Cell Anemia,1
2025,10,Jharkhand,Stroke,1
2025,10,Jharkhand,Typhoid,1
2025,10,Karnataka,Anxiety Disorder,1
2025,10,Karnataka,Diarrhea,1
2025,10,Karnataka,Filariasis,1
2025,10,Karnataka,Hepatitis B,1
2025,10,Karnataka,Hypertension,1
2025,10,Karnataka,Sickle Cell Anemia,1
2025,10,Karnataka,Swine Flu (H1N1),1
2025,10,Karnataka,Typhoid,1
2025,10,Kerala,Anxiety Disorder,1
2025,10,Kerala,Depression,1
2025,10,Kerala,Diarrhea,1
2025,10,Kerala,HIV/AIDS,1
2025,10,Kerala,Hypertension,2
2025,10,Kerala,Japanese Encephalitis,1
2025,10,Kerala,Pneumonia,1
2025,10,Kerala,Sickle Cell Anemia,1
2025,10,Kerala,Tuberculosis,1
2025,10,Kerala,Typhoid,1
2025,10,Madhya Pradesh,Anxiety Disorder,1
2025,10,Madhya Pradesh,COPD,1
2025,10,Madhya Pradesh,Chikungunya,1
2025,10,Madhya Pradesh,Chronic Kidney Disease,1
2025,10,Madhya Pradesh,Depression,2
2025,10,Madhya Pradesh,Hypertension,1
2025,10,Madhya Pradesh,Malaria,2
2025,10,Madhya Pradesh,Pneumonia,1
2025,10,Maharashtra,Chronic Kidney Disease,1
2025,10,Maharashtra,Leptospirosis,2
2025,10,Maharashtra,Malaria,1
2025,10,Maharashtra,Stroke,1
2025,10,Maharashtra,Typhoid,3
2025,10,Meghalaya,Japanese Encephalitis,1
2025,10,NCT of Delhi,Diarrhea,1
2025,10,NCT of Delhi,Leptospirosis,1
2025,10,NCT of Delhi,Stroke,1
2025,10,NCT of Delhi,Typhoid,1
2025,10,Nagaland,Breast Cancer,1
2025,10,Nagaland,Kala-Azar,1
2025,10,Odisha,Chikungunya,1
2025,10,Odisha,Cholera,1
2025,10,Odisha,Dengue,1
2025,10,Odisha,Depression,1
2025,10,Odisha,Hypertension,1
2025,10,Odisha,Japanese Encephalitis,1
2025,10,Odisha,Leptospirosis,1
2025,10,Odisha,Malaria,1
2025,10,Odisha,Thalassemia,1
2025,10,Puducherry,Chikungunya,1
2025,10,Punjab,Chikungunya,1
2025,10,Punjab,Cholera,1
2025,10,Punjab,Leptospirosis,1
2025,10,Punjab,Stroke,1
2025,10,Rajasthan,Anxiety Disorder,1
2025,10,Rajasthan,Asthma,1
2025,10,Rajasthan,Breast Cancer,1
2025,10,Rajasthan,Cholera,1
2025,10,Rajasthan,Chronic Kidney Disease,1
2025,10,Rajasthan,Diabetes (Type 2),1
2025,10,Rajasthan,Diarrhea,1
2025,10,Rajasthan,Filariasis,1
2025,10,Rajasthan,Hepatitis B,1
2025,10,Rajasthan,Kala-Azar,1
2025,10,Rajasthan,Malaria,2
2025,10,Rajasthan,Oral Cancer,1
2025,10,Tamil Nadu,COPD,1
2025,10,Tamil Nadu,Cholera,1
2025,10,Tamil Nadu,Chronic Kidney Disease,2
2025,10,Tamil Nadu,Dengue,2
2025,10,Tamil Nadu,HIV/AIDS,1
2025,10,Tamil Nadu,Leptospirosis,2
2025,10,Tamil Nadu,Malaria,1
2025,10,Tamil Nadu,Sickle Cell Anemia,1
2025,10,Telangana,Chronic Kidney Disease,1
2025,10,Telangana,Depression,1
2025,10,Telangana,Diabetes (Type 2),1
2025,10,Telangana,Diarrhea,1
2025,10,Telangana,Hypertension,1
2025,10,Telangana,Malaria,1
2025,10,Telangana,Oral Cancer,1
2025,10,Telangana,Thalassemia,1
2025,10,Telangana,Tuberculosis,1
2025,10,Uttar Pradesh,Anxiety Disorder,1
2025,10,Uttar Pradesh,Breast Cancer,2
2025,10,Uttar Pradesh,COVID-19,1
2025,10,Uttar Pradesh,Chikungunya,2
2025,10,Uttar Pradesh,Cholera,4
2025,10,Uttar Pradesh,Chronic Kidney Disease,1
2025,10,Uttar Pradesh,Dengue,1
2025,10,Uttar Pradesh,Diabetes (Type 2),3
2025,10,Uttar Pradesh,Filariasis,1
2025,10,Uttar Pradesh,Gastroenteritis,1
2025,10,Uttar Pradesh,HIV/AIDS,1
2025,10,Uttar Pradesh,Heart Disease,1
2025,10,Uttar Pradesh,Hepatitis B,2
2025,10,Uttar Pradesh,Japanese Encephalitis,2
2025,10,Uttar Pradesh,Leptospirosis,3
2025,10,Uttar Pradesh,Malaria,2
2025,10,Uttar Pradesh,Tuberculosis,1
2025,10,Uttarakhand,Anxiety Disorder,1
2025,10,Uttarakhand,Japanese Encephalitis,1
2025,10,Uttarakhand,Sickle Cell Anemia,1
2025,10,West Bengal,Chikungunya,3
2025,10,West Bengal,Cholera,3
2025,10,West Bengal,Chronic Kidney Disease,1
2025,10,West Bengal,Dengue,1
2025,10,West Bengal,HIV/AIDS,2
2025,10,West Bengal,Hepatitis B,2
2025,10,West Bengal,Leptospirosis,1
2025,10,West Bengal,Oral Cancer,1
2025,10,West Bengal,Tuberculosis,1
2025,10,West Bengal,Typhoid,2
2025,11,Andhra Pradesh,COPD,1
2025,11,Andhra Pradesh,Hepatitis B,1
2025,11,Andhra Pradesh,Pneumonia,1
2025,11,Andhra Pradesh,Swine Flu (H1N1),2
2025,11,Assam,Breast Cancer,1
2025,11,Assam,Dengue,1
2025,11,Assam,Diabetes (Type 2),1
2025,11,Assam,Diarrhea,1
2025,11,Assam,Japanese Encephalitis,1
2025,11,Assam,Lung Cancer,1
2025,11,Assam,Pneumonia,1
2025,11,Bihar,Anxiety Disorder,1
2025,11,Bihar,Asthma,3
2025,11,Bihar,COPD,1
2025,11,Bihar,COVID-19,1
2025,11,Bihar,Chikungunya,1
2025,11,Bihar,Gastroenteritis,1
2025,11,Bihar,Lung Cancer,1
2025,11,Bihar,Pneumonia,2
2025,11,Bihar,Sickle Cell Anemia,1
2025,11,Bihar,Stroke,1
2025,11,Bihar,Tuberculosis,1
2025,11,Chhattisgarh,Anxiety Disorder,1
2025,11,Chhattisgarh,Heart Disease,1
2025,11,Chhattisgarh,Hepatitis B,1
2025,11,Chhattisgarh,Hypertension,1
2025,11,Goa,Asthma,1
2025,11,Gujarat,Breast Cancer,1
2025,11,Gujarat,COPD,1
2025,11,Gujarat,Chronic Kidney Disease,1
2025,11,Gujarat,Depression,1
2025,11,Gujarat,Diabetes (Type 2),2
2025,11,Gujarat,Diarrhea,1
2025,11,Gujarat,HIV/AIDS,1
2025,11,Gujarat,Hypertension,1
2025,11,Gujarat,Pneumonia,1
2025,11,Gujarat,Sickle Cell Anemia,1
2025,11,Gujarat,Swine Flu (H1N1),1
2025,11,Gujarat,Tuberculosis,1
2025,11,Haryana,Asthma,2
2025,11,Haryana,Chikungunya,1
2025,11,Haryana,Cholera,1
2025,11,Haryana,Dengue,1
2025,11,Himachal Pradesh,Chronic Kidney Disease,1
2025,11,Himachal Pradesh,Hepatitis B,1
2025,11,Himachal Pradesh,Japanese Encephalitis,1
2025,11,Himachal Pradesh,Swine Flu (H1N1),1
2025,11,Jammu and Kashmir,Heart Disease,1
2025,11,Jammu and Kashmir,Japanese Encephalitis,1
2025,11,Jharkhand,Asthma,1
2025,11,Jharkhand,COPD,1
2025,11,Jharkhand,Diarrhea,2
2025,11,Jharkhand,Hypertension,1
2025,11,Jharkhand,Lung Cancer,1
2025,11,Jharkhand,Swine Flu (H1N1),1
2025,11,Karnataka,Anxiety Disorder,1
2025,11,Karnataka,Asthma,1
2025,11,Karnataka,COPD,1
2025,11,Karnataka,COVID-19,2
2025,11,Karnataka,Chronic Kidney Disease,1
2025,11,Karnataka,Japanese Encephalitis,1
2025,11,Karnataka,Kala-Azar,1
2025,11,Karnataka,Pneumonia,1
2025,11,Karnataka,Sickle Cell Anemia,1
2025,11,Karnataka,Stroke,2
2025,11,Karnataka,Swine Flu (H1N1),1
2025,11,Kerala,HIV/AIDS,1
2025,11,Kerala,Oral Cancer,1
2025,11,Kerala,Pneumonia,1
2025,11,Kerala,Swine Flu (H1N1),2
2025,11,Madhya Pradesh,Anxiety Disorder,1
2025,11,Madhya Pradesh,Breast Cancer,1
2025,11,Madhya Pradesh,COVID-19,1
2025,11,Madhya Pradesh,Diabetes (Type 2),2
2025,11,Madhya Pradesh,Diarrhea,3
2025,11,Madhya Pradesh,Heart Disease,2
2025,11,Madhya Pradesh,Hypertension,1
2025,11,Madhya Pradesh,Kala-Azar,1
2025,11,Madhya Pradesh,Lung Cancer,1
2025,11,Madhya Pradesh,Pneumonia,2
2025,11,Madhya Pradesh,Sickle Cell Anemia,1
2025,11,Madhya Pradesh,Stroke,1
2025,11,Madhya Pradesh,Swine Flu (H1N1),2
2025,11,Maharashtra,COPD,3
2025,11,Maharashtra,COVID-19,3
2025,11,Maharashtra,Chikungunya,1
2025,11,Maharashtra,Dengue,1
2025,11,Maharashtra,Gastroenteritis,1
2025,11,Maharashtra,HIV/AIDS,1
2025,11,Maharashtra,Heart Disease,2
2025,11,Maharashtra,Hypertension,2
2025,11,Maharashtra,Japanese Encephalitis,1
2025,11,Maharashtra,Oral Cancer,1
2025,11,Maharashtra,Pneumonia,1
2025,11,Maharashtra,Sickle Cell Anemia,2
2025,11,Maharashtra,Swine Flu (H1N1),1
2025,11,Maharashtra,Tuberculosis,1
2025,11,Manipur,Filariasis,1
2025,11,Manipur,Gastroenteritis,1
2025,11,Manipur,Pneumonia,1
2025,11,Meghalaya,Asthma,1
2025,11,NCT of Delhi,Asthma,1
2025,11,NCT of Delhi,COVID-19,1
2025,11,Nagaland,COPD,1
2025,11,Nagaland,Sickle Cell Anemia,1
2025,11,Odisha,Asthma,2
2025,11,Odisha,Breast Cancer,1
2025,11,Odisha,Chikungunya,1
2025,11,Odisha,Depression,1
2025,11,Odisha,Filariasis,1
2025,11,Odisha,Hypertension,1
2025,11,Odisha,Oral Cancer,1
2025,11,Odisha,Swine Flu (H1N1),1
2025,11,Punjab,Asthma,1
2025,11,Punjab,Depression,1
2025,11,Punjab,Diabetes (Type 2),1
2025,11,Punjab,Hepatitis B,1
2025,11,Punjab,Oral Cancer,1
2025,11,Rajasthan,Asthma,1
2025,11,Rajasthan,Breast Cancer,1
2025,11,Rajasthan,COPD,2
2025,11,Rajasthan,COVID-19,1
2025,11,Rajasthan,Chronic Kidney Disease,1
2025,11,Rajasthan,Japanese Encephalitis,1
2025,11,Rajasthan,Sickle Cell Anemia,1
2025,11,Rajasthan,Swine Flu (H1N1),2
2025,11,Rajasthan,Tuberculosis,1
2025,11,Tamil Nadu,Asthma,1
2025,11,Tamil Nadu,COPD,1
2025,11,Tamil Nadu,Cholera,1
2025,11,Tamil Nadu,Chronic Kidney Disease,1
2025,11,Tamil Nadu,Depression,1
2025,11,Tamil Nadu,Diabetes (Type 2),1
2025,11,Tamil Nadu,Hepatitis B,1
2025,11,Tamil Nadu,Hypertension,1
2025,11,Tamil Nadu,Jaundice (Hepatitis A),1
2025,11,Tamil Nadu,Lung Cancer,2
2025,11,Tamil Nadu,Pneumonia,1
2025,11,Tamil Nadu,Sickle Cell Anemia,1
2025,11,Tamil Nadu,Thalassemia,1
2025,11,Telangana,COPD,1
2025,11,Telangana,Depression,1
2025,11,Telangana,Gastroenteritis,1
2025,11,Telangana,Hypertension,1
2025,11,Telangana,Typhoid,1
2025,11,Uttar Pradesh,Anxiety Disorder,1
2025,11,Uttar Pradesh,Asthma,1
2025,11,Uttar Pradesh,COPD,2
2025,11,Uttar Pradesh,COVID-19,2
2025,11,Uttar Pradesh,Diarrhea,2
2025,11,Uttar Pradesh,HIV/AIDS,1
2025,11,Uttar Pradesh,Hepatitis B,1
2025,11,Uttar Pradesh,Japanese Encephalitis,1
2025,11,Uttar Pradesh,Lung Cancer,1
2025,11,Uttar Pradesh,Oral Cancer,1
2025,11,Uttar Pradesh,Pneumonia,1
2025,11,Uttar Pradesh,Sickle Cell Anemia,2
2025,11,Uttar Pradesh,Stroke,1
2025,11,Uttar Pradesh,Swine Flu (H1N1),1
2025,11,Uttar Pradesh,Tuberculosis,2
2025,11,Uttar Pradesh,Typhoid,1
2025,11,Uttarakhand,Cholera,1
2025,11,Uttarakhand,Jaundice (Hepatitis A),1
2025,11,Uttarakhand,Pneumonia,1
2025,11,West Bengal,Asthma,1
2025,11,West Bengal,Breast Cancer,1
2025,11,West Bengal,COPD,2
2025,11,West Bengal,COVID-19,1
2025,11,West Bengal,Chronic Kidney Disease,3
2025,11,West Bengal,Diabetes (Type 2),1
2025,11,West Bengal,Filariasis,1
2025,11,West Bengal,Hepatitis B,1
2025,11,West Bengal,Oral Cancer,1
2025,11,West Bengal,Pneumonia,2
2025,11,West Bengal,Stroke,3
2025,11,West Bengal,Thalassemia,1
2025,12,Andaman and Nicobar Islands,COVID-19,1
2025,12,Andaman and Nicobar Islands,Hypertension,1
2025,12,Andhra Pradesh,Asthma,1
2025,12,Andhra Pradesh,Breast Cancer,1
2025,12,Andhra Pradesh,Chronic Kidney Disease,2
2025,12,Andhra Pradesh,Heart Disease,1
2025,12,Andhra Pradesh,Hepatitis B,2
2025,12,Andhra Pradesh,Hypertension,1
2025,12,Andhra Pradesh,Pneumonia,2
2025,12,Assam,Asthma,1
2025,12,Assam,Depression,1
2025,12,Assam,Diarrhea,1
2025,12,Assam,Tuberculosis,1
2025,12,Bihar,Anxiety Disorder,1
2025,12,Bihar,Asthma,1
2025,12,Bihar,Breast Cancer,1
2025,12,Bihar,COPD,2
2025,12,Bihar,COVID-19,1
2025,12,Bihar,Chronic Kidney Disease,1
2025,12,Bihar,Diabetes (Type 2),1
2025,12,Bihar,Diarrhea,1
2025,12,Bihar,Filariasis,2
2025,12,Bihar,Gastroenteritis,1
2025,12,Bihar,Japanese Encephalitis,1
2025,12,Bihar,Lung Cancer,1
2025,12,Bihar,Sickle Cell Anemia,2
2025,12,Bihar,Thalassemia,2
2025,12,Bihar,Typhoid,1
2025,12,Chhattisgarh,Anxiety Disorder,1
2025,12,Chhattisgarh,COVID-19,1
2025,12,Chhattisgarh,Diabetes (Type 2),1
2025,12,Chhattisgarh,Hypertension,1
2025,12,Chhattisgarh,Jaundice (Hepatitis A),1
2025,12,Chhattisgarh,Lung Cancer,1
2025,12,Chhattisgarh,Pneumonia,1
2025,12,Chhattisgarh,Swine Flu (H1N1),1
2025,12,Gujarat,COVID-19,1
2025,12,Gujarat,Cholera,1
2025,12,Gujarat,Depression,1
2025,12,Gujarat,Diarrhea,1
2025,12,Gujarat,Filariasis,1
2025,12,Gujarat,HIV/AIDS,1
2025,12,Gujarat,Jaundice (Hepatitis A),1
2025,12,Gujarat,Lung Cancer,2
2025,12,Gujarat,Pneumonia,2
2025,12,Gujarat,Sickle Cell Anemia,1
2025,12,Gujarat,Swine Flu (H1N1),2
2025,12,Haryana,COPD,1
2025,12,Haryana,COVID-19,1
2025,12,Haryana,Chronic Kidney Disease,1
2025,12,Haryana,Gastroenteritis,1
2025,12,Haryana,Heart Disease,1
2025,12,Haryana,Hepatitis B,1
2025,12,Haryana,Japanese Encephalitis,1
2025,12,Haryana,Typhoid,1
2025,12,Himachal Pradesh,Asthma,1
2025,12,Himachal Pradesh,COPD,1
2025,12,Himachal Pradesh,Chikungunya,1
2025,12,Himachal Pradesh,Filariasis,1
2025,12,Jammu and Kashmir,Asthma,1
2025,12,Jammu and Kashmir,Oral Cancer,1
2025,12,Jammu and Kashmir,Sickle Cell Anemia,1
2025,12,Jharkhand,Anxiety Disorder,1
2025,12,Jharkhand,Chronic Kidney Disease,1
2025,12,Jharkhand,Sickle Cell Anemia,1
2025,12,Karnataka,Asthma,2
2025,12,Karnataka,COPD,1
2025,12,Karnataka,Depression,1
2025,12,Karnataka,Filariasis,1
2025,12,Karnataka,Japanese Encephalitis,1
2025,12,Karnataka,Lung Cancer,3
2025,12,Karnataka,Malaria,1
2025,12,Karnataka,Swine Flu (H1N1),1
2025,12,Karnataka,Thalassemia,1
2025,12,Karnataka,Typhoid,1
2025,12,Kerala,Asthma,1
2025,12,Kerala,Chronic Kidney Disease,1
2025,12,Kerala,Heart Disease,1
2025,12,Kerala,Pneumonia,1
2025,12,Kerala,Swine Flu (H1N1),1
2025,12,Madhya Pradesh,Anxiety Disorder,1
2025,12,Madhya Pradesh,Asthma,1
2025,12,Madhya Pradesh,COPD,1
2025,12,Madhya Pradesh,COVID-19,2
2025,12,Madhya Pradesh,Chronic Kidney Disease,1
2025,12,Madhya Pradesh,Heart Disease,1
2025,12,Madhya Pradesh,Lung Cancer,2
2025,12,Madhya Pradesh,Sickle Cell Anemia,1
2025,12,Madhya Pradesh,Stroke,1
2025,12,Madhya Pradesh,Swine Flu (H1N1),3
2025,12,Madhya Pradesh,Thalassemia,1
2025,12,Madhya Pradesh,Tuberculosis,1
2025,12,Maharashtra,Anxiety Disorder,1
2025,12,Maharashtra,Asthma,3
2025,12,Maharashtra,COPD,2
2025,12,Maharashtra,Diarrhea,2
2025,12,Maharashtra,Filariasis,1
2025,12,Maharashtra,HIV/AIDS,2
2025,12,Maharashtra,Heart Disease,1
2025,12,Maharashtra,Hypertension,1
2025,12,Maharashtra,Japanese Encephalitis,1
2025,12,Maharashtra,Kala-Azar,3
2025,12,Maharashtra,Oral Cancer,1
2025,12,Maharashtra,Stroke,1
2025,12,Maharashtra,Swine Flu (H1N1),1
2025,12,Meghalaya,Diarrhea,1
2025,12,Mizoram,Swine Flu (H1N1),1
2025,12,NCT of Delhi,Dengue,1
2025,12,NCT of Delhi,Diabetes (Type 2),1
2025,12,NCT of Delhi,Japanese Encephalitis,1
2025,12,NCT of Delhi,Oral Cancer,1
2025,12,Nagaland,Swine Flu (H1N1),1
2025,12,Odisha,Asthma,1
2025,12,Odisha,COVID-19,1
2025,12,Odisha,Hypertension,1
2025,12,Odisha,Sickle Cell Anemia,1
2025,12,Odisha,Tuberculosis,1
2025,12,Punjab,Diarrhea,1
2025,12,Punjab,Oral Cancer,1
2025,12,Punjab,Stroke,1
2025,12,Punjab,Swine Flu (H1N1),1
2025,12,Punjab,Thalassemia,3
2025,12,Rajasthan,Asthma,2
2025,12,Rajasthan,COPD,1
2025,12,Rajasthan,COVID-19,2
2025,12,Rajasthan,Dengue,1
2025,12,Rajasthan,Hepatitis B,1
2025,12,Rajasthan,Kala-Azar,1
2025,12,Rajasthan,Malaria,1
2025,12,Rajasthan,Pneumonia,1
2025,12,Rajasthan,Sickle Cell Anemia,1
2025,12,Rajasthan,Stroke,1
2025,12,Rajasthan,Swine Flu (H1N1),1
2025,12,Rajasthan,Thalassemia,1
2025,12,Sikkim,Japanese Encephalitis,1
2025,12,Tamil Nadu,Breast Cancer,1
2025,12,Tamil Nadu,COPD,2
2025,12,Tamil Nadu,COVID-19,2
2025,12,Tamil Nadu,Chronic Kidney Disease,1
2025,12,Tamil Nadu,Diarrhea,1
2025,12,Tamil Nadu,Filariasis,1
2025,12,Tamil Nadu,Hypertension,1
2025,12,Tamil Nadu,Japanese Encephalitis,2
2025,12,Tamil Nadu,Leptospirosis,1
2025,12,Tamil Nadu,Lung Cancer,3
2025,12,Tamil Nadu,Oral Cancer,1
2025,12,Tamil Nadu,Swine Flu (H1N1),1
2025,12,Tamil Nadu,Thalassemia,1
2025,12,Tamil Nadu,Typhoid,2
2025,12,Telangana,Asthma,1
2025,12,Telangana,Breast Cancer,2
2025,12,Telangana,COVID-19,1
2025,12,Telangana,Cholera,1
2025,12,Telangana,Chronic Kidney Disease,1
2025,12,Telangana,HIV/AIDS,2
2025,12,Telangana,Hepatitis B,1
2025,12,Telangana,Pneumonia,2
2025,12,Telangana,Stroke,1
2025,12,Tripura,Asthma,1
2025,12,Uttar Pradesh,Asthma,2
2025,12,Uttar Pradesh,Breast Cancer,1
2025,12,Uttar Pradesh,COPD,1
2025,12,Uttar Pradesh,COVID-19,1
2025,12,Uttar Pradesh,Cholera,1
2025,12,Uttar Pradesh,Chronic Kidney Disease,2
2025,12,Uttar Pradesh,Dengue,1
2025,12,Uttar Pradesh,Diabetes (Type 2),2
2025,12,Uttar Pradesh,Diarrhea,1
2025,12,Uttar Pradesh,HIV/AIDS,1
2025,12,Uttar Pradesh,Heart Disease,3
2025,12,Uttar Pradesh,Hepatitis B,1
2025,12,Uttar Pradesh,Hypertension,2
2025,12,Uttar Pradesh,Japanese Encephalitis,1
2025,12,Uttar Pradesh,Kala-Azar,1
2025,12,Uttar Pradesh,Leptospirosis,1
2025,12,Uttar Pradesh,Oral Cancer,3
2025,12,Uttar Pradesh,Pneumonia,1
2025,12,Uttar Pradesh,Sickle Cell Anemia,1
2025,12,Uttar Pradesh,Swine Flu (H1N1),2
2025,12,Uttar Pradesh,Thalassemia,1
2025,12,Uttar Pradesh,Typhoid,1
2025,12,West Bengal,COPD,2
2025,12,West Bengal,COVID-19,2
2025,12,West Bengal,Gastroenteritis,1
2025,12,West Bengal,Hypertension,1
2025,12,West Bengal,Japanese Encephalitis,1
2025,12,West Bengal,Oral Cancer,1
2025,12,West Bengal,Sickle Cell Anemia,2
2025,12,West Bengal,Swine Flu (H1N1),1
2025,12,West Bengal,Thalassemia,2
2025,12,West Bengal,Tuberculosis,1
2025,12,West Bengal,Typhoid,1
